ItemID_DE;ItemNoDE;EAN;ParentNo;ItemNameDE;RemarkDE/EN;Sales_Price_EUR;Is_StockItem;StockQtyEU;MSQ_EU;is_dim_weight_estimated;weight(g);length(mm);width(mm);height(mm);is_active;Überverkäufe möglich;Stückzahl teilbar;Versandgewicht(kg);Length;Breite;Höhe;TARIC-Code
12388;PT0176+L;7895646637917;;Drehrichtungsschalter inkl. Motor Zuleitung;;0;N;0;0;0;0;0;0;0;Y;N;N;0;0;0;0;8536500700
12387;TM-074;7897756383944;;Wippenschalter;;0;N;0;0;0;10;30;11;20;Y;N;N;0,01;3;1,1;2;8536500700
12386;75800;7899929886405;;Anschlusskabel intern für MZ 05;;6;N;0;0;0;10;120;0;0;Y;N;N;0,01;12;0;0;8544499390
12385;CMBM-001;7896422173551;;Klauenkupplung Alu D40 L55, Bohrung 25mm, Hälfte mit Passfedernut, nicht eloxiert, Toleranz -0.015 bis -0.035 mit Elastomer geschlossen;;8,21;N;0;0;0;70;40;40;15;Y;N;N;0,07;4;4;1,5;8483608090
12384;0080-0160;7892619242215;;Kreismesser Für Döner- / Gyros Roboter 160mm -  glatt PREMIUM;;15,36;N;0;0;0;90;160;160;10;Y;N;N;0,09;16;16;1;8208300000
12383;KM1801;7899121859863;;Kreismesser Potis 80P PREMIUM 20er Pack;;7,5;N;0;0;0;50;80;80;10;Y;N;N;0,05;8;8;1;
12382;0080-0200;7897611242263;;Kreismesser Für Döner- /Gyros Roboter Rodo 200mm -  glatt PREMIUM Rodo;;22,86;N;0;0;0;320;200;200;10;Y;N;N;0,32;20;20;1;8208300000
12381;1007142;7899431335934;;Quadermagnet aus Neodym-Eisen-Bor L40 B 25 H10mm vernickelt;;3,3;N;0;0;0;80;40;25;10;Y;N;N;0,08;4;2,5;1;8505111076
12380;0012-1230;7891472111218;;Verbrennungsgitter GU Modell 230 x 165mm;;2,47;N;0;0;0;140;230;165;10;Y;N;N;0,14;23;16,5;1;8487909090
12379;0012-1208;7894476672549;;Verbrennungsgitter K Modell 208 x155mm;;2,11;N;0;0;0;140;208;155;1;Y;N;N;0,15;20,8;15,5;0,1;8487909090
12378;0080-0140-RODO;7892633925002;;Kreismesser Für Döner- /Gyros Roboter Rodo 140mm -  glatt PREMIUM Rodo;;12,14;N;0;0;0;130;140;140;1;Y;N;N;0,15;14;14;0,1;8208300000
12377;DIMA-01;7895263081438;;Klauenkupplung D40L50 Bohrung Ø14H7, Passfedernut nach DIN 6885-1, Nabenbreite 5P9 mit Elastomer für Klauenkupplung D40L50 ROT Härte 98 SHA;;0;N;0;0;0;180;50;40;40;Y;N;N;0,18;5;4;4;8483608090
12376;POLY-01;7893766121125;;Federspannstift;;0;N;0;0;0;0;18;7;7;Y;N;N;0;1,8;0,7;0,7;8487909090
12375;4-012-05-12;7899604370700;;Stehlager ohne Gehäuse * LDK wertig ohne Schmierbohrung;;0;N;0;0;0;0;0;0;0;Y;N;N;0;0;0;0;8482109000
12374;4-012-05-11;7894797538067;;Blechgehäuse PP 204 * LDK wertig;;0;N;0;0;0;0;0;0;0;Y;N;N;0;0;0;0;8487909090
12373;PLA2006-11;7891952147119;;Finger -Eingriffschutz;;0,5;N;0;0;0;40;75;10;10;Y;N;Y;0,04;7,5;1;1;8487909090
12372;BOGA-01;7896002694995;;Niveauerfassung analog resistiv 33-240Ohm Hub 100mm;;32;N;0;0;0;100;25;25;100;Y;N;N;0,1;2,5;2,5;10;8536500700
12371;Roll-02;7896976951520;;Trapezgewindespindel Tr20X4 L220 C45, brüniert;;0;N;0;0;0;470;220;20;20;Y;N;N;0,47;22;2;2;8487909090
12370;Roll-01;7894095763116;;Trapezgewindemutter Tr20x4 C45 schwarz verzinkt;;0;N;0;0;0;210;58;58;22;Y;N;N;0,22;5,8;5,8;2,2;8487909090
12369;1718400 ?;7898223211852;;Stripper-Werkzeug 250x80x2mm glatt;;0;N;0;0;1;310;250;80;0,2;Y;N;Y;0,31;25;8;0,02;8208300000
12368;NOCK-01;7892448106108;;NOCK Kreismesser 200mm;;30;N;0;0;1;400;200;200;0;Y;N;N;0,4;20;20;0;8208300000
12367;DIN380SME-1000;7897406887754;;Trapezgewindespindel Tr8x2P2 DIN380 / ISO 2901-7e;;0;N;0;0;1;780;1000;8;8;Y;N;N;0,8;100;0,8;0,8;8487909090
12366;3694-0004;4283230509925;;Elastomerstern blau für CEYLAN Klauenkupplung D20L30 - K011111;;0,54;N;0;0;1;10;20;20;5;Y;N;N;0,01;2;2;0,5;8483608090
12365;3694-0006;7899271377675;;CEYLAN Klauenkupplung D20L30 - Hälfte 6mm - K011111;;1,24;N;0;0;1;10;19;20;20;Y;N;N;0,01;1,9;2;2;8483608090
12364;3694-0007;7897843782117;;CEYLAN Klauenkupplung D20L30 - Hälfte 10mm - K011111;;1,24;N;0;0;1;10;19;20;20;Y;N;N;0,01;1,9;2;2;8483608090
12363;PT0376;4251910703765;;Kabelverschraubung PG9 mit Gegenmutter;;0,57;N;0;0;1;20;30;20;20;Y;N;N;0,02;3;2;2;3925902000
12362;PT0176;7895359608167;;Drehrichtungsschalter;;0,45;N;0;0;0;10;14;31;35;Y;N;N;0,01;1,4;3,1;3,5;8536500700
12361;AF26-026;7891456411198;;Ball flange bearing UCFL 202 bore 15mm;;0;N;0;0;0;480;110;90;31;Y;N;N;0,48;11;9;3,1;8482109000
12360;Roll-03;4283230509420;;Aluminium Halter für Linienlaser Ø12mm B8;;5;N;0;0;1;10;60;15;10;Y;N;N;0,01;6;1,5;1;8487909090
12359;4300200;7890770297457;;Gleitlager mit Festschmierstoff 20 F7 / 28 m6 × 40 mm;;3,68;N;0;0;1;90;40;28;28;Y;N;N;0,09;4;2,8;2,8;8487909090
12358;3700210;7897059090303;;Welle d25 Linearführung Toleranz g9;;13,5;N;0;0;1;1300;340;25;25;Y;N;N;1,34;34;2,5;2,5;8487909090
12357;31621;7899054923068;;Kugelumlaufspindel MFL 200, SFU 2010 L320mm, hergestellt nach Zeichnung;;0;N;0;0;1;860;320;58;44;Y;N;N;0,89;32;5,8;4,4;8483403090
12356;10050081;4283230509024;;MUSSANA Anlaufkondensator 16µF 45x75mm M8 Gewinde;;0;N;0;0;1;100;45;45;75;Y;N;N;0,1;4,5;4,5;7,5;8532250000
12355;1909819;7890866608341;;KOMET Motorkondensator 60µF Ø55x125-M10 Gewindebolzen, ölgefüllt;;9,89;N;0;0;1;220;55;55;125;Y;N;N;0,22;5,5;5,5;12,5;8532250000
12354;1909776;4283230508829;;KOMET Motorkondensator 16µF Ø45x75, ölgefüllt;;3,97;N;0;0;1;100;45;45;75;Y;N;N;0,1;4,5;4,5;7,5;8532250000
12353;1909775;4283230508720;;KOMET Motorkondensator 8µF Ø40x65, ölgefüllt;;2,56;N;0;0;1;90;40;40;65;Y;N;N;0,1;4;4;6,5;8532250000
12352;1909661;7897536102390;;KOMET Netzfilter 10A;;0;N;0;0;1;60;75;50;30;Y;N;N;0,06;7,5;5;3;8536500700
12351;MON-BAU;7892181020655;;Montage Baugruppe GAS - K066666;;0;N;0;0;0;0;0;0;0;Y;N;N;0;0;0;0;
12350;BUE-250;4283230508324;;Kreismesser Ø250x06x100 - K083674;;30;N;0;0;1;200;250;250;0,6;Y;N;N;0,21;25;25;0,06;8208300000
12349;0012-2024;4283230508225;;Topband Motor 3570 24V - K011111;;49,57;N;0;0;1;350;105;35;35;Y;N;N;0,36;10,5;3,5;3,5;8501109958
12348;POT-KON-0220;4283230508126;;Kondensator MKT72 220nF (0,22uF)/630V - K066666;;0;N;0;0;1;10;25;10;10;Y;N;N;0,01;2,5;1;1;8532250000
12347;PT0169;7890041425893;;Untere Schiebemuffe mit Spießauflage komplett;;6,5;N;0;0;0;260;145;50;37;Y;N;N;0,27;14,5;5;3,7;8487909090
12346;PT0166;7895113995663;;Obere Schiebemuffe komplett;;7,5;N;0;0;0;310;145;50;43;Y;N;N;0,26;14,5;5;4,3;8487909090
12345;PT0206;4283230507822;;Einbausteckdose - K066666;;0;N;0;0;0;80;62;62;50;Y;N;N;0,08;6,2;6,2;5;8536699099
12344;0080-4200;4283230507723;;Kreismesser 1.4112 - 9C-  RODO 200mm - K011111;;11;N;0;0;1;200;200;200;15;Y;N;N;0,21;20;20;1,5;8208300000
12343;0012-0109;7891590167333;;Potis Spieß GD5 108cm;;0;N;0;0;1;1150;1090;12;12;Y;N;N;1,2;109;1,2;1,2;8487909090
12342;BG-PT0078;4283230507426;;Baugruppe Gasanschlussrohr 16 x 1.5 mit Bohrungen  DIN 10305-4, Messingteile aufgepresst, P ausgerichtet K066666;;12,72;Y;0;0;1;230;700;30;30;Y;N;N;0,25;70;3;3;7326909890
12341;POT-KON-0120;4251910701167;;Kondensator MKP 0,12 uF ?12 × 25 mm mit 10 cm Kabel 630 VDC 400 VAC - K066666;;1,07;N;0;0;1;10;12;12;25;Y;N;N;0,01;1,2;1,2;2,5;8532250000
12340;529;4283230507228;;RUND-/DÖNERMESSER GLATT Ø90mm 90D - K022222;;5,7;N;0;0;0;60;90;90;0,1;Y;N;N;0,06;9;9;0,01;8208300000
12339;506;4283230507129;;RUND-/DÖNERMESSER GLATT Ø120mm 120T - K022222;;7,6;N;0;0;1;120;120;120;0,1;Y;N;N;0,12;12;12;0,01;8208300000
12338;502;4283230507020;;RUND-/DÖNERMESSER GLATT Ø90mm 90U - K022222;;5,7;N;0;0;0;50;80;80;0,1;Y;N;N;0,05;8;8;0,01;8208300000
12337;501;4283230506924;;RUND-/DÖNERMESSER GEZAHNT Ø80mm 80U -  K022222;;6,5;N;0;0;0;50;80;80;0,1;Y;N;N;0,05;8;8;0,01;8208300000
12336;500;4283230506825;;RUND-/DÖNERMESSER GLATT Ø80mm 80U - K022222;;5,4;N;0;0;1;50;80;80;0,1;Y;N;N;0,05;8;8;0,01;8208300000
12335;BG-PT0078-E;4283230506726;;Baugruppe Gasanschlussrohr 16 x 1.5 mit Bohrungen Edelstahl V2A 304, Messingteile aufgepresst, P ausgerichtet K066666;;20,43;Y;0;0;1;230;700;30;30;Y;N;N;0,25;70;3;3;7326909890
12334;PT0078-E;4283230506627;;Gasanschlussrohr 16 x 1.5 mit Bohrungen Edelstahl V2A 304 K066666;;12;Y;0;0;1;170;16;16;600;Y;N;N;0,18;1,6;1,6;60;7326909890
12333;PT0078;7898601782738;;Gasanschlussrohr 16 x 1.5 mit Bohrungen DIN 10305-4 E235 (1.0308);;10;Y;0;0;1;170;620;16;16;Y;N;N;0,18;62;1,6;1,6;7326909890
12332;PT0032-E;4283230506429;;Ermetorohr 8x1  für GD3 und GD4 - 473mm Edelstahl V2A 304 K066666;;6;N;0;0;1;80;473;120;0,1;Y;N;N;0,08;47,3;12;0,01;7326909890
12331;PT0032;4283230506320;;Ermetorohr 8x1 DIN 10305-4 für GD3 und GD4 - 473mm K066666;;5;N;0;0;1;80;470;150;0,2;Y;N;N;0,08;47;15;0,02;7326909890
12330;4,28323E+12;4283230506221;;T8 Sechskant-Mutter mit Madenschraube;;2,36;N;0;0;1;10;13;13;6,5;Y;N;N;0,01;1,3;1,3;0,65;7318156290
12329;P-NT-GD-GF-BA-002;4283230506122;;Press Gas Übergangsmuffe Messing 16 x 1/2'', beschriftet P, Dichtring HNBR-gelb, K066666;;2,98;Y;1060;0;1;40;33,2;27,1;27,1;Y;N;N;0,05;3,32;2,71;2,71;8487909090
12328;P-NT-GD-GF-BA-001;4283230506023;;Press Gas Kappe Messing 16mm beschriftet P, Dichtring HNBR-gelb, 480 Stk / Karton, K066666;;2,73;Y;1060;0;1;20;19,7;19,7;23,8;Y;N;N;0,02;1,97;1,97;2,38;8487909090
12327;ONE-4283230505828;4283230505828;;Zahnrad Module 1.5 52 Teeth Polyketone, CNC;;6,36;N;0;0;1;50;81;81;23;Y;N;N;0,05;8,1;8,1;2,3;8483508090
12326;ONE-4283230505729;4283230505729;;Zahnrad Module 2 17 Teeth Polyketone, CNC;;6,59;N;0;0;1;20;38;38;15;Y;N;N;0,02;3,8;3,8;1,5;8483508090
12325;ONE-4283230505620;4283230505620;;Zahnrad Integralteil M1.5 52 Teeth auf M2 17 Teeth Polyketone, CNC;;0;N;0;0;1;100;81;81;50;Y;N;N;0,1;8,1;8,1;5;8483508090
12324;ONE-4283230505521;4283230505521;;Zahnrad Module 1.5 16 Teeth Polyketone, CNC;;6,33;N;0;0;1;20;27;27;23;Y;N;N;0,02;2,7;2,7;2,3;8483508090
12323;ONE-4283230505422;4283230505422;;Zahnrad Module 2 42 Teeth Polyketone, CNC;;9,25;N;0;0;1;50;88;88;15;Y;N;N;0,05;8,8;8,8;1,5;8483508090
12322;0012-2030;4283230505323;;Topband Motor 3570 30V - K011111;;49,57;N;0;0;1;340;97;35;35;Y;N;N;0,35;9,7;3,5;3,5;8501109958
12321;0012-2015;4283230505224;;Topband Motor 3570 15V K011111;;49,57;N;0;0;1;340;97;35;35;Y;N;N;0,35;9,7;3,5;3,5;8501109958
12320;37115;4283230505125;;Zahnriemenrad HTD3M-21-13.4-17.2-B8J6 eloxiert natur, eingesetzte Madenschraube DIN 914 M4x8 Stahl 12.9 Zolltarif 8483508090, Ursprung: CHINA, MONTI;;2,39;N;0;0;1;20;1720;240;1720;Y;N;N;0,02;172;24;172;8483508090
12319;6,23244E+12;6232438430904;V126-TMT;Trapezgewinde Mutter Tr30x6-C45-hex flange;;14,04;Y;0;0;1;500;60;60;49;Y;Y;N;0,52;6;6;4,9;7318156290
12318;6,23889E+12;6238888346369;V126-TMT;Trapezgewinde Mutter Tr24x5-C45-hex flange;;7,51;Y;0;0;1;400;50;50;34;Y;Y;N;0,41;5;5;3,4;7318156290
12317;6,23237E+12;6232367602892;V126-TMT;Trapezgewinde Mutter Tr20x4-C45-hex flange;;6,37;Y;0;0;1;200;40;40;30;Y;Y;N;0,21;4;4;3;7318156290
12316;6,23229E+12;6232286568330;V126-TMT;Trapezgewinde Mutter Tr16x4-C45-hex flange;;5,1;Y;0;0;1;200;35;35;24;Y;Y;N;0,21;3,5;3,5;2,4;7318156290
12315;6,23006E+12;6230061833246;V126-TMT;Trapezgewinde Mutter Tr36x6-C45-hex good;;8,73;Y;0;0;1;300;50;50;40;Y;Y;N;0,31;5;5;4;7318156290
12314;6,23962E+12;6239622170899;V126-TMT;Trapezgewinde Mutter Tr30x6-C45-hex good long;;16,57;Y;0;0;1;500;80;80;46;Y;Y;N;0,52;8;8;4,6;7318156290
12313;6,23004E+12;6230035158818;V126-TMT;Trapezgewinde Mutter Tr30x6-C45-hex good;;8,85;Y;0;0;1;400;46;46;40;Y;Y;N;0,41;4,6;4,6;4;7318156290
12312;6,23186E+12;6231860685074;V126-TMT;Trapezgewinde Mutter Tr20x4-C45-hex good long;;10,67;Y;0;0;1;200;60;60;30;Y;Y;N;0,21;6;6;3;7318156290
12311;6,23498E+12;6234977144908;V126-TMT;Trapezgewinde Mutter Tr20x4-C45-hex good;;5,25;Y;0;0;1;200;32;32;30;Y;Y;N;0,21;3,2;3,2;3;7318156290
12310;6,23541E+12;6235411303622;V126-TMT;Trapezgewinde Mutter Tr16x4-C45-hex good;;4,44;Y;0;0;1;150;27;27;24;Y;Y;N;0,15;2,7;2,7;2,4;7318156290
12309;6,23238E+12;6232375122443;V126-TMT;Trapezgewinde Mutter Tr12x3-C45-hex good;;3,79;Y;0;0;1;100;19;19;19;Y;Y;N;0,1;1,9;1,9;1,9;7318156290
12308;6,23251E+12;6232509170876;V126-TMT;Trapezgewinde Mutter Tr36x6-C45-hex;;7,9;Y;0;0;1;500;55;55;40;Y;Y;N;0,52;5,5;5,5;4;7318156290
12307;6,23019E+12;6230186894030;V126-TMT;Trapezgewinde Mutter Tr30x6-C45-hex;;7,07;Y;0;0;1;400;46;46;40;Y;Y;N;0,41;4,6;4,6;4;7318156290
12306;6,23179E+12;6231788617515;V126-TMT;Trapezgewinde Mutter Tr24x5-C45-hex;;5,36;Y;0;0;1;250;36;36;36;Y;Y;N;0,26;3,6;3,6;3,6;7318156290
12305;6,23393E+12;6233929793096;V126-TMT;Trapezgewinde Mutter Tr20x4-C45-hex long;;3,83;Y;0;0;1;200;30;30;30;Y;Y;N;0,21;3;3;3;7318156290
12304;6,23674E+12;6236735211389;V126-TMT;Trapezgewinde Mutter Tr20x4-C45-hex;;2,7;Y;0;0;1;200;30;30;20;Y;Y;N;0,21;3;3;2;7318156290
12303;6,23244E+12;6232437718690;V126-TMT;Trapezgewinde Mutter Tr16x4-C45-hex long;;2,92;Y;0;0;1;150;24;24;25;Y;Y;N;0,15;2,4;2,4;2,5;7318156290
12302;6,23907E+12;6239073471576;V126-TMT;Trapezgewinde Mutter Tr16x4-C45-hex;;2,47;Y;0;0;1;150;24;24;20;Y;Y;N;0,15;2,4;2,4;2;7318156290
12301;6,23863E+12;6238626599668;V126-TMT;Trapezgewinde Mutter Tr12x3-C45-hex;;1,75;Y;0;0;1;100;22;22;12;Y;Y;N;0,1;2,2;2,2;1,2;7318156290
12300;6,23482E+12;6234815051597;V126-TMT;Trapezgewinde Mutter Tr36x6-C45-round long;;17,56;Y;0;0;1;700;60;60;70;Y;Y;N;0,72;6;6;7;7318156290
12299;6,23783E+12;6237825861071;V126-TMT;Trapezgewinde Mutter Tr30x6-C45-round long;;16,11;Y;0;0;1;600;60;60;70;Y;Y;N;0,62;6;6;7;7318156290
12298;6,23557E+12;6235570087746;V126-TMT;Trapezgewinde Mutter Tr20x4-C45-round long;;11,64;Y;0;0;1;350;40;40;60;Y;Y;N;0,36;4;4;6;7318156290
12297;6,23768E+12;6237682896971;V126-TMT;Trapezgewinde Mutter Tr36x6-C45-round;;9,04;Y;0;0;1;500;60;60;42;Y;Y;N;0,52;6;6;4,2;7318156290
12296;6,23205E+12;6232045604002;V126-TMT;Trapezgewinde Mutter Tr30x6-C45-round;;7,71;Y;0;0;1;400;50;50;42;Y;Y;N;0,41;5;5;4,2;7318156290
12295;6,23207E+12;6232070101835;V126-TMT;Trapezgewinde Mutter Tr24x5-C45-round;;6,31;Y;0;0;1;250;45;45;40;Y;Y;N;0,26;4,5;4,5;4;7318156290
12294;6,23868E+12;6238683942957;V126-TMT;Trapezgewinde Mutter Tr20x4-C45-round;;4,81;Y;0;0;1;200;40;40;35;Y;Y;N;0,21;4;4;3,5;7318156290
12293;6,23106E+12;6231055910561;V126-TMT;Trapezgewinde Mutter Tr16x4-C45-round;;4,7;Y;0;0;1;150;35;35;32;Y;Y;N;0,15;3,5;3,5;3,2;7318156290
12292;6,2369E+12;6236898722708;V126-TMT;Trapezgewinde Mutter Tr12x3-C45-round;;3,81;Y;0;0;1;150;30;30;25;Y;Y;N;0,15;3;3;2,5;7318156290
12291;6,23006E+12;6230063106324;V126-TMT;Trapezgewinde Mutter Tr10x2-C45-round;;3,46;Y;0;0;1;100;30;30;25;Y;Y;N;0,1;3;3;2,5;7318156290
12290;6,23265E+12;6232646989058;V126-TMT;Trapezgewinde Mutter Tr8x2-C45-round;;3,27;Y;0;0;1;100;26;26;25;Y;Y;N;0,1;2,6;2,6;2,5;7318156290
12289;6,23078E+12;6230782341389;V126-TMT;Trapezgewinde Mutter Tr36x6-brass-flange cut;;25,32;Y;0;0;1;400;70;70;54;Y;Y;N;0,41;7;7;5,4;7318156290
12288;6,23637E+12;6236369576304;V126-TMT;Trapezgewinde Mutter Tr30x6-brass-flange cut;;13,38;Y;0;0;1;300;62;62;43;Y;Y;N;0,31;6,2;6,2;4,3;7318156290
12287;6,2375E+12;6237497282822;V126-TMT;Trapezgewinde Mutter Tr24x5-brass-flange cut;;10,05;Y;0;0;1;250;53;53;40;Y;Y;N;0,26;5,3;5,3;4;7318156290
12286;6,23134E+12;6231340855379;V126-TMT;Trapezgewinde Mutter Tr20x4-brass-flange cut;;7,32;Y;0;0;1;200;44;44;32;Y;Y;N;0,21;4,4;4,4;3,2;7318156290
12285;6,23999E+12;6239991629110;V126-TMT;Trapezgewinde Mutter Tr16x4-brass-flange cut;;6,56;Y;0;0;1;150;40;40;28;Y;Y;N;0,15;4;4;2,8;7318156290
12284;6,23575E+12;6235747541149;V126-TMT;Trapezgewinde Mutter Tr12x3-brass-flange cut;;4,5;Y;0;0;1;100;36;36;24;Y;Y;N;0,1;3,6;3,6;2,4;7318156290
12283;6,23963E+12;6239633367837;V126-TMT;Trapezgewinde Mutter Tr10x2-brass-flange cut;;3,97;Y;0;0;1;100;32;32;19;Y;Y;N;0,1;3,2;3,2;1,9;7318156290
12282;6,23253E+12;6232530214587;V126-TMT;Trapezgewinde Mutter Tr36x6-brass-flange;;22,67;Y;0;0;1;400;70;70;54;Y;Y;N;0,41;7;7;5,4;7318156290
12281;6,23894E+12;6238944176183;V126-TMT;Trapezgewinde Mutter Tr30x6-brass-flange;;13,05;Y;0;0;1;300;62;62;43;Y;Y;N;0,31;6,2;6,2;4,3;7318156290
12280;6,23751E+12;6237506028151;V126-TMT;Trapezgewinde Mutter Tr24x5-brass-flange;;10,05;Y;0;0;1;250;53;53;40;Y;Y;N;0,26;5,3;5,3;4;7318156290
12279;6,23774E+12;6237743426567;V126-TMT;Trapezgewinde Mutter Tr20x4-brass-flange;;7,13;Y;0;0;1;200;44;44;32;Y;Y;N;0,21;4,4;4,4;3,2;7318156290
12278;6,23534E+12;6235338398091;V126-TMT;Trapezgewinde Mutter Tr16x4-brass-flange;;5,86;Y;0;0;1;150;40;40;28;Y;Y;N;0,15;4;4;2,8;7318156290
12277;6,23489E+12;6234891423240;V126-TMT;Trapezgewinde Mutter Tr12x3-brass-flange;;4,5;Y;0;0;1;80;36;36;24;Y;Y;N;0,08;3,6;3,6;2,4;7318156290
12276;6,23182E+12;6231819166098;V126-TMT;Trapezgewinde Mutter Tr10x2-brass-flange;;3,72;Y;0;0;1;70;32;32;19;Y;Y;N;0,07;3,2;3,2;1,9;7318156290
12275;6,2392E+12;6239197900068;;Trapezgewinde Mutter Tr8x8-brass-flange;;1,97;Y;0;0;1;50;22;22;15;Y;Y;Y;0,05;2,2;2,2;1,5;7318156290
12274;6,23038E+12;6230376502080;;Trapezgewinde Mutter Tr8x4-brass-flange;;1,97;Y;0;0;1;50;22;22;15;Y;Y;Y;0,05;2,2;2,2;1,5;7318156290
12273;6,2301E+12;6230100400798;V126-TMT;Trapezgewinde Mutter Tr8x2-brass-flange;;1,97;Y;0;0;1;50;22;22;15;Y;Y;N;0,05;2,2;2,2;1,5;7318156290
12271;6,23625E+12;6236247442479;V101-TMT;Trapezgewindetrieb ISO DIN 103 Tr36x6 mit Bearbeitung-V2A Edelstahl-Individuell;;18,07;Y;0;0;1;6000;1000;36;36;Y;Y;N;6,18;100;3,6;3,6;7318156290
12270;6,23226E+12;6232261668871;V101-TMT;Trapezgewindetrieb ISO DIN 103 Tr36x6 mit Bearbeitung-C45 Stahl-Individuell;;17,78;Y;0;0;1;5900;1000;36;36;Y;Y;N;6,08;100;3,6;3,6;7318156290
12269;6,23873E+12;6238734459526;V101-TMT;Trapezgewindetrieb ISO DIN 103 Tr30x6 mit Bearbeitung-V2A Edelstahl-Individuell;;15,14;Y;0;0;1;5000;1000;30;30;Y;Y;N;5,15;100;3;3;7318156290
12268;6,23734E+12;6237344289127;V101-TMT;Trapezgewindetrieb ISO DIN 103 Tr30x6 mit Bearbeitung-C45 Stahl-Individuell;;14,55;Y;0;0;1;4800;1000;30;30;Y;Y;N;4,94;100;3;3;7318156290
12267;6,23961E+12;6239607657964;V101-TMT;Trapezgewindetrieb ISO DIN 103 Tr24x5 mit Bearbeitung-V2A Edelstahl-Individuell;;9,7;Y;0;0;1;3150;1000;24;24;Y;Y;N;3,24;100;2,4;2,4;7318156290
12266;6,23433E+12;6234333261836;V101-TMT;Trapezgewindetrieb ISO DIN 103 Tr24x5 mit Bearbeitung-C45 Stahl-Individuell;;9,26;Y;0;0;1;3000;1000;24;24;Y;Y;N;3,09;100;2,4;2,4;7318156290
12265;6,2372E+12;6237203974751;V101-TMT;Trapezgewindetrieb ISO DIN 103 Tr20x4 mit Bearbeitung-V2A Edelstahl-Individuell;;6,94;Y;0;0;1;2210;1000;20;20;Y;Y;N;2,28;100;2;2;7318156290
12264;6,23986E+12;6239860048233;V101-TMT;Trapezgewindetrieb ISO DIN 103 Tr20x4 mit Bearbeitung-C45 Stahl-Individuell;;6,62;Y;0;0;1;2100;1000;20;20;Y;Y;N;2,16;100;2;2;7318156290
12263;6,23085E+12;6230846957594;V101-TMT;Trapezgewindetrieb ISO DIN 103 Tr16x4 mit Bearbeitung-V2A Edelstahl-Individuell;;5,24;Y;0;0;1;1630;1000;16;16;Y;Y;N;1,68;100;1,6;1,6;7318156290
12262;6,23202E+12;6232024425338;V101-TMT;Trapezgewindetrieb ISO DIN 103 Tr16x4 mit Bearbeitung-C45 Stahl-Individuell;;5;Y;0;0;1;1550;1000;16;16;Y;Y;N;1,6;100;1,6;1,6;7318156290
12261;6,23463E+12;6234631360842;V101-TMT;Trapezgewindetrieb ISO DIN 103 Tr12x3 mit Bearbeitung-V2A Edelstahl-Individuell;;3,56;Y;0;0;1;1060;1000;12;12;Y;Y;N;1,09;100;1,2;1,2;7318156290
12260;6,23324E+12;6233244862378;V101-TMT;Trapezgewindetrieb ISO DIN 103 Tr12x3 mit Bearbeitung-C45 Stahl-Individuell;;3,42;Y;0;0;1;1010;1000;12;12;Y;Y;N;1,04;100;1,2;1,2;7318156290
12259;6,23176E+12;6231760311783;V101-TMT;Trapezgewindetrieb ISO DIN 103 Tr10x2 mit Bearbeitung-V2A Edelstahl-Individuell;;2,86;Y;0;0;1;820;1000;10;10;Y;Y;N;0,84;100;1;1;7318156290
12258;6,23413E+12;6234130354229;V101-TMT;Trapezgewindetrieb ISO DIN 103 Tr10x2 mit Bearbeitung-C45 Stahl-Individuell;;2,74;Y;0;0;1;780;1000;10;10;Y;Y;N;0,8;100;1;1;7318156290
12257;6,23163E+12;6231634005787;V101-TMT;Trapezgewindetrieb ISO DIN 103 Tr8x2 mit Bearbeitung-V2A Edelstahl-Individuell;;2,74;Y;0;0;1;780;1000;8;8;Y;Y;N;0,8;100;0,8;0,8;7318156290
12256;6,23616E+12;6236163644698;V101-TMT;Trapezgewindetrieb ISO DIN 103 Tr8x2 mit Bearbeitung-C45 Stahl-Individuell;;2,51;Y;0;0;1;700;1000;8;8;Y;Y;N;0,72;100;0,8;0,8;7318156290
12255;6,23984E+12;6239836692774;V101-TMT;Trapezgewindetrieb ISO DIN 103 Tr36x6-V2A Edelstahl-Individuell;;18,07;Y;0;0;1;6000;1000;36;36;Y;Y;N;6,18;100;3,6;3,6;7318156290
12254;6,23612E+12;6236120335904;V101-TMT;Trapezgewindetrieb ISO DIN 103 Tr36x6-C45 Stahl-Individuell;;17,78;Y;0;0;1;5900;1000;36;36;Y;Y;N;6,08;100;3,6;3,6;7318156290
12253;6,23361E+12;6233610272664;V101-TMT;Trapezgewindetrieb ISO DIN 103 Tr30x6-V2A Edelstahl-Individuell;;15,14;Y;0;0;1;5000;1000;30;30;Y;Y;N;5,15;100;3;3;7318156290
12252;6,23984E+12;6239840540993;V101-TMT;Trapezgewindetrieb ISO DIN 103 Tr30x6-C45 Stahl-Individuell;;14,55;Y;0;0;1;4800;1000;30;30;Y;Y;N;4,94;100;3;3;7318156290
12251;6,23585E+12;6235847265839;V101-TMT;Trapezgewindetrieb ISO DIN 103 Tr24x5-V2A Edelstahl-Individuell;;9,7;Y;0;0;1;3150;1000;24;24;Y;Y;N;3,24;100;2,4;2,4;7318156290
12250;6,23641E+12;6236408420186;V101-TMT;Trapezgewindetrieb ISO DIN 103 Tr24x5-C45 Stahl-Individuell;;9,26;Y;0;0;1;3000;1000;24;24;Y;Y;N;3,09;100;2,4;2,4;7318156290
12249;6,23387E+12;6233874869013;V101-TMT;Trapezgewindetrieb ISO DIN 103 Tr20x4-V2A Edelstahl-Individuell;;6,94;Y;0;0;1;2210;1000;20;20;Y;Y;N;2,28;100;2;2;7318156290
12248;6,23856E+12;6238557272869;V101-TMT;Trapezgewindetrieb ISO DIN 103 Tr20x4-C45 Stahl-Individuell;;6,62;Y;0;0;1;2100;1000;20;20;Y;Y;N;2,16;100;2;2;7318156290
12247;6,23038E+12;6230384443023;V101-TMT;Trapezgewindetrieb ISO DIN 103 Tr16x4-V2A Edelstahl-Individuell;;5,24;Y;0;0;1;1630;1000;16;16;Y;Y;N;1,68;100;1,6;1,6;7318156290
12246;6,23833E+12;6238330061093;V101-TMT;Trapezgewindetrieb ISO DIN 103 Tr16x4-C45 Stahl-Individuell;;5;Y;0;0;1;1550;1000;16;16;Y;Y;N;1,6;100;1,6;1,6;7318156290
12245;6,23099E+12;6230993713579;V101-TMT;Trapezgewindetrieb ISO DIN 103 Tr12x3-V2A Edelstahl-Individuell;;3,56;Y;0;0;1;1060;1000;12;12;Y;Y;N;1,09;100;1,2;1,2;7318156290
12244;6,23674E+12;6236736009848;V101-TMT;Trapezgewindetrieb ISO DIN 103 Tr12x3-C45 Stahl-Individuell;;3,42;Y;0;0;1;1010;1000;12;12;Y;Y;N;1,04;100;1,2;1,2;7318156290
12243;6,23378E+12;6233778319133;V101-TMT;Trapezgewindetrieb ISO DIN 103 Tr10x2-V2A Edelstahl-Individuell;;2,86;Y;0;0;1;820;1000;10;10;Y;Y;N;0,84;100;1;1;7318156290
12242;6,23963E+12;6239627371482;V101-TMT;Trapezgewindetrieb ISO DIN 103 Tr10x2-C45 Stahl-Individuell;;2,74;Y;0;0;1;780;1000;10;10;Y;Y;N;0,8;100;1;1;7318156290
12241;6,23491E+12;6234907011034;V101-TMT;Trapezgewindetrieb ISO DIN 103 Tr8x2-V2A Edelstahl-Individuell;;2,74;Y;0;0;1;780;1000;8;8;Y;Y;N;0,8;100;0,8;0,8;7318156290
12240;6,23116E+12;6231158256290;V101-TMT;Trapezgewindetrieb ISO DIN 103 Tr8x2-C45 Stahl-Individuell;;2,51;Y;0;0;1;700;1000;8;8;Y;Y;N;0,72;100;0,8;0,8;7318156290
12239;6,23501E+12;6235006014445;V101-TMT;Trapezgewindetrieb ISO DIN 103 Tr36x6 mit Bearbeitung-V2A Edelstahl-2000;;302,08;Y;0;0;1;12000;2000;36;36;Y;Y;N;12,36;200;3,6;3,6;7318156290
12238;6,23559E+12;6235586998401;V101-TMT;Trapezgewindetrieb ISO DIN 103 Tr36x6 mit Bearbeitung-V2A Edelstahl-1500;;236,24;Y;0;0;1;9000;1500;36;36;Y;Y;N;9,27;150;3,6;3,6;7318156290
12237;6,23356E+12;6233563492911;V101-TMT;Trapezgewindetrieb ISO DIN 103 Tr36x6 mit Bearbeitung-V2A Edelstahl-1000;;181,23;Y;0;0;1;6000;1000;36;36;Y;Y;N;6,18;100;3,6;3,6;7318156290
12236;6,23749E+12;6237488199535;V101-TMT;Trapezgewindetrieb ISO DIN 103 Tr36x6 mit Bearbeitung-C45 Stahl-2000;;224,31;Y;0;0;1;11800;2000;36;36;Y;Y;N;12,15;200;3,6;3,6;7318156290
12235;6,2306E+12;6230595796758;V101-TMT;Trapezgewindetrieb ISO DIN 103 Tr36x6 mit Bearbeitung-C45 Stahl-1500;;184,41;Y;0;0;1;8850;1500;36;36;Y;Y;N;9,12;150;3,6;3,6;7318156290
12234;6,23228E+12;6232280908163;V101-TMT;Trapezgewindetrieb ISO DIN 103 Tr36x6 mit Bearbeitung-C45 Stahl-1000;;136,69;Y;0;0;1;5900;1000;36;36;Y;Y;N;6,08;100;3,6;3,6;7318156290
12233;6,23828E+12;6238275920509;V101-TMT;Trapezgewindetrieb ISO DIN 103 Tr36x6 mit Bearbeitung-C45 Stahl-800;;117,6;Y;0;0;1;4720;800;36;36;Y;Y;N;4,86;80;3,6;3,6;7318156290
12232;6,23382E+12;6233817500140;V101-TMT;Trapezgewindetrieb ISO DIN 103 Tr36x6 mit Bearbeitung-C45 Stahl-500;;91,28;Y;0;0;1;2950;500;36;36;Y;Y;N;3,04;50;3,6;3,6;7318156290
12231;6,23143E+12;6231427123216;V101-TMT;Trapezgewindetrieb ISO DIN 103 Tr30x6 mit Bearbeitung-V2A Edelstahl-2000;;216,12;Y;0;0;1;10000;2000;30;30;Y;Y;N;10,3;200;3;3;7318156290
12230;6,23108E+12;6231077716974;V101-TMT;Trapezgewindetrieb ISO DIN 103 Tr30x6 mit Bearbeitung-V2A Edelstahl-1800;;205,04;Y;0;0;1;9000;1800;30;30;Y;Y;N;9,27;180;3;3;7318156290
12229;6,23395E+12;6233952406369;V101-TMT;Trapezgewindetrieb ISO DIN 103 Tr30x6 mit Bearbeitung-V2A Edelstahl-1500;;177,07;Y;0;0;1;7500;1500;30;30;Y;Y;N;7,73;150;3;3;7318156290
12228;6,23893E+12;6238932087248;V101-TMT;Trapezgewindetrieb ISO DIN 103 Tr30x6 mit Bearbeitung-V2A Edelstahl-1150;;144,43;Y;0;0;1;5750;1150;30;30;Y;Y;N;5,92;115;3;3;7318156290
12227;6,23201E+12;6232006878862;V101-TMT;Trapezgewindetrieb ISO DIN 103 Tr30x6 mit Bearbeitung-V2A Edelstahl-1000;;130,44;Y;0;0;1;5000;1000;30;30;Y;Y;N;5,15;100;3;3;7318156290
12226;6,23344E+12;6233435437743;V101-TMT;Trapezgewindetrieb ISO DIN 103 Tr30x6 mit Bearbeitung-V2A Edelstahl-800;;114,73;Y;0;0;1;4000;800;30;30;Y;Y;N;4,12;80;3;3;7318156290
12225;6,23894E+12;6238935135243;V101-TMT;Trapezgewindetrieb ISO DIN 103 Tr30x6 mit Bearbeitung-V2A Edelstahl-500;;86,02;Y;0;0;1;2500;500;30;30;Y;Y;N;2,58;50;3;3;7318156290
12224;6,23433E+12;6234327925898;V101-TMT;Trapezgewindetrieb ISO DIN 103 Tr30x6 mit Bearbeitung-C45 Stahl-2600;;203,08;Y;0;0;1;12480;2600;30;30;Y;Y;N;12,85;260;3;3;7318156290
12223;6,23007E+12;6230066021815;V101-TMT;Trapezgewindetrieb ISO DIN 103 Tr30x6 mit Bearbeitung-C45 Stahl-2400;;190,31;Y;0;0;1;11520;2400;30;30;Y;Y;N;11,87;240;3;3;7318156290
12222;6,23267E+12;6232672493826;V101-TMT;Trapezgewindetrieb ISO DIN 103 Tr30x6 mit Bearbeitung-C45 Stahl-2200;;177,56;Y;0;0;1;10560;2200;30;30;Y;Y;N;10,88;220;3;3;7318156290
12221;6,23774E+12;6237736389503;V101-TMT;Trapezgewindetrieb ISO DIN 103 Tr30x6 mit Bearbeitung-C45 Stahl-2000;;164,8;Y;0;0;1;9600;2000;30;30;Y;Y;N;9,89;200;3;3;7318156290
12220;6,23054E+12;6230544555702;V101-TMT;Trapezgewindetrieb ISO DIN 103 Tr30x6 mit Bearbeitung-C45 Stahl-1800;;152,05;Y;0;0;1;8640;1800;30;30;Y;Y;N;8,9;180;3;3;7318156290
12219;6,23895E+12;6238952459384;V101-TMT;Trapezgewindetrieb ISO DIN 103 Tr30x6 mit Bearbeitung-C45 Stahl-1500;;132,9;Y;0;0;1;7200;1500;30;30;Y;Y;N;7,42;150;3;3;7318156290
12218;6,23712E+12;6237118420947;V101-TMT;Trapezgewindetrieb ISO DIN 103 Tr30x6 mit Bearbeitung-C45 Stahl-1150;;113,47;Y;0;0;1;5520;1150;30;30;Y;Y;N;5,69;115;3;3;7318156290
12217;6,23372E+12;6233723982559;V101-TMT;Trapezgewindetrieb ISO DIN 103 Tr30x6 mit Bearbeitung-C45 Stahl-1000;;103,64;Y;0;0;1;4800;1000;30;30;Y;Y;N;4,94;100;3;3;7318156290
12216;6,23742E+12;6237418416862;V101-TMT;Trapezgewindetrieb ISO DIN 103 Tr30x6 mit Bearbeitung-C45 Stahl-800;;90,56;Y;0;0;1;3840;800;30;30;Y;Y;N;3,96;80;3;3;7318156290
12215;6,23751E+12;6237509946186;V101-TMT;Trapezgewindetrieb ISO DIN 103 Tr30x6 mit Bearbeitung-C45 Stahl-500;;72,71;Y;0;0;1;2400;500;30;30;Y;Y;N;2,47;50;3;3;7318156290
12214;6,23709E+12;6237094444722;V101-TMT;Trapezgewindetrieb ISO DIN 103 Tr24x5 mit Bearbeitung-V2A Edelstahl-2000;;151,27;Y;0;0;1;5280;2000;24;24;Y;Y;N;5,44;200;2,4;2,4;7318156290
12213;6,23477E+12;6234774170414;V101-TMT;Trapezgewindetrieb ISO DIN 103 Tr24x5 mit Bearbeitung-V2A Edelstahl-1800;;139,07;Y;0;0;1;4950;1800;24;24;Y;Y;N;5,1;180;2,4;2,4;7318156290
12212;6,23286E+12;6232861507891;V101-TMT;Trapezgewindetrieb ISO DIN 103 Tr24x5 mit Bearbeitung-V2A Edelstahl-1600;;126,85;Y;0;0;1;4600;1600;24;24;Y;Y;N;4,74;160;2,4;2,4;7318156290
12211;6,23687E+12;6236870478487;V101-TMT;Trapezgewindetrieb ISO DIN 103 Tr24x5 mit Bearbeitung-V2A Edelstahl-1500;;120,56;Y;0;0;1;4270;1500;24;24;Y;Y;N;4,4;150;2,4;2,4;7318156290
12210;6,23713E+12;6237126843516;V101-TMT;Trapezgewindetrieb ISO DIN 103 Tr24x5 mit Bearbeitung-V2A Edelstahl-1300;;111,2;Y;0;0;1;3940;1300;24;24;Y;Y;N;4,06;130;2,4;2,4;7318156290
12209;6,23436E+12;6234357899978;V101-TMT;Trapezgewindetrieb ISO DIN 103 Tr24x5 mit Bearbeitung-V2A Edelstahl-1150;;101,7;Y;0;0;1;3590;1150;24;24;Y;Y;N;3,7;115;2,4;2,4;7318156290
12208;6,23978E+12;6239775863488;V101-TMT;Trapezgewindetrieb ISO DIN 103 Tr24x5 mit Bearbeitung-V2A Edelstahl-1000;;92,11;Y;0;0;1;3150;1000;24;24;Y;Y;N;3,24;100;2,4;2,4;7318156290
12207;6,23722E+12;6237217787644;V101-TMT;Trapezgewindetrieb ISO DIN 103 Tr24x5 mit Bearbeitung-C45 Stahl-2600;;136,4;Y;0;0;1;6100;2600;24;24;Y;Y;N;6,28;260;2,4;2,4;7318156290
12206;6,23028E+12;6230278282578;V101-TMT;Trapezgewindetrieb ISO DIN 103 Tr24x5 mit Bearbeitung-C45 Stahl-2400;;128,15;Y;0;0;1;5770;2400;24;24;Y;Y;N;5,94;240;2,4;2,4;7318156290
12205;6,23123E+12;6231229006519;V101-TMT;Trapezgewindetrieb ISO DIN 103 Tr24x5 mit Bearbeitung-C45 Stahl-2200;;119,9;Y;0;0;1;5440;2200;24;24;Y;Y;N;5,6;220;2,4;2,4;7318156290
12204;6,23805E+12;6238051571710;V101-TMT;Trapezgewindetrieb ISO DIN 103 Tr24x5 mit Bearbeitung-C45 Stahl-2000;;114,58;Y;0;0;1;5110;2000;24;24;Y;Y;N;5,26;200;2,4;2,4;7318156290
12203;6,23972E+12;6239722297106;V101-TMT;Trapezgewindetrieb ISO DIN 103 Tr24x5 mit Bearbeitung-C45 Stahl-1800;;106,12;Y;0;0;1;4780;1800;24;24;Y;Y;N;4,92;180;2,4;2,4;7318156290
12202;6,23269E+12;6232686434860;V101-TMT;Trapezgewindetrieb ISO DIN 103 Tr24x5 mit Bearbeitung-C45 Stahl-1600;;97,6;Y;0;0;1;4430;1600;24;24;Y;Y;N;4,56;160;2,4;2,4;7318156290
12201;6,23571E+12;6235709006075;V101-TMT;Trapezgewindetrieb ISO DIN 103 Tr24x5 mit Bearbeitung-C45 Stahl-1500;;93,19;Y;0;0;1;4100;1500;24;24;Y;Y;N;4,22;150;2,4;2,4;7318156290
12200;6,23608E+12;6236076684712;V101-TMT;Trapezgewindetrieb ISO DIN 103 Tr24x5 mit Bearbeitung-C45 Stahl-1300;;84,73;Y;0;0;1;3770;1300;24;24;Y;Y;N;3,88;130;2,4;2,4;7318156290
12199;6,23004E+12;6230042868984;V101-TMT;Trapezgewindetrieb ISO DIN 103 Tr24x5 mit Bearbeitung-C45 Stahl-1150;;78,27;Y;0;0;1;3430;1150;24;24;Y;Y;N;3,53;115;2,4;2,4;7318156290
12198;6,23145E+12;6231449342084;V101-TMT;Trapezgewindetrieb ISO DIN 103 Tr24x5 mit Bearbeitung-C45 Stahl-1000;;73,53;Y;0;0;1;3000;1000;24;24;Y;Y;N;3,09;100;2,4;2,4;7318156290
12197;6,2303E+12;6230303814071;V101-TMT;Trapezgewindetrieb ISO DIN 103 Tr20x4 mit Bearbeitung-V2A Edelstahl-2000;;113,89;Y;0;0;1;4430;2000;20;20;Y;Y;N;4,56;200;2;2;7318156290
12196;6,2349E+12;6234897574359;V101-TMT;Trapezgewindetrieb ISO DIN 103 Tr20x4 mit Bearbeitung-V2A Edelstahl-1800;;104,44;Y;0;0;1;3780;1800;20;20;Y;Y;N;3,89;180;2;2;7318156290
12195;6,23542E+12;6235422427218;V101-TMT;Trapezgewindetrieb ISO DIN 103 Tr20x4 mit Bearbeitung-V2A Edelstahl-1600;;95,43;Y;0;0;1;3530;1600;20;20;Y;Y;N;3,64;160;2;2;7318156290
12194;6,23449E+12;6234487214481;V101-TMT;Trapezgewindetrieb ISO DIN 103 Tr20x4 mit Bearbeitung-V2A Edelstahl-1500;;90,8;Y;0;0;1;3310;1500;20;20;Y;Y;N;3,41;150;2;2;7318156290
12193;6,2378E+12;6237804268624;V101-TMT;Trapezgewindetrieb ISO DIN 103 Tr20x4 mit Bearbeitung-V2A Edelstahl-1300;;81,59;Y;0;0;1;2870;1300;20;20;Y;Y;N;2,96;130;2;2;7318156290
12192;6,23677E+12;6236770613247;V101-TMT;Trapezgewindetrieb ISO DIN 103 Tr20x4 mit Bearbeitung-V2A Edelstahl-1150;;74,66;Y;0;0;1;2540;1150;20;20;Y;Y;N;2,62;115;2;2;7318156290
12191;6,23047E+12;6230466829660;V101-TMT;Trapezgewindetrieb ISO DIN 103 Tr20x4 mit Bearbeitung-V2A Edelstahl-1000;;69,48;Y;0;0;1;2210;1000;20;20;Y;Y;N;2,28;100;2;2;7318156290
12190;6,23757E+12;6237571753309;V101-TMT;Trapezgewindetrieb ISO DIN 103 Tr20x4 mit Bearbeitung-C45 Stahl-2600;;103,47;Y;0;0;1;5470;2600;20;20;Y;Y;N;5,63;260;2;2;7318156290
12189;6,23409E+12;6234091566112;V101-TMT;Trapezgewindetrieb ISO DIN 103 Tr20x4 mit Bearbeitung-C45 Stahl-2400;;97,17;Y;0;0;1;5050;2400;20;20;Y;Y;N;5,2;240;2;2;7318156290
12188;6,23867E+12;6238674313582;V101-TMT;Trapezgewindetrieb ISO DIN 103 Tr20x4 mit Bearbeitung-C45 Stahl-2200;;90,87;Y;0;0;1;4630;2200;20;20;Y;Y;N;4,77;220;2;2;7318156290
12187;6,23754E+12;6237539785663;V101-TMT;Trapezgewindetrieb ISO DIN 103 Tr20x4 mit Bearbeitung-C45 Stahl-2000;;84,57;Y;0;0;1;4210;2000;20;20;Y;Y;N;4,34;200;2;2;7318156290
12186;6,23375E+12;6233751442476;V101-TMT;Trapezgewindetrieb ISO DIN 103 Tr20x4 mit Bearbeitung-C45 Stahl-1800;;78,03;Y;0;0;1;3580;1800;20;20;Y;Y;N;3,69;180;2;2;7318156290
12185;6,23796E+12;6237960411087;V101-TMT;Trapezgewindetrieb ISO DIN 103 Tr20x4 mit Bearbeitung-C45 Stahl-1600;;73,79;Y;0;0;1;3360;1600;20;20;Y;Y;N;3,46;160;2;2;7318156290
12184;6,23894E+12;6238937760610;V101-TMT;Trapezgewindetrieb ISO DIN 103 Tr20x4 mit Bearbeitung-C45 Stahl-1500;;70,58;Y;0;0;1;3150;1500;20;20;Y;Y;N;3,24;150;2;2;7318156290
12183;6,23381E+12;6233806057716;V101-TMT;Trapezgewindetrieb ISO DIN 103 Tr20x4 mit Bearbeitung-C45 Stahl-1300;;64,11;Y;0;0;1;2720;1300;20;20;Y;Y;N;2,8;130;2;2;7318156290
12182;6,23511E+12;6235106593116;V101-TMT;Trapezgewindetrieb ISO DIN 103 Tr20x4 mit Bearbeitung-C45 Stahl-1150;;60,72;Y;0;0;1;2410;1150;20;20;Y;Y;N;2,48;115;2;2;7318156290
12181;6,2325E+12;6232503925649;V101-TMT;Trapezgewindetrieb ISO DIN 103 Tr20x4 mit Bearbeitung-C45 Stahl-1000;;55,78;Y;0;0;1;2100;1000;20;20;Y;Y;N;2,16;100;2;2;7318156290
12180;6,23419E+12;6234189508574;V101-TMT;Trapezgewindetrieb ISO DIN 103 Tr16x4 mit Bearbeitung-V2A Edelstahl-2000;;93,24;Y;0;0;1;3260;2000;16;16;Y;Y;N;3,36;200;1,6;1,6;7318156290
12179;6,23783E+12;6237828227706;V101-TMT;Trapezgewindetrieb ISO DIN 103 Tr16x4 mit Bearbeitung-V2A Edelstahl-1800;;85,67;Y;0;0;1;2930;1800;16;16;Y;Y;N;3,02;180;1,6;1,6;7318156290
12178;6,23945E+12;6239446547303;V101-TMT;Trapezgewindetrieb ISO DIN 103 Tr16x4 mit Bearbeitung-V2A Edelstahl-1600;;78,08;Y;0;0;1;2610;1600;16;16;Y;Y;N;2,69;160;1,6;1,6;7318156290
12177;6,23085E+12;6230846373608;V101-TMT;Trapezgewindetrieb ISO DIN 103 Tr16x4 mit Bearbeitung-V2A Edelstahl-1500;;74,29;Y;0;0;1;2440;1500;16;16;Y;Y;N;2,51;150;1,6;1,6;7318156290
12176;6,23397E+12;6233974207067;V101-TMT;Trapezgewindetrieb ISO DIN 103 Tr16x4 mit Bearbeitung-V2A Edelstahl-1300;;68,41;Y;0;0;1;2120;1300;16;16;Y;Y;N;2,18;130;1,6;1,6;7318156290
12175;6,23062E+12;6230615780101;V101-TMT;Trapezgewindetrieb ISO DIN 103 Tr16x4 mit Bearbeitung-V2A Edelstahl-1150;;62,57;Y;0;0;1;1870;1150;16;16;Y;Y;N;1,93;115;1,6;1,6;7318156290
12174;6,23382E+12;6233820531612;V101-TMT;Trapezgewindetrieb ISO DIN 103 Tr16x4 mit Bearbeitung-V2A Edelstahl-1000;;58,17;Y;0;0;1;1630;1000;16;16;Y;Y;N;1,68;100;1,6;1,6;7318156290
12173;6,23478E+12;6234780747105;V101-TMT;Trapezgewindetrieb ISO DIN 103 Tr16x4 mit Bearbeitung-V2A Edelstahl-800;;51,4;Y;0;0;1;1300;800;16;16;Y;Y;N;1,34;80;1,6;1,6;7318156290
12172;6,23632E+12;6236315374787;V101-TMT;Trapezgewindetrieb ISO DIN 103 Tr16x4 mit Bearbeitung-V2A Edelstahl-500;;40,52;Y;0;0;1;820;500;16;16;Y;Y;N;0,84;50;1,6;1,6;7318156290
12171;6,23046E+12;6230463381741;V101-TMT;Trapezgewindetrieb ISO DIN 103 Tr16x4 mit Bearbeitung-C45 Stahl-2600;;84,52;Y;0;0;1;4030;2600;16;16;Y;Y;N;4,15;260;1,6;1,6;7318156290
12170;6,23059E+12;6230591100894;V101-TMT;Trapezgewindetrieb ISO DIN 103 Tr16x4 mit Bearbeitung-C45 Stahl-2400;;79,36;Y;0;0;1;3720;2400;16;16;Y;Y;N;3,83;240;1,6;1,6;7318156290
12169;6,23076E+12;6230763439456;V101-TMT;Trapezgewindetrieb ISO DIN 103 Tr16x4 mit Bearbeitung-C45 Stahl-2200;;74,19;Y;0;0;1;3410;2200;16;16;Y;Y;N;3,51;220;1,6;1,6;7318156290
12168;6,23096E+12;6230955487302;V101-TMT;Trapezgewindetrieb ISO DIN 103 Tr16x4 mit Bearbeitung-C45 Stahl-2000;;70,8;Y;0;0;1;3100;2000;16;16;Y;Y;N;3,19;200;1,6;1,6;7318156290
12167;6,23552E+12;6235524488919;V101-TMT;Trapezgewindetrieb ISO DIN 103 Tr16x4 mit Bearbeitung-C45 Stahl-1800;;65,51;Y;0;0;1;2790;1800;16;16;Y;Y;N;2,87;180;1,6;1,6;7318156290
12166;6,23762E+12;6237622489904;V101-TMT;Trapezgewindetrieb ISO DIN 103 Tr16x4 mit Bearbeitung-C45 Stahl-1600;;61,7;Y;0;0;1;2480;1600;16;16;Y;Y;N;2,55;160;1,6;1,6;7318156290
12165;6,23203E+12;6232025254845;V101-TMT;Trapezgewindetrieb ISO DIN 103 Tr16x4 mit Bearbeitung-C45 Stahl-1500;;59,01;Y;0;0;1;2330;1500;16;16;Y;Y;N;2,4;150;1,6;1,6;7318156290
12164;6,23828E+12;6238281187101;V101-TMT;Trapezgewindetrieb ISO DIN 103 Tr16x4 mit Bearbeitung-C45 Stahl-1300;;53,57;Y;0;0;1;2010;1300;16;16;Y;Y;N;2,07;130;1,6;1,6;7318156290
12163;6,23802E+12;6238022368882;V101-TMT;Trapezgewindetrieb ISO DIN 103 Tr16x4 mit Bearbeitung-C45 Stahl-1150;;50,68;Y;0;0;1;1780;1150;16;16;Y;Y;N;1,83;115;1,6;1,6;7318156290
12162;6,23225E+12;6232246219364;V101-TMT;Trapezgewindetrieb ISO DIN 103 Tr16x4 mit Bearbeitung-C45 Stahl-1000;;48,11;Y;0;0;1;1550;1000;16;16;Y;Y;N;1,6;100;1,6;1,6;7318156290
12161;6,2363E+12;6236296332172;V101-TMT;Trapezgewindetrieb ISO DIN 103 Tr16x4 mit Bearbeitung-C45 Stahl-800;;42,37;Y;0;0;1;1240;800;16;16;Y;Y;N;1,28;80;1,6;1,6;7318156290
12160;6,23424E+12;6234235739303;V101-TMT;Trapezgewindetrieb ISO DIN 103 Tr16x4 mit Bearbeitung-C45 Stahl-500;;35,35;Y;0;0;1;780;500;16;16;Y;Y;N;0,8;50;1,6;1,6;7318156290
12159;6,23439E+12;6234386527514;V101-TMT;Trapezgewindetrieb ISO DIN 103 Tr12x3 mit Bearbeitung-V2A Edelstahl-1500;;53,93;Y;0;0;1;1590;1500;12;12;Y;Y;N;1,64;150;1,2;1,2;7318156290
12158;6,23026E+12;6230264564275;V101-TMT;Trapezgewindetrieb ISO DIN 103 Tr12x3 mit Bearbeitung-V2A Edelstahl-1300;;50,14;Y;0;0;1;1420;1300;12;12;Y;Y;N;1,46;130;1,2;1,2;7318156290
12157;6,23597E+12;6235972586557;V101-TMT;Trapezgewindetrieb ISO DIN 103 Tr12x3 mit Bearbeitung-V2A Edelstahl-1150;;47,8;Y;0;0;1;1220;1150;12;12;Y;Y;N;1,26;115;1,2;1,2;7318156290
12156;6,23923E+12;6239229499140;V101-TMT;Trapezgewindetrieb ISO DIN 103 Tr12x3 mit Bearbeitung-V2A Edelstahl-1000;;43,78;Y;0;0;1;1060;1000;12;12;Y;Y;N;1,09;100;1,2;1,2;7318156290
12155;6,23027E+12;6230268412770;V101-TMT;Trapezgewindetrieb ISO DIN 103 Tr12x3 mit Bearbeitung-V2A Edelstahl-800;;40,27;Y;0;0;1;850;800;12;12;Y;Y;N;0,88;80;1,2;1,2;7318156290
12154;6,23884E+12;6238840682535;V101-TMT;Trapezgewindetrieb ISO DIN 103 Tr12x3 mit Bearbeitung-V2A Edelstahl-600;;34,67;Y;0;0;1;640;600;12;12;Y;Y;N;0,66;60;1,2;1,2;7318156290
12153;6,23639E+12;6236392716050;V101-TMT;Trapezgewindetrieb ISO DIN 103 Tr12x3 mit Bearbeitung-V2A Edelstahl-500;;33,3;Y;0;0;1;530;500;12;12;Y;Y;N;0,55;50;1,2;1,2;7318156290
12152;6,23912E+12;6239123733227;V101-TMT;Trapezgewindetrieb ISO DIN 103 Tr12x3 mit Bearbeitung-C45 Stahl-1500;;44,34;Y;0;0;1;1520;1500;12;12;Y;Y;N;1,57;150;1,2;1,2;7318156290
12151;6,23453E+12;6234532033920;V101-TMT;Trapezgewindetrieb ISO DIN 103 Tr12x3 mit Bearbeitung-C45 Stahl-1300;;40,75;Y;0;0;1;1350;1300;12;12;Y;Y;N;1,39;130;1,2;1,2;7318156290
12150;6,23784E+12;6237844311755;V101-TMT;Trapezgewindetrieb ISO DIN 103 Tr12x3 mit Bearbeitung-C45 Stahl-1150;;39,77;Y;0;0;1;1160;1150;12;12;Y;Y;N;1,19;115;1,2;1,2;7318156290
12149;6,23277E+12;6232770220980;V101-TMT;Trapezgewindetrieb ISO DIN 103 Tr12x3 mit Bearbeitung-C45 Stahl-1000;;36,91;Y;0;0;1;1010;1000;12;12;Y;Y;N;1,04;100;1,2;1,2;7318156290
12148;6,23967E+12;6239672702316;V101-TMT;Trapezgewindetrieb ISO DIN 103 Tr12x3 mit Bearbeitung-C45 Stahl-800;;33,11;Y;0;0;1;810;800;12;12;Y;Y;N;0,83;80;1,2;1,2;7318156290
12147;6,23285E+12;6232848130258;V101-TMT;Trapezgewindetrieb ISO DIN 103 Tr12x3 mit Bearbeitung-C45 Stahl-600;;30,63;Y;0;0;1;620;600;12;12;Y;Y;N;0,64;60;1,2;1,2;7318156290
12146;6,23116E+12;6231161014504;V101-TMT;Trapezgewindetrieb ISO DIN 103 Tr12x3 mit Bearbeitung-C45 Stahl-500;;28,62;Y;0;0;1;510;500;12;12;Y;Y;N;0,53;50;1,2;1,2;7318156290
12145;6,23252E+12;6232524351502;V101-TMT;Trapezgewindetrieb ISO DIN 103 Tr10x2 mit Bearbeitung-V2A Edelstahl-1000;;39,77;Y;0;0;1;820;1000;10;10;Y;Y;N;0,84;100;1;1;7318156290
12144;6,23344E+12;6233437146209;V101-TMT;Trapezgewindetrieb ISO DIN 103 Tr10x2 mit Bearbeitung-V2A Edelstahl-800;;34,91;Y;0;0;1;660;800;10;10;Y;Y;N;0,68;80;1;1;7318156290
12143;6,23514E+12;6235142163397;V101-TMT;Trapezgewindetrieb ISO DIN 103 Tr10x2 mit Bearbeitung-V2A Edelstahl-500;;28,86;Y;0;0;1;410;500;10;10;Y;Y;N;0,42;50;1;1;7318156290
12142;6,23151E+12;6231512254207;V101-TMT;Trapezgewindetrieb ISO DIN 103 Tr10x2 mit Bearbeitung-V2A Edelstahl-400;;27,45;Y;0;0;1;330;400;10;10;Y;Y;N;0,34;40;1;1;7318156290
12141;6,23824E+12;6238238100757;V101-TMT;Trapezgewindetrieb ISO DIN 103 Tr10x2 mit Bearbeitung-V2A Edelstahl-300;;24,8;Y;0;0;1;250;300;10;10;Y;Y;N;0,26;30;1;1;7318156290
12140;6,23348E+12;6233481966396;V101-TMT;Trapezgewindetrieb ISO DIN 103 Tr10x2 mit Bearbeitung-C45 Stahl-1000;;33,42;Y;0;0;1;780;1000;10;10;Y;Y;N;0,8;100;1;1;7318156290
12139;6,23071E+12;6230706538437;V101-TMT;Trapezgewindetrieb ISO DIN 103 Tr10x2 mit Bearbeitung-C45 Stahl-800;;29,96;Y;0;0;1;620;800;10;10;Y;Y;N;0,64;80;1;1;7318156290
12138;6,23723E+12;6237227309119;V101-TMT;Trapezgewindetrieb ISO DIN 103 Tr10x2 mit Bearbeitung-C45 Stahl-500;;25,84;Y;0;0;1;390;500;10;10;Y;Y;N;0,4;50;1;1;7318156290
12137;6,23402E+12;6234016405649;V101-TMT;Trapezgewindetrieb ISO DIN 103 Tr10x2 mit Bearbeitung-C45 Stahl-400;;24,04;Y;0;0;1;310;400;10;10;Y;Y;N;0,32;40;1;1;7318156290
12136;6,23644E+12;6236435367638;V101-TMT;Trapezgewindetrieb ISO DIN 103 Tr10x2 mit Bearbeitung-C45 Stahl-300;;22,23;Y;0;0;1;230;300;10;10;Y;Y;N;0,24;30;1;1;7318156290
12135;6,23421E+12;6234211654149;;Trapezgewindetrieb ISO DIN 103 Tr8x1.5-V2A Edelstahl-1000;;34,39;Y;0;0;1;780;1000;8;8;Y;Y;Y;0,8;100;0,8;0,8;7318156290
12134;6,23202E+12;6232021953575;;Trapezgewindetrieb ISO DIN 103 Tr8x1.5-V2A Edelstahl-800;;31,49;Y;0;0;1;630;800;8;8;Y;Y;Y;0,65;80;0,8;0,8;7318156290
12133;6,23517E+12;6235166505784;V101-TMT;Trapezgewindetrieb ISO DIN 103 Tr8x2-V2A Edelstahl-600;;28,17;Y;0;0;1;480;600;8;8;Y;Y;N;0,49;60;0,8;0,8;7318156290
12132;6,23312E+12;6233120009613;;Trapezgewindetrieb ISO DIN 103 Tr8x1.5-V2A Edelstahl-500;;25,86;Y;0;0;1;400;500;8;8;Y;Y;Y;0,41;50;0,8;0,8;7318156290
12131;6,23756E+12;6237561439459;V101-TMT;Trapezgewindetrieb ISO DIN 103 Tr8x2-V2A Edelstahl-400;;23,52;Y;0;0;1;320;400;8;8;Y;Y;N;0,33;40;0,8;0,8;7318156290
12130;6,23003E+12;6230032091118;;Trapezgewindetrieb ISO DIN 103 Tr8x1.5-V2A Edelstahl-300;;22,9;Y;0;0;1;240;300;8;8;Y;Y;Y;0,25;30;0,8;0,8;7318156290
12129;6,23138E+12;6231378137973;;Trapezgewindetrieb ISO DIN 103 Tr8x1.5-C45 Stahl-1000;;28,74;Y;0;0;1;700;1000;8;8;Y;Y;Y;0,72;100;0,8;0,8;7318156290
12128;6,23899E+12;6238986024176;;Trapezgewindetrieb ISO DIN 103 Tr8x1.5-C45 Stahl-800;;26,82;Y;0;0;1;560;800;8;8;Y;Y;Y;0,58;80;0,8;0,8;7318156290
12127;6,2349E+12;6234904331418;V101-TMT;Trapezgewindetrieb ISO DIN 103 Tr8x2-C45 Stahl-600;;23,66;Y;0;0;1;420;600;8;8;Y;Y;N;0,43;60;0,8;0,8;7318156290
12126;6,23788E+12;6237882180184;;Trapezgewindetrieb ISO DIN 103 Tr8x1.5-C45 Stahl-500;;23,9;Y;0;0;1;350;500;8;8;Y;Y;Y;0,36;50;0,8;0,8;7318156290
12125;6,23866E+12;6238659519411;V101-TMT;Trapezgewindetrieb ISO DIN 103 Tr8x2-C45 Stahl-400;;22,17;Y;0;0;1;280;400;8;8;Y;Y;N;0,29;40;0,8;0,8;7318156290
12124;6,23853E+12;6238528636874;;Trapezgewindetrieb ISO DIN 103 Tr8x1.5-C45 Stahl-300;;20,47;Y;0;0;1;210;300;8;8;Y;Y;Y;0,22;30;0,8;0,8;7318156290
12123;6,23368E+12;6233678605909;V101-TMT;Trapezgewindetrieb ISO DIN 103 Tr36x6-V2A Edelstahl-2000;;192,09;Y;0;0;1;12000;2000;36;360;Y;Y;N;12,36;200;3,6;36;7318156290
12122;6,23954E+12;6239537061442;V101-TMT;Trapezgewindetrieb ISO DIN 103 Tr36x6-V2A Edelstahl-1500;;144,29;Y;0;0;1;9000;1500;36;360;Y;Y;N;9,27;150;3,6;36;7318156290
12121;6,2307E+12;6230703269907;V101-TMT;Trapezgewindetrieb ISO DIN 103 Tr36x6-V2A Edelstahl-1000;;99;Y;0;0;1;6000;1000;36;360;Y;Y;N;6,18;100;3,6;36;7318156290
12120;6,23738E+12;6237379949324;V101-TMT;Trapezgewindetrieb ISO DIN 103 Tr36x6-C45 Stahl-2000;;133,65;Y;0;0;1;11800;2000;36;360;Y;Y;N;12,15;200;3,6;36;7318156290
12119;6,23922E+12;6239223973622;V101-TMT;Trapezgewindetrieb ISO DIN 103 Tr36x6-C45 Stahl-1500;;103,08;Y;0;0;1;8850;1500;36;360;Y;Y;N;9,12;150;3,6;36;7318156290
12118;6,23253E+12;6232533775139;V101-TMT;Trapezgewindetrieb ISO DIN 103 Tr36x6-C45 Stahl-1000;;70,77;Y;0;0;1;5900;1000;36;360;Y;Y;N;6,08;100;3,6;36;7318156290
12117;6,23587E+12;6235868723349;V101-TMT;Trapezgewindetrieb ISO DIN 103 Tr36x6-C45 Stahl-500;;40,57;Y;0;0;1;2950;500;36;360;Y;Y;N;3,04;50;3,6;36;7318156290
12116;6,23437E+12;6234366038276;V101-TMT;Trapezgewindetrieb ISO DIN 103 Tr30x6-V2A Edelstahl-2000;;187,34;Y;0;0;1;10000;2000;30;30;Y;Y;N;10,3;200;3;3;7318156290
12115;6,23761E+12;6237614194175;V101-TMT;Trapezgewindetrieb ISO DIN 103 Tr30x6-V2A Edelstahl-1500;;140,73;Y;0;0;1;7500;1500;30;30;Y;Y;N;7,73;150;3;3;7318156290
12114;6,23005E+12;6230046603338;V101-TMT;Trapezgewindetrieb ISO DIN 103 Tr30x6-V2A Edelstahl-1000;;96,56;Y;0;0;1;5000;1000;30;30;Y;Y;N;5,15;100;3;3;7318156290
12113;6,2361E+12;6236101106523;V101-TMT;Trapezgewindetrieb ISO DIN 103 Tr30x6-V2A Edelstahl-800;;77,43;Y;0;0;1;4000;800;30;30;Y;Y;N;4,12;80;3;3;7318156290
12112;6,23677E+12;6236770264821;V101-TMT;Trapezgewindetrieb ISO DIN 103 Tr30x6-V2A Edelstahl-500;;52,44;Y;0;0;1;2500;500;30;30;Y;Y;N;2,58;50;3;3;7318156290
12111;6,23001E+12;6230011584198;V101-TMT;Trapezgewindetrieb ISO DIN 103 Tr30x6-C45 Stahl-2600;;166,74;Y;0;0;1;12480;2600;30;30;Y;Y;N;12,85;260;3;3;7318156290
12110;6,23599E+12;6235990431327;V101-TMT;Trapezgewindetrieb ISO DIN 103 Tr30x6-C45 Stahl-2000;;128,45;Y;0;0;1;9600;2000;30;30;Y;Y;N;9,89;200;3;3;7318156290
12109;6,23343E+12;6233432745308;V101-TMT;Trapezgewindetrieb ISO DIN 103 Tr30x6-C45 Stahl-1500;;99,08;Y;0;0;1;7200;1500;30;30;Y;Y;N;7,42;150;3;3;7318156290
12108;6,23489E+12;6234888801730;V101-TMT;Trapezgewindetrieb ISO DIN 103 Tr30x6-C45 Stahl-1000;;68,03;Y;0;0;1;4800;1000;30;30;Y;Y;N;4,94;100;3;3;7318156290
12107;6,2365E+12;6236501993037;V101-TMT;Trapezgewindetrieb ISO DIN 103 Tr30x6-C45 Stahl-800;;55,94;Y;0;0;1;3840;800;30;30;Y;Y;N;3,96;80;3;3;7318156290
12106;6,23572E+12;6235719126435;V101-TMT;Trapezgewindetrieb ISO DIN 103 Tr30x6-C45 Stahl-500;;39,07;Y;0;0;1;2400;500;30;30;Y;Y;N;2,47;50;3;3;7318156290
12105;6,23303E+12;6233032881901;V101-TMT;Trapezgewindetrieb ISO DIN 103 Tr24x5-V2A Edelstahl-2000;;126,15;Y;0;0;1;6300;2000;24;24;Y;Y;N;6,49;200;2,4;2,4;7318156290
12104;6,23255E+12;6232553429524;V101-TMT;Trapezgewindetrieb ISO DIN 103 Tr24x5-V2A Edelstahl-1500;;97,29;Y;0;0;1;4720;1500;24;24;Y;Y;N;4,86;150;2,4;2,4;7318156290
12103;6,23512E+12;6235120265372;V101-TMT;Trapezgewindetrieb ISO DIN 103 Tr24x5-V2A Edelstahl-1000;;66,82;Y;0;0;1;3150;1000;24;24;Y;Y;N;3,24;100;2,4;2,4;7318156290
12102;6,23184E+12;6231835688178;V101-TMT;Trapezgewindetrieb ISO DIN 103 Tr24x5-V2A Edelstahl-800;;54,96;Y;0;0;1;2520;800;24;24;Y;Y;N;2,6;80;2,4;2,4;7318156290
12101;6,23105E+12;6231051148128;V101-TMT;Trapezgewindetrieb ISO DIN 103 Tr24x5-V2A Edelstahl-500;;38,42;Y;0;0;1;1580;500;24;24;Y;Y;N;1,63;50;2,4;2,4;7318156290
12100;6,23476E+12;6234764138851;V101-TMT;Trapezgewindetrieb ISO DIN 103 Tr24x5-C45 Stahl-2600;;114,98;Y;0;0;1;7800;2600;24;24;Y;Y;N;8,03;260;2,4;2,4;7318156290
12099;6,2333E+12;6233301694683;V101-TMT;Trapezgewindetrieb ISO DIN 103 Tr24x5-C45 Stahl-2000;;88,66;Y;0;0;1;6000;2000;24;24;Y;Y;N;6,18;200;2,4;2,4;7318156290
12098;6,2397E+12;6239695257350;V101-TMT;Trapezgewindetrieb ISO DIN 103 Tr24x5-C45 Stahl-1500;;68,41;Y;0;0;1;4500;1500;24;24;Y;Y;N;4,64;150;2,4;2,4;7318156290
12097;6,23555E+12;6235553223796;V101-TMT;Trapezgewindetrieb ISO DIN 103 Tr24x5-C45 Stahl-1000;;49,75;Y;0;0;1;3000;1000;24;24;Y;Y;N;3,09;100;2,4;2,4;7318156290
12096;6,23715E+12;6237149232243;V101-TMT;Trapezgewindetrieb ISO DIN 103 Tr24x5-C45 Stahl-800;;41,86;Y;0;0;1;2400;800;24;24;Y;Y;N;2,47;80;2,4;2,4;7318156290
12095;6,23015E+12;6230151250489;V101-TMT;Trapezgewindetrieb ISO DIN 103 Tr24x5-C45 Stahl-500;;28,87;Y;0;0;1;1500;500;24;24;Y;Y;N;1,55;50;2,4;2,4;7318156290
12094;6,23626E+12;6236256992613;V101-TMT;Trapezgewindetrieb ISO DIN 103 Tr20x4-V2A Edelstahl-2000;;93,17;Y;0;0;1;4420;2000;20;20;Y;Y;N;4,55;200;2;2;7318156290
12093;6,23881E+12;6238812459523;V101-TMT;Trapezgewindetrieb ISO DIN 103 Tr20x4-V2A Edelstahl-1500;;71,87;Y;0;0;1;3310;1500;20;20;Y;Y;N;3,41;150;2;2;7318156290
12092;6,23558E+12;6235578441892;V101-TMT;Trapezgewindetrieb ISO DIN 103 Tr20x4-V2A Edelstahl-1000;;50,6;Y;0;0;1;2210;1000;20;20;Y;Y;N;2,28;100;2;2;7318156290
12091;6,23792E+12;6237923828549;V101-TMT;Trapezgewindetrieb ISO DIN 103 Tr20x4-V2A Edelstahl-800;;42,01;Y;0;0;1;1770;800;20;20;Y;Y;N;1,82;80;2;2;7318156290
12090;6,23891E+12;6238910623291;V101-TMT;Trapezgewindetrieb ISO DIN 103 Tr20x4-V2A Edelstahl-500;;29,11;Y;0;0;1;1110;500;20;20;Y;Y;N;1,14;50;2;2;7318156290
12089;6,23162E+12;6231622041155;V101-TMT;Trapezgewindetrieb ISO DIN 103 Tr20x4-C45 Stahl-2600;;82,72;Y;0;0;1;5460;2600;20;20;Y;Y;N;5,62;260;2;2;7318156290
12088;6,23454E+12;6234543592355;V101-TMT;Trapezgewindetrieb ISO DIN 103 Tr20x4-C45 Stahl-2000;;65,45;Y;0;0;1;4200;2000;20;20;Y;Y;N;4,33;200;2;2;7318156290
12087;6,2372E+12;6237200703835;V101-TMT;Trapezgewindetrieb ISO DIN 103 Tr20x4-C45 Stahl-1500;;51,76;Y;0;0;1;3150;1500;20;20;Y;Y;N;3,24;150;2;2;7318156290
12086;6,23392E+12;6233923507736;V101-TMT;Trapezgewindetrieb ISO DIN 103 Tr20x4-C45 Stahl-1000;;37,62;Y;0;0;1;2100;1000;20;20;Y;Y;N;2,16;100;2;2;7318156290
12085;6,23762E+12;6237619912200;V101-TMT;Trapezgewindetrieb ISO DIN 103 Tr20x4-C45 Stahl-800;;31,63;Y;0;0;1;1680;800;20;20;Y;Y;N;1,73;80;2;2;7318156290
12084;6,23764E+12;6237636808227;V101-TMT;Trapezgewindetrieb ISO DIN 103 Tr20x4-C45 Stahl-500;;22,7;Y;0;0;1;1050;500;20;20;Y;Y;N;1,08;50;2;2;7318156290
12083;6,2323E+12;6232303105845;V101-TMT;Trapezgewindetrieb ISO DIN 103 Tr16x4-V2A Edelstahl-2000;;76,65;Y;0;0;1;3260;2000;16;16;Y;Y;N;3,36;200;1,6;1,6;7318156290
12082;6,23359E+12;6233587423618;V101-TMT;Trapezgewindetrieb ISO DIN 103 Tr16x4-V2A Edelstahl-1500;;60,64;Y;0;0;1;2440;1500;16;16;Y;Y;N;2,51;150;1,6;1,6;7318156290
12081;6,23288E+12;6232882642489;V101-TMT;Trapezgewindetrieb ISO DIN 103 Tr16x4-V2A Edelstahl-1000;;43,12;Y;0;0;1;1630;1000;16;16;Y;Y;N;1,68;100;1,6;1,6;7318156290
12080;6,23974E+12;6239736293583;V101-TMT;Trapezgewindetrieb ISO DIN 103 Tr16x4-V2A Edelstahl-800;;36,3;Y;0;0;1;1300;800;16;16;Y;Y;N;1,34;80;1,6;1,6;7318156290
12079;6,23298E+12;6232977284983;V101-TMT;Trapezgewindetrieb ISO DIN 103 Tr16x4-V2A Edelstahl-500;;25,1;Y;0;0;1;820;500;16;16;Y;Y;N;0,84;50;1,6;1,6;7318156290
12078;6,23622E+12;6236221075693;V101-TMT;Trapezgewindetrieb ISO DIN 103 Tr16x4-C45 Stahl-2600;;69,66;Y;0;0;1;4030;2600;16;16;Y;Y;N;4,15;260;1,6;1,6;7318156290
12077;6,23408E+12;6234077053681;V101-TMT;Trapezgewindetrieb ISO DIN 103 Tr16x4-C45 Stahl-2000;;55,12;Y;0;0;1;3100;2000;16;16;Y;Y;N;3,19;200;1,6;1,6;7318156290
12076;6,23263E+12;6232630182380;V101-TMT;Trapezgewindetrieb ISO DIN 103 Tr16x4-C45 Stahl-1500;;43,99;Y;0;0;1;2330;1500;16;16;Y;Y;N;2,4;150;1,6;1,6;7318156290
12075;6,23333E+12;6233325708366;V101-TMT;Trapezgewindetrieb ISO DIN 103 Tr16x4-C45 Stahl-1000;;32,4;Y;0;0;1;1550;1000;16;16;Y;Y;N;1,6;100;1,6;1,6;7318156290
12074;6,23071E+12;6230714844469;V101-TMT;Trapezgewindetrieb ISO DIN 103 Tr16x4-C45 Stahl-800;;27,21;Y;0;0;1;1240;800;16;16;Y;Y;N;1,28;80;1,6;1,6;7318156290
12073;6,23938E+12;6239382870602;V101-TMT;Trapezgewindetrieb ISO DIN 103 Tr16x4-C45 Stahl-500;;19,39;Y;0;0;1;780;500;16;16;Y;Y;N;0,8;50;1,6;1,6;7318156290
12072;6,23675E+12;6236748461474;V101-TMT;Trapezgewindetrieb ISO DIN 103 Tr12x3-V2A Edelstahl-1500;;40,95;Y;0;0;1;1590;1500;12;12;Y;Y;N;1,64;150;1,2;1,2;7318156290
12071;6,23922E+12;6239221729849;V101-TMT;Trapezgewindetrieb ISO DIN 103 Tr12x3-V2A Edelstahl-1000;;30,18;Y;0;0;1;1060;1000;12;12;Y;Y;N;1,09;100;1,2;1,2;7318156290
12070;6,23544E+12;6235444637572;V101-TMT;Trapezgewindetrieb ISO DIN 103 Tr12x3-V2A Edelstahl-800;;25,39;Y;0;0;1;850;800;12;12;Y;Y;N;0,88;80;1,2;1,2;7318156290
12069;6,23769E+12;6237690513792;V101-TMT;Trapezgewindetrieb ISO DIN 103 Tr12x3-V2A Edelstahl-500;;18,09;Y;0;0;1;530;500;12;12;Y;Y;N;0,55;50;1,2;1,2;7318156290
12068;6,23876E+12;6238764826688;V101-TMT;Trapezgewindetrieb ISO DIN 103 Tr12x3-C45 Stahl-1500;;30,8;Y;0;0;1;1520;1500;12;12;Y;Y;N;1,57;150;1,2;1,2;7318156290
12067;6,23863E+12;6238625261658;V101-TMT;Trapezgewindetrieb ISO DIN 103 Tr12x3-C45 Stahl-1000;;23,53;Y;0;0;1;1010;1000;12;12;Y;Y;N;1,04;100;1,2;1,2;7318156290
12066;6,23086E+12;6230859679452;V101-TMT;Trapezgewindetrieb ISO DIN 103 Tr12x3-C45 Stahl-800;;19,01;Y;0;0;1;810;800;12;12;Y;Y;N;0,83;80;1,2;1,2;7318156290
12065;6,23787E+12;6237867264014;V101-TMT;Trapezgewindetrieb ISO DIN 103 Tr12x3-C45 Stahl-500;;13,59;Y;0;0;1;510;500;12;12;Y;Y;N;0,53;50;1,2;1,2;7318156290
12064;6,23437E+12;6234370464177;V101-TMT;Trapezgewindetrieb ISO DIN 103 Tr10x2-V2A Edelstahl-1000;;27,49;Y;0;0;1;820;1000;10;10;Y;Y;N;0,84;100;1;1;7318156290
12063;6,23847E+12;6238472426385;V101-TMT;Trapezgewindetrieb ISO DIN 103 Tr10x2-V2A Edelstahl-800;;24;Y;0;0;1;660;800;10;10;Y;Y;N;0,68;80;1;1;7318156290
12062;6,23488E+12;6234881575300;V101-TMT;Trapezgewindetrieb ISO DIN 103 Tr10x2-V2A Edelstahl-500;;17,08;Y;0;0;1;410;500;10;10;Y;Y;N;0,42;50;1;1;7318156290
12061;6,23839E+12;6238391541398;V101-TMT;Trapezgewindetrieb ISO DIN 103 Tr10x2-V2A Edelstahl-300;;11,43;Y;0;0;1;250;300;10;10;Y;Y;N;0,26;30;1;1;7318156290
12060;6,23877E+12;6238773726894;V101-TMT;Trapezgewindetrieb ISO DIN 103 Tr10x2-C45 Stahl-1000;;20,52;Y;0;0;1;780;1000;10;10;Y;Y;N;0,8;100;1;1;7318156290
12059;6,23784E+12;6237839596280;V101-TMT;Trapezgewindetrieb ISO DIN 103 Tr10x2-C45 Stahl-800;;17,16;Y;0;0;1;620;800;10;10;Y;Y;N;0,64;80;1;1;7318156290
12058;6,23734E+12;6237341610917;V101-TMT;Trapezgewindetrieb ISO DIN 103 Tr10x2-C45 Stahl-500;;11,95;Y;0;0;1;390;500;10;10;Y;Y;N;0,4;50;1;1;7318156290
12057;6,23373E+12;6233732288949;V101-TMT;Trapezgewindetrieb ISO DIN 103 Tr10x2-C45 Stahl-300;;8,33;Y;0;0;1;230;300;10;10;Y;Y;N;0,24;30;1;1;7318156290
12056;6,23985E+12;6239850374250;V101-TMT;Trapezgewindetrieb ISO DIN 103 Tr8x2-V2A Edelstahl-1000;;24,28;Y;0;0;1;780;1000;8;8;Y;Y;N;0,8;100;0,8;0,8;7318156290
12055;6,23774E+12;6237740058488;V101-TMT;Trapezgewindetrieb ISO DIN 103 Tr8x2-V2A Edelstahl-800;;21,21;Y;0;0;1;630;800;8;8;Y;Y;N;0,65;80;0,8;0,8;7318156290
12054;6,23989E+12;6239885130791;V101-TMT;Trapezgewindetrieb ISO DIN 103 Tr8x2-V2A Edelstahl-500;;15,12;Y;0;0;1;400;500;8;8;Y;Y;N;0,41;50;0,8;0,8;7318156290
12053;6,23259E+12;6232586908782;V101-TMT;Trapezgewindetrieb ISO DIN 103 Tr8x2-V2A Edelstahl-300;;10,46;Y;0;0;1;240;300;8;8;Y;Y;N;0,25;30;0,8;0,8;7318156290
12052;6,23603E+12;6236029631930;V101-TMT;Trapezgewindetrieb ISO DIN 103 Tr8x2-V2A Edelstahl-200;;7,93;Y;0;0;1;160;200;8;8;Y;Y;N;0,16;20;0,8;0,8;7318156290
12051;6,23543E+12;6235430418888;V101-TMT;Trapezgewindetrieb ISO DIN 103 Tr8x2-C45 Stahl-1000;;18,69;Y;9;0;1;700;1000;8;8;Y;Y;N;0,72;100;0,8;0,8;7318156290
12050;6,23333E+12;6233327990011;V101-TMT;Trapezgewindetrieb ISO DIN 103 Tr8x2-C45 Stahl-800;;16,31;Y;0;0;1;560;800;8;8;Y;Y;N;0,58;80;0,8;0,8;7318156290
12049;6,23327E+12;6233265354807;V101-TMT;Trapezgewindetrieb ISO DIN 103 Tr8x2-C45 Stahl-500;;11,64;Y;0;0;1;350;500;8;8;Y;Y;N;0,36;50;0,8;0,8;7318156290
12048;6,23882E+12;6238816525132;V101-TMT;Trapezgewindetrieb ISO DIN 103 Tr8x2-C45 Stahl-300;;8,03;Y;0;0;1;210;300;8;8;Y;Y;N;0,22;30;0,8;0,8;7318156290
12047;6,233E+12;6232998196906;V101-TMT;Trapezgewindetrieb ISO DIN 103 Tr8x2-C45 Stahl-200;;6,33;Y;4;0;1;140;200;8;8;Y;Y;N;0,14;20;0,8;0,8;7318156290
11988;6,23695E+12;6236954895896;V008-TMT;Kugelgewindetrieb KGT3210-4-L2600;;220,26;Y;0;0;1;17810;2600;81;62;Y;Y;N;18,34;260;8,1;6,2;8483403090
11987;6,23035E+12;6230353373047;V008-TMT;Kugelgewindetrieb KGT3210-4-L2400;;208,67;Y;0;0;1;16490;2400;81;62;Y;Y;N;16,98;240;8,1;6,2;8483403090
11986;6,23315E+12;6233153387887;V008-TMT;Kugelgewindetrieb KGT3210-4-L2200;;197,1;Y;0;0;1;15160;2200;81;62;Y;Y;N;15,61;220;8,1;6,2;8483403090
11985;6,23054E+12;6230540333571;V008-TMT;Kugelgewindetrieb KGT3210-4-L2000;;185,52;Y;0;0;1;13830;2000;81;62;Y;Y;N;14,24;200;8,1;6,2;8483403090
11984;6,23264E+12;6232635584387;V008-TMT;Kugelgewindetrieb KGT3210-4-L1800;;173,93;Y;0;0;1;12500;1800;81;62;Y;Y;N;12,88;180;8,1;6,2;8483403090
11983;6,23705E+12;6237054930326;V008-TMT;Kugelgewindetrieb KGT3210-4-L1600;;162,35;Y;0;0;1;11170;1600;81;62;Y;Y;N;11,51;160;8,1;6,2;8483403090
11982;6,2359E+12;6235897173443;V008-TMT;Kugelgewindetrieb KGT3210-4-L1500;;156,77;Y;0;0;1;10510;1500;81;62;Y;Y;N;10,83;150;8,1;6,2;8483403090
11981;6,23867E+12;6238671078538;V008-TMT;Kugelgewindetrieb KGT3210-4-L1400;;150,79;Y;0;0;1;9850;1400;81;62;Y;Y;N;10,15;140;8,1;6,2;8483403090
11980;6,23516E+12;6235163917580;V008-TMT;Kugelgewindetrieb KGT3210-4-L1300;;145,2;Y;0;0;1;9180;1300;81;62;Y;Y;N;9,46;130;8,1;6,2;8483403090
11979;6,23245E+12;6232446283783;V008-TMT;Kugelgewindetrieb KGT3210-4-L1150;;136,41;Y;0;0;1;8190;1150;81;62;Y;Y;N;8,44;115;8,1;6,2;8483403090
11978;6,23086E+12;6230861033631;V008-TMT;Kugelgewindetrieb KGT3210-4-L900;;122,03;Y;0;0;1;6530;900;81;62;Y;Y;N;6,73;90;8,1;6,2;8483403090
11977;6,23491E+12;6234908758853;V008-TMT;Kugelgewindetrieb KGT3210-4-L800;;119,08;Y;0;0;1;5860;800;81;62;Y;Y;N;6,04;80;8,1;6,2;8483403090
11976;6,2397E+12;6239701950176;V008-TMT;Kugelgewindetrieb KGT3210-4-L700;;113,36;Y;0;0;1;5200;700;81;62;Y;Y;N;5,36;70;8,1;6,2;8483403090
11975;6,23051E+12;6230513181413;V008-TMT;Kugelgewindetrieb KGT3210-4-L600;;107,2;Y;0;0;1;4530;600;81;62;Y;Y;N;4,67;60;8,1;6,2;8483403090
11974;6,23376E+12;6233762511185;V008-TMT;Kugelgewindetrieb KGT3205-4-L2600;;176,06;Y;0;0;1;17650;2600;81;62;Y;Y;N;18,18;260;8,1;6,2;8483403090
11973;6,23652E+12;6236522268237;V008-TMT;Kugelgewindetrieb KGT3205-4-L2400;;165,7;Y;0;0;1;16330;2400;81;62;Y;Y;N;16,82;240;8,1;6,2;8483403090
11972;6,23939E+12;6239392495772;V008-TMT;Kugelgewindetrieb KGT3205-4-L2200;;155,33;Y;0;0;1;15000;2200;81;62;Y;Y;N;15,45;220;8,1;6,2;8483403090
11971;6,23484E+12;6234843586191;V008-TMT;Kugelgewindetrieb KGT3205-4-L2000;;144,96;Y;0;0;1;13670;2000;81;62;Y;Y;N;14,08;200;8,1;6,2;8483403090
11970;6,23921E+12;6239208524573;V008-TMT;Kugelgewindetrieb KGT3205-4-L1800;;134,59;Y;0;0;1;12340;1800;81;62;Y;Y;N;12,71;180;8,1;6,2;8483403090
11969;6,23275E+12;6232746374433;V008-TMT;Kugelgewindetrieb KGT3205-4-L1600;;127,46;Y;0;0;1;11010;1600;81;62;Y;Y;N;11,34;160;8,1;6,2;8483403090
11968;6,23381E+12;6233805507939;V008-TMT;Kugelgewindetrieb KGT3205-4-L1500;;122,14;Y;0;0;1;10350;1500;81;62;Y;Y;N;10,66;150;8,1;6,2;8483403090
11967;6,23989E+12;6239886842631;V008-TMT;Kugelgewindetrieb KGT3205-4-L1400;;116,83;Y;0;0;1;9690;1400;81;62;Y;Y;N;9,98;140;8,1;6,2;8483403090
11966;6,23253E+12;6232533702357;V008-TMT;Kugelgewindetrieb KGT3205-4-L1300;;111,5;Y;0;0;1;9020;1300;81;62;Y;Y;N;9,29;130;8,1;6,2;8483403090
11965;6,23376E+12;6233759764105;V008-TMT;Kugelgewindetrieb KGT3205-4-L1150;;103,74;Y;0;0;1;8030;1150;81;62;Y;Y;N;8,27;115;8,1;6,2;8483403090
11964;6,23039E+12;6230393870490;V008-TMT;Kugelgewindetrieb KGT3205-4-L900;;90,23;Y;0;0;1;6370;900;81;62;Y;Y;N;6,56;90;8,1;6,2;8483403090
11963;6,23866E+12;6238661214892;V008-TMT;Kugelgewindetrieb KGT3205-4-L550;;73,65;Y;0;0;1;4040;550;81;62;Y;Y;N;4,16;55;8,1;6,2;8483403090
11962;6,23043E+12;6230430004802;V008-TMT;Kugelgewindetrieb KGT3205-4-L450;;68,2;Y;0;0;1;3380;450;81;62;Y;Y;N;3,48;45;8,1;6,2;8483403090
11961;6,23072E+12;6230723182095;V008-TMT;Kugelgewindetrieb KGT3205-4-L350;;62,73;Y;0;0;1;2710;350;81;62;Y;Y;N;2,79;35;8,1;6,2;8483403090
11960;6,2385E+12;6238497947278;V008-TMT;Kugelgewindetrieb KGT2510-4_2-L2600;;117,87;Y;0;0;1;10960;2600;63;48;Y;Y;N;11,29;260;6,3;4,8;8483403090
11959;6,23961E+12;6239612559208;V008-TMT;Kugelgewindetrieb KGT2510-4_2-L2400;;111,13;Y;0;0;1;10140;2400;63;48;Y;Y;N;10,44;240;6,3;4,8;8483403090
11958;6,2379E+12;6237898967687;V008-TMT;Kugelgewindetrieb KGT2510-4_2-L2200;;103,98;Y;0;0;1;9320;2200;63;48;Y;Y;N;9,6;220;6,3;4,8;8483403090
11957;6,23665E+12;6236649996693;V008-TMT;Kugelgewindetrieb KGT2510-4_2-L2000;;97,23;Y;0;0;1;8500;2000;63;48;Y;Y;N;8,76;200;6,3;4,8;8483403090
11956;6,23339E+12;6233387031976;V008-TMT;Kugelgewindetrieb KGT2510-4_2-L1800;;90,49;Y;0;0;1;7680;1800;63;48;Y;Y;N;7,91;180;6,3;4,8;8483403090
11955;6,23023E+12;6230234207416;V008-TMT;Kugelgewindetrieb KGT2510-4_2-L1600;;83,34;Y;0;0;1;6860;1600;63;48;Y;Y;N;7,07;160;6,3;4,8;8483403090
11954;6,23261E+12;6232605216805;V008-TMT;Kugelgewindetrieb KGT2510-4_2-L1500;;79,96;Y;0;0;1;6450;1500;63;48;Y;Y;N;6,64;150;6,3;4,8;8483403090
11953;6,23589E+12;6235889495515;V008-TMT;Kugelgewindetrieb KGT2510-4_2-L1400;;76,58;Y;0;0;1;6040;1400;63;48;Y;Y;N;6,22;140;6,3;4,8;8483403090
11952;6,23177E+12;6231768266610;V008-TMT;Kugelgewindetrieb KGT2510-4_2-L1300;;75,09;Y;0;0;1;5630;1300;63;48;Y;Y;N;5,8;130;6,3;4,8;8483403090
11951;6,23453E+12;6234529608162;V008-TMT;Kugelgewindetrieb KGT2510-4_2-L1150;;69,7;Y;0;0;1;5020;1150;63;48;Y;Y;N;5,17;115;6,3;4,8;8483403090
11950;6,23253E+12;6232530569700;V008-TMT;Kugelgewindetrieb KGT2510-4_2-L900;;62,34;Y;0;0;1;3990;900;63;48;Y;Y;N;4,11;90;6,3;4,8;8483403090
11949;6,2381E+12;6238095534658;V008-TMT;Kugelgewindetrieb KGT2510-4_2-L800;;58,79;Y;0;0;1;3580;800;63;48;Y;Y;N;3,69;80;6,3;4,8;8483403090
11948;6,23163E+12;6231625104895;V008-TMT;Kugelgewindetrieb KGT2510-4_2-L700;;54,82;Y;0;0;1;3170;700;63;48;Y;Y;N;3,27;70;6,3;4,8;8483403090
11947;6,23609E+12;6236094628033;V008-TMT;Kugelgewindetrieb KGT2510-4_2-L600;;52,51;Y;0;0;1;2760;600;63;48;Y;Y;N;2,84;60;6,3;4,8;8483403090
11946;6,23762E+12;6237615272858;V008-TMT;Kugelgewindetrieb KGT2510-4_2-L500;;48,87;Y;0;0;1;2350;500;63;48;Y;Y;N;2,42;50;6,3;4,8;8483403090
11945;6,23142E+12;6231419989592;V008-TMT;Kugelgewindetrieb KGT2505-4-L2600;;114,57;Y;0;0;1;10960;2600;63;48;Y;Y;N;11,29;260;6,3;4,8;8483403090
11944;6,23299E+12;6232988210889;V008-TMT;Kugelgewindetrieb KGT2505-4-L2400;;107,81;Y;0;0;1;10140;2400;63;48;Y;Y;N;10,44;240;6,3;4,8;8483403090
11943;6,23686E+12;6236861685177;V008-TMT;Kugelgewindetrieb KGT2505-4-L2200;;101,07;Y;0;0;1;9320;2200;63;48;Y;Y;N;9,6;220;6,3;4,8;8483403090
11942;6,23068E+12;6230681285210;V008-TMT;Kugelgewindetrieb KGT2505-4-L2000;;94,34;Y;0;0;1;8500;2000;63;48;Y;Y;N;8,76;200;6,3;4,8;8483403090
11941;6,23876E+12;6238760254645;V008-TMT;Kugelgewindetrieb KGT2505-4-L1800;;87,58;Y;0;0;1;7680;1800;63;48;Y;Y;N;7,91;180;6,3;4,8;8483403090
11940;6,23615E+12;6236152860610;V008-TMT;Kugelgewindetrieb KGT2505-4-L1600;;80,84;Y;0;0;1;6860;1600;63;48;Y;Y;N;7,07;160;6,3;4,8;8483403090
11939;6,23141E+12;6231411836023;V008-TMT;Kugelgewindetrieb KGT2505-4-L1500;;77,49;Y;0;0;1;6450;1500;63;48;Y;Y;N;6,64;150;6,3;4,8;8483403090
11938;6,23786E+12;6237858350191;V008-TMT;Kugelgewindetrieb KGT2505-4-L1400;;76;Y;0;0;1;6040;1400;63;48;Y;Y;N;6,22;140;6,3;4,8;8483403090
11937;6,23485E+12;6234854147398;V008-TMT;Kugelgewindetrieb KGT2505-4-L1300;;72,53;Y;0;0;1;5630;1300;63;48;Y;Y;N;5,8;130;6,3;4,8;8483403090
11936;6,23934E+12;6239342471078;V008-TMT;Kugelgewindetrieb KGT2505-4-L1150;;67,56;Y;0;0;1;5020;1150;63;48;Y;Y;N;5,17;115;6,3;4,8;8483403090
11935;6,23444E+12;6234436331962;V008-TMT;Kugelgewindetrieb KGT2505-4-L900;;60,17;Y;0;0;1;3990;900;63;48;Y;Y;N;4,11;90;6,3;4,8;8483403090
11934;6,23373E+12;6233734445258;V008-TMT;Kugelgewindetrieb KGT2505-4-L550;;49,13;Y;0;0;1;2560;550;63;48;Y;Y;N;2,64;55;6,3;4,8;8483403090
11933;6,23102E+12;6231021230518;V008-TMT;Kugelgewindetrieb KGT2505-4-L450;;47,02;Y;0;0;1;2150;450;63;48;Y;Y;N;2,21;45;6,3;4,8;8483403090
11932;6,23826E+12;6238263417172;V008-TMT;Kugelgewindetrieb KGT2505-4-L350;;43,28;Y;0;0;1;1740;350;63;48;Y;Y;N;1,79;35;6,3;4,8;8483403090
11931;6,23978E+12;6239782021659;V008-TMT;Kugelgewindetrieb KGT2010-3_2-L2400;;86,87;Y;0;0;1;6680;2400;58;44;Y;Y;N;6,88;240;5,8;4,4;8483403090
11930;6,23773E+12;6237729365651;V008-TMT;Kugelgewindetrieb KGT2010-3_2-L2200;;82,1;Y;0;0;1;6140;2200;58;44;Y;Y;N;6,32;220;5,8;4,4;8483403090
11929;6,2323E+12;6232302838065;V008-TMT;Kugelgewindetrieb KGT2010-3_2-L2000;;76,93;Y;0;0;1;5600;2000;58;44;Y;Y;N;5,77;200;5,8;4,4;8483403090
11928;6,23107E+12;6231071013826;V008-TMT;Kugelgewindetrieb KGT2010-3_2-L1800;;73,58;Y;0;0;1;5060;1800;58;44;Y;Y;N;5,21;180;5,8;4,4;8483403090
11927;6,23293E+12;6232930341678;V008-TMT;Kugelgewindetrieb KGT2010-3_2-L1600;;68,69;Y;0;0;1;4520;1600;58;44;Y;Y;N;4,66;160;5,8;4,4;8483403090
11926;6,23102E+12;6231017920423;V008-TMT;Kugelgewindetrieb KGT2010-3_2-L1500;;66,23;Y;0;0;1;4250;1500;58;44;Y;Y;N;4,38;150;5,8;4,4;8483403090
11925;6,23597E+12;6235971807349;V008-TMT;Kugelgewindetrieb KGT2010-3_2-L1400;;64,95;Y;0;0;1;3980;1400;58;44;Y;Y;N;4,1;140;5,8;4,4;8483403090
11924;6,23536E+12;6235360450224;V008-TMT;Kugelgewindetrieb KGT2010-3_2-L1300;;62,44;Y;0;0;1;3710;1300;58;44;Y;Y;N;3,82;130;5,8;4,4;8483403090
11923;6,2311E+12;6231099716341;V008-TMT;Kugelgewindetrieb KGT2010-3_2-L1150;;58,46;Y;0;0;1;3310;1150;58;44;Y;Y;N;3,41;115;5,8;4,4;8483403090
11922;6,23872E+12;6238721197912;V008-TMT;Kugelgewindetrieb KGT2010-3_2-L900;;51,98;Y;0;0;1;2630;900;58;44;Y;Y;N;2,71;90;5,8;4,4;8483403090
11921;6,23509E+12;6235087224245;V008-TMT;Kugelgewindetrieb KGT2010-3_2-L800;;50,24;Y;0;0;1;2360;800;58;44;Y;Y;N;2,43;80;5,8;4,4;8483403090
11920;6,23728E+12;6237280229799;V008-TMT;Kugelgewindetrieb KGT2010-3_2-L700;;49,27;Y;0;0;1;2090;700;58;44;Y;Y;N;2,15;70;5,8;4,4;8483403090
11919;6,23503E+12;6235028829133;V008-TMT;Kugelgewindetrieb KGT2010-3_2-L600;;46,61;Y;0;0;1;1820;600;58;44;Y;Y;N;1,87;60;5,8;4,4;8483403090
11918;6,23407E+12;6234074633862;V008-TMT;Kugelgewindetrieb KGT2010-3_2-L500;;43,96;Y;0;0;1;1550;500;58;44;Y;Y;N;1,6;50;5,8;4,4;8483403090
11917;6,23784E+12;6237843690196;V008-TMT;Kugelgewindetrieb KGT2005-4-L2400;;80,64;Y;0;0;1;6680;2400;58;44;Y;Y;N;6,88;240;5,8;4,4;8483403090
11916;6,23717E+12;6237167179858;V008-TMT;Kugelgewindetrieb KGT2005-4-L2200;;77,81;Y;0;0;1;6140;2200;58;44;Y;Y;N;6,32;220;5,8;4,4;8483403090
11915;6,23561E+12;6235608234685;V008-TMT;Kugelgewindetrieb KGT2005-4-L2000;;72,92;Y;0;0;1;5600;2000;58;44;Y;Y;N;5,77;200;5,8;4,4;8483403090
11914;6,23289E+12;6232885045737;V008-TMT;Kugelgewindetrieb KGT2005-4-L1800;;68,03;Y;0;0;1;5060;1800;58;44;Y;Y;N;5,21;180;5,8;4,4;8483403090
11913;6,23575E+12;6235748338601;V008-TMT;Kugelgewindetrieb KGT2005-4-L1600;;64,71;Y;0;0;1;4520;1600;58;44;Y;Y;N;4,66;160;5,8;4,4;8483403090
11912;6,23776E+12;6237761708690;V008-TMT;Kugelgewindetrieb KGT2005-4-L1500;;62,22;Y;0;0;1;4250;1500;58;44;Y;Y;N;4,38;150;5,8;4,4;8483403090
11911;6,23259E+12;6232592040476;V008-TMT;Kugelgewindetrieb KGT2005-4-L1400;;59,73;Y;0;0;1;3980;1400;58;44;Y;Y;N;4,1;140;5,8;4,4;8483403090
11910;6,23979E+12;6239794231169;V008-TMT;Kugelgewindetrieb KGT2005-4-L1300;;57,21;Y;0;0;1;3710;1300;58;44;Y;Y;N;3,82;130;5,8;4,4;8483403090
11909;6,23125E+12;6231254923362;V008-TMT;Kugelgewindetrieb KGT2005-4-L1150;;53,67;Y;0;0;1;3310;1150;58;44;Y;Y;N;3,41;115;5,8;4,4;8483403090
11908;6,23985E+12;6239854971431;V008-TMT;Kugelgewindetrieb KGT2005-4-L900;;49,93;Y;0;0;1;2630;900;58;44;Y;Y;N;2,71;90;5,8;4,4;8483403090
11907;6,23983E+12;6239827376362;V008-TMT;Kugelgewindetrieb KGT2005-4-L550;;40,9;Y;0;0;1;1690;550;58;44;Y;Y;N;1,74;55;5,8;4,4;8483403090
11906;6,23826E+12;6238262969405;V008-TMT;Kugelgewindetrieb KGT2005-4-L450;;40,08;Y;0;0;1;1420;450;58;44;Y;Y;N;1,46;45;5,8;4,4;8483403090
11905;6,23307E+12;6233068024570;V008-TMT;Kugelgewindetrieb KGT2005-4-L350;;37,3;Y;0;0;1;1150;350;58;44;Y;Y;N;1,18;35;5,8;4,4;8483403090
11904;6,23667E+12;6236674546061;V008-TMT;Kugelgewindetrieb KGT1610-3_2-L2000;;65,72;Y;0;0;1;3450;2000;48;40;Y;Y;N;3,55;200;4,8;4;8483403090
11903;6,23166E+12;6231657662493;V008-TMT;Kugelgewindetrieb KGT1610-3_2-L1800;;63,03;Y;0;0;1;3120;1800;48;40;Y;Y;N;3,21;180;4,8;4;8483403090
11902;6,23055E+12;6230545794230;V008-TMT;Kugelgewindetrieb KGT1610-3_2-L1600;;58,73;Y;0;0;1;2790;1600;48;40;Y;Y;N;2,87;160;4,8;4;8483403090
11901;6,23795E+12;6237945319896;V008-TMT;Kugelgewindetrieb KGT1610-3_2-L1500;;56,33;Y;0;0;1;2620;1500;48;40;Y;Y;N;2,7;150;4,8;4;8483403090
11900;6,23631E+12;6236306199757;V008-TMT;Kugelgewindetrieb KGT1610-3_2-L1400;;53,96;Y;0;0;1;2450;1400;48;40;Y;Y;N;2,52;140;4,8;4;8483403090
11899;6,23474E+12;6234737456845;V008-TMT;Kugelgewindetrieb KGT1610-3_2-L1300;;52,01;Y;0;0;1;2290;1300;48;40;Y;Y;N;2,36;130;4,8;4;8483403090
11898;6,23751E+12;6237514276629;V008-TMT;Kugelgewindetrieb KGT1610-3_2-L1150;;49,85;Y;0;0;1;2040;1150;48;40;Y;Y;N;2,1;115;4,8;4;8483403090
11897;6,2321E+12;6232104771249;V008-TMT;Kugelgewindetrieb KGT1610-3_2-L900;;45,45;Y;0;0;1;1620;900;48;40;Y;Y;N;1,67;90;4,8;4;8483403090
11896;6,23076E+12;6230760252997;V008-TMT;Kugelgewindetrieb KGT1605-3-L2000;;63,42;Y;0;0;1;3450;2000;48;40;Y;Y;N;3,55;200;4,8;4;8483403090
11895;6,23079E+12;6230789093670;V008-TMT;Kugelgewindetrieb KGT1605-3-L1800;;59,12;Y;0;0;1;3120;1800;48;40;Y;Y;N;3,21;180;4,8;4;8483403090
11894;6,23007E+12;6230068771589;V008-TMT;Kugelgewindetrieb KGT1605-3-L1600;;54,8;Y;0;0;1;2790;1600;48;40;Y;Y;N;2,87;160;4,8;4;8483403090
11893;6,23802E+12;6238021343682;V008-TMT;Kugelgewindetrieb KGT1605-3-L1500;;52,84;Y;0;0;1;2620;1500;48;40;Y;Y;N;2,7;150;4,8;4;8483403090
11892;6,23063E+12;6230629943196;V008-TMT;Kugelgewindetrieb KGT1605-3-L1400;;51,68;Y;0;0;1;2450;1400;48;40;Y;Y;N;2,52;140;4,8;4;8483403090
11891;6,23722E+12;6237219805469;V008-TMT;Kugelgewindetrieb KGT1605-3-L1300;;49,71;Y;0;0;1;2290;1300;48;40;Y;Y;N;2,36;130;4,8;4;8483403090
11890;6,23891E+12;6238907588626;V008-TMT;Kugelgewindetrieb KGT1605-3-L1150;;47,82;Y;0;0;1;2040;1150;48;40;Y;Y;N;2,1;115;4,8;4;8483403090
11889;6,23124E+12;6231240567884;V008-TMT;Kugelgewindetrieb KGT1605-3-L900;;42,22;Y;0;0;1;1620;900;48;40;Y;Y;N;1,67;90;4,8;4;8483403090
11888;6,23325E+12;6233252830932;V008-TMT;Kugelgewindetrieb KGT1605-3-L550;;35,71;Y;0;0;1;1040;550;48;40;Y;Y;N;1,07;55;4,8;4;8483403090
11887;6,23151E+12;6231514593380;V008-TMT;Kugelgewindetrieb KGT1605-3-L450;;33,07;Y;0;0;1;880;450;48;40;Y;Y;N;0,91;45;4,8;4;8483403090
11886;6,23492E+12;6234920817149;V008-TMT;Kugelgewindetrieb KGT1605-3-L350;;32,3;Y;0;0;1;710;350;48;40;Y;Y;N;0,73;35;4,8;4;8483403090
11885;6,23482E+12;6234824239283;V008-TMT;Kugelgewindetrieb KGT1204-3-L1500;;56,47;Y;0;0;1;1280;1500;40;30;Y;Y;N;1,32;150;4;3;8483403090
11884;6,23433E+12;6234328399551;V008-TMT;Kugelgewindetrieb KGT1204-3-L1400;;54,17;Y;0;0;1;1190;1400;40;30;Y;Y;N;1,23;140;4;3;8483403090
11883;6,23357E+12;6233568106134;V008-TMT;Kugelgewindetrieb KGT1204-3-L1300;;51,91;Y;0;0;1;1110;1300;40;30;Y;Y;N;1,14;130;4;3;8483403090
11882;6,23939E+12;6239385231158;V008-TMT;Kugelgewindetrieb KGT1204-3-L1150;;49,87;Y;0;0;1;980;1150;40;30;Y;Y;N;1,01;115;4;3;8483403090
11881;6,23897E+12;6238970899940;V008-TMT;Kugelgewindetrieb KGT1204-3-L900;;45,33;Y;0;0;1;780;900;40;30;Y;Y;N;0,8;90;4;3;8483403090
11880;6,23183E+12;6231825629662;V008-TMT;Kugelgewindetrieb KGT1204-3-L550;;38,87;Y;0;0;1;490;550;40;30;Y;Y;N;0,5;55;4;3;8483403090
11879;6,23929E+12;6239286104490;V008-TMT;Kugelgewindetrieb KGT1204-3-L450;;36,33;Y;0;0;1;400;450;40;30;Y;Y;N;0,41;45;4;3;8483403090
11878;6,23358E+12;6233576896713;V008-TMT;Kugelgewindetrieb KGT1204-3-L350;;33,79;Y;0;0;1;320;350;40;30;Y;Y;N;0,33;35;4;3;8483403090
11877;6,23818E+12;6238182532581;V082-TMT;Linearführung Schwerlast HGW45HC;;69,91;Y;0;0;1;4200;180;120;75;Y;Y;N;4,33;18;12;7,5;8487909090
11876;6,23029E+12;6230289217484;V082-TMT;Linearführung Schwerlast HGW35HC;;41,72;Y;0;0;1;2250;150;100;60;Y;Y;N;2,32;15;10;6;8487909090
11875;6,23848E+12;6238480445941;V082-TMT;Linearführung Schwerlast HGW30HC;;31,18;Y;0;0;1;1450;136;90;55;Y;Y;N;1,49;13,6;9;5,5;8487909090
11874;6,2367E+12;6236699987023;V082-TMT;Linearführung Schwerlast HGW25HC;;25,46;Y;0;0;1;850;116;70;50;Y;Y;N;0,88;11,6;7;5;8487909090
11873;6,23113E+12;6231126672824;V082-TMT;Linearführung Schwerlast HGW20HC;;20,27;Y;0;0;1;490;90;63;42;Y;Y;N;0,5;9;6,3;4,2;8487909090
11872;6,23495E+12;6234945631201;V082-TMT;Linearführung Schwerlast HGH45HA;;69,56;Y;0;0;1;3900;180;95;58;Y;Y;N;4,02;18;9,5;5,8;8487909090
11871;6,23833E+12;6238328216696;V082-TMT;Linearführung Schwerlast HGH35HA;;41,54;Y;0;0;1;2100;150;70;46;Y;Y;N;2,16;15;7;4,6;8487909090
11870;6,2306E+12;6230601001128;V082-TMT;Linearführung Schwerlast HGH30HA;;29,36;Y;0;0;1;1200;130;60;40;Y;Y;N;1,24;13;6;4;8487909090
11869;6,23204E+12;6232040293232;V082-TMT;Linearführung Schwerlast HGH25HA;;25,26;Y;0;0;1;700;113;50;36;Y;Y;N;0,72;11,3;5;3,6;8487909090
11868;6,23433E+12;6234330462250;V082-TMT;Linearführung Schwerlast HGH20HA;;20,1;Y;0;0;1;380;97;44;30;Y;Y;N;0,39;9,7;4,4;3;8487909090
11867;6,23206E+12;6232064806630;V082-TMT;Linearführung Schwerlast HGR45 - 100mm;;17,29;Y;0;0;1;3080;1100;45;30;Y;Y;N;3,17;110;4,5;3;8487909090
11866;6,23327E+12;6233267368000;V082-TMT;Linearführung Schwerlast HGW45CC;;53,56;Y;0;0;1;4100;180;120;58;Y;Y;N;4,22;18;12;5,8;8487909090
11865;6,2389E+12;6238896362276;V082-TMT;Linearführung Schwerlast HGH45CA;;50,66;Y;0;0;1;3500;154;95;58;Y;Y;N;3,61;15,4;9,5;5,8;8487909090
11864;6,23229E+12;6232292706269;V082-TMT;Linearführung Schwerlast HGR35 - 100mm;;11,56;Y;0;0;1;1830;1100;32;25;Y;Y;N;1,88;110;3,2;2,5;8487909090
11863;6,23856E+12;6238559235312;V082-TMT;Linearführung Schwerlast HGW35CC;;33,15;Y;0;0;1;2200;150;100;46;Y;Y;N;2,27;15;10;4,6;8487909090
11862;6,23966E+12;6239657776721;V082-TMT;Linearführung Schwerlast HGH35CA;;30,16;Y;0;0;1;1800;120;70;46;Y;Y;N;1,85;12;7;4,6;8487909090
11861;6,23963E+12;6239627968996;V082-TMT;Linearführung Schwerlast HGR30 - 100mm;;9,49;Y;0;0;1;1230;1100;28;20;Y;Y;N;1,27;110;2,8;2;8487909090
11860;6,23748E+12;6237482831981;V082-TMT;Linearführung Schwerlast HGW30CC;;23,88;Y;0;0;1;1400;136;90;40;Y;Y;N;1,44;13,6;9;4;8487909090
11859;6,23902E+12;6239019102212;V082-TMT;Linearführung Schwerlast HGH30CA;;22,25;Y;0;0;1;1050;109;60;40;Y;Y;N;1,08;10,9;6;4;8487909090
11858;6,23906E+12;6239056665329;V082-TMT;Linearführung Schwerlast HGR25 - 100mm;;7,65;Y;0;0;1;890;100;23;18;Y;Y;N;0,92;10;2,3;1,8;8487909090
11857;6,23686E+12;6236864422915;V082-TMT;Linearführung Schwerlast HGW25CC;;17,92;Y;0;0;1;800;116;70;36;Y;Y;N;0,82;11,6;7;3,6;8487909090
11856;6,23504E+12;6235038528750;V082-TMT;Linearführung Schwerlast HGH25CA;;16,46;Y;0;0;1;610;98;50;36;Y;Y;N;0,63;9,8;5;3,6;8487909090
11855;6,23592E+12;6235917309814;V082-TMT;Linearführung Schwerlast HGR20 - 100mm;;5,73;Y;0;0;1;560;1100;20;16;Y;Y;N;0,58;110;2;1,6;8487909090
11854;6,23512E+12;6235124419351;V082-TMT;Linearführung Schwerlast HGW20CC;;12,44;Y;0;0;1;450;90;63;30;Y;Y;N;0,46;9;6,3;3;8487909090
11853;6,23881E+12;6238814409601;V082-TMT;Linearführung Schwerlast HGH20CA;;10,98;Y;0;0;1;330;77;44;30;Y;Y;N;0,34;7,7;4,4;3;8487909090
11852;6,23946E+12;6239459744850;V082-TMT;Linearführung Schwerlast HGR15 - 100mm;;5,35;Y;0;0;1;370;1100;15;14;Y;Y;N;0,38;110;1,5;1,4;8487909090
11851;6,23624E+12;6236243748148;V082-TMT;Linearführung Schwerlast HGW15CC;;12,13;Y;0;0;1;260;78;50;26;Y;Y;N;0,27;7,8;5;2,6;8487909090
11850;6,23473E+12;6234734292903;V082-TMT;Linearführung Schwerlast HGH15CA;;10,76;Y;0;0;1;190;64;34;26;Y;Y;N;0,2;6,4;3,4;2,6;8487909090
11849;6,23706E+12;6237063167379;V074-TMT;Linearführung flach & schnell EGW30SA;;35,23;Y;0;0;1;1200;115;90;40;Y;Y;N;1,24;11,5;9;4;8487909090
11848;6,2394E+12;6239398470391;V074-TMT;Linearführung flach & schnell EGW25SA;;27,23;Y;0;0;1;630;90;70;36;Y;Y;N;0,65;9;7;3,6;8487909090
11847;6,23155E+12;6231548613849;V074-TMT;Linearführung flach & schnell EGW20SA;;18,4;Y;0;0;1;360;75;63;30;Y;Y;N;0,37;7,5;6,3;3;8487909090
11846;6,23541E+12;6235405738829;V074-TMT;Linearführung flach & schnell EGW15SA;;18,22;Y;0;0;1;220;60;50;26;Y;Y;N;0,23;6;5;2,6;8487909090
11845;6,23119E+12;6231191201356;V074-TMT;Linearführung flach & schnell EGH30SA;;32,59;Y;0;0;1;1000;95;60;46;Y;Y;N;1,03;9,5;6;4,6;8487909090
11844;6,23176E+12;6231758656483;V074-TMT;Linearführung flach & schnell EGH25SA;;25,01;Y;0;0;1;520;85;49;38;Y;Y;N;0,54;8,5;4,9;3,8;8487909090
11843;6,23967E+12;6239673792842;V074-TMT;Linearführung flach & schnell EGH20SA;;17,71;Y;0;0;1;280;65;42;30;Y;Y;N;0,29;6,5;4,2;3;8487909090
11842;6,23658E+12;6236584491482;V074-TMT;Linearführung flach & schnell EGH15SA;;16,93;Y;0;0;1;140;52;34;24;Y;Y;N;0,14;5,2;3,4;2,4;8487909090
11841;6,23865E+12;6238647088165;V074-TMT;Linearführung flach & schnell EGR30 100mm;;12,24;Y;0;0;1;1220;100;28;23;Y;Y;N;1,26;10;2,8;2,3;8487909090
11840;6,23149E+12;6231491672528;V074-TMT;Linearführung flach & schnell EGW30CC;;35,48;Y;0;0;1;1400;136;90;40;Y;Y;N;1,44;13,6;9;4;8487909090
11839;6,23053E+12;6230532652321;V074-TMT;Linearführung flach & schnell EGH30CA;;32,85;Y;0;0;1;1200;110;60;46;Y;Y;N;1,24;11;6;4,6;8487909090
11838;6,235E+12;6234996406711;V074-TMT;Linearführung flach & schnell EGR25 100mm;;9,25;Y;0;0;1;890;100;23;18;Y;Y;N;0,92;10;2,3;1,8;8487909090
11837;6,23163E+12;6231629230538;V074-TMT;Linearführung flach & schnell EGW25CC;;27,47;Y;0;0;1;800;116;70;36;Y;Y;N;0,82;11,6;7;3,6;8487909090
11836;6,23812E+12;6238124715997;V074-TMT;Linearführung flach & schnell EGH25CA;;25,19;Y;0;0;1;650;98;49;38;Y;Y;N;0,67;9,8;4,9;3,8;8487909090
11835;6,2389E+12;6238902699341;V074-TMT;Linearführung flach & schnell EGR20 100mm;;7,51;Y;0;0;1;600;100;20;16;Y;Y;N;0,62;10;2;1,6;8487909090
11834;6,23983E+12;6239829986231;V074-TMT;Linearführung flach & schnell EGW20CC;;18,53;Y;0;0;1;450;90;63;30;Y;Y;N;0,46;9;6,3;3;8487909090
11833;6,23469E+12;6234691067798;V074-TMT;Linearführung flach & schnell EGH20CA;;17,77;Y;0;0;1;320;77;42;30;Y;Y;N;0,33;7,7;4,2;3;8487909090
11832;6,23944E+12;6239440162526;V074-TMT;Linearführung flach & schnell EGR15 100mm;;7,04;Y;0;0;1;370;100;15;12,5;Y;Y;N;0,38;10;1,5;1,25;8487909090
11831;6,23224E+12;6232244337749;V074-TMT;Linearführung flach & schnell EGW15CC;;18,28;Y;0;0;1;260;78;50;26;Y;Y;N;0,27;7,8;5;2,6;8487909090
11830;6,23965E+12;6239649586086;V074-TMT;Linearführung flach & schnell EGH15CA;;16,88;Y;0;0;1;110;47;34;24;Y;Y;N;0,11;4,7;3,4;2,4;8487909090
11829;6,23337E+12;6233374515021;V002-TMT;Zahnriemen HTD5M-15-1300;;11,6;Y;0;0;1;90;180;150;15;Y;Y;N;0,09;18;15;1,5;4010390090
11828;6,23301E+12;6233009612415;V002-TMT;Zahnriemen HTD5M-18-1220;;13,67;Y;0;0;1;100;180;150;18;Y;Y;N;0,1;18;15;1,8;4010390090
11827;6,23124E+12;6231241221990;V002-TMT;Zahnriemen HTD5M-15-1220;;11,47;Y;0;0;1;80;180;150;15;Y;Y;N;0,08;18;15;1,5;4010390090
11826;6,23887E+12;6238872819848;V002-TMT;Zahnriemen HTD5M-17-820;;9,38;Y;0;0;1;60;180;150;17;Y;Y;N;0,06;18;15;1,7;4010390090
11825;6,23407E+12;6234074431765;V002-TMT;Zahnriemen HTD5M-25-800;;11,8;Y;0;0;1;90;180;150;25;Y;Y;N;0,09;18;15;2,5;4010390090
11824;6,2359E+12;6235899358824;V002-TMT;Zahnriemen HTD5M-25-600;;9,41;Y;0;0;1;70;180;150;25;Y;Y;N;0,07;18;15;2,5;4010390090
11823;6,23062E+12;6230618600581;V002-TMT;Zahnriemen HTD5M-20-600;;8,8;Y;0;0;1;50;180;150;20;Y;Y;N;0,05;18;15;2;4010390090
11822;6,23263E+12;6232629395517;V002-TMT;Zahnriemen HTD5M-25-550;;10,53;Y;0;0;1;60;180;150;25;Y;Y;N;0,06;18;15;2,5;4010390090
11821;6,23464E+12;6234644069183;V002-TMT;Zahnriemen HTD5M-13-550;;6,52;Y;0;0;1;30;180;150;13;Y;Y;N;0,03;18;15;1,3;4010390090
11820;6,23207E+12;6232067650407;V002-TMT;Zahnriemen HTD5M-11-550;;5,69;Y;0;0;1;30;180;150;11;Y;Y;N;0,03;18;15;1,1;4010390090
11819;6,23818E+12;6238176473777;V002-TMT;Zahnriemen HTD5M-15-515;;6,07;Y;0;0;1;30;180;150;15;Y;Y;N;0,03;18;15;1,5;4010390090
11818;6,23005E+12;6230054784746;V002-TMT;Zahnriemen HTD5M-15-510;;5,99;Y;0;0;1;30;180;150;15;Y;Y;N;0,03;18;15;1,5;4010390090
11817;6,23841E+12;6238413963610;V002-TMT;Zahnriemen HTD5M-25-500;;8,75;Y;0;0;1;60;180;150;25;Y;Y;N;0,06;18;15;2,5;4010390090
11816;6,2394E+12;6239402400512;V002-TMT;Zahnriemen HTD5M-13-500;;5,42;Y;0;0;1;30;180;150;13;Y;Y;N;0,03;18;15;1,3;4010390090
11815;6,23936E+12;6239361467229;V002-TMT;Zahnriemen HTD5M-9-495;;4,51;Y;0;0;1;20;180;150;9;Y;Y;N;0,02;18;15;0,9;4010390090
11814;6,23463E+12;6234629419118;V002-TMT;Zahnriemen HTD5M-14-490;;5,45;Y;0;0;1;30;180;150;14;Y;Y;N;0,03;18;15;1,4;4010390090
11813;6,23886E+12;6238863506467;V002-TMT;Zahnriemen HTD5M-10-475;;4,41;Y;0;0;1;20;180;150;10;Y;Y;N;0,02;18;15;1;4010390090
11812;6,23376E+12;6233762483987;V002-TMT;Zahnriemen HTD5M-9-475;;4,24;Y;0;0;1;20;180;150;9;Y;Y;N;0,02;18;15;0,9;4010390090
11811;6,23818E+12;6238179432160;V002-TMT;Zahnriemen HTD5M-22-460;;7,72;Y;0;0;1;50;180;150;22;Y;Y;N;0,05;18;15;2,2;4010390090
11810;6,2351E+12;6235102281338;V002-TMT;Zahnriemen HTD5M-20-460;;7,15;Y;0;0;1;40;180;150;20;Y;Y;N;0,04;18;15;2;4010390090
11809;6,2306E+12;6230595202167;V002-TMT;Zahnriemen HTD5M-25-450;;7,92;Y;0;0;1;50;180;150;25;Y;Y;N;0,05;18;15;2,5;4010390090
11808;6,23076E+12;6230755447797;V002-TMT;Zahnriemen HTD5M-13-390;;5,28;Y;0;0;1;20;180;150;13;Y;Y;N;0,02;18;15;1,3;4010390090
11807;6,23558E+12;6235576790763;V002-TMT;Zahnriemen HTD5M-13-380;;4,64;Y;0;0;1;20;180;150;13;Y;Y;N;0,02;18;15;1,3;4010390090
11806;6,23893E+12;6238934690606;V002-TMT;Zahnriemen HTD5M-13-375;;5,14;Y;0;0;1;20;180;150;13;Y;Y;N;0,02;18;15;1,3;4010390090
11805;6,23552E+12;6235518045814;V002-TMT;Zahnriemen HTD5M-12-375;;4,74;Y;0;0;1;20;180;150;12;Y;Y;N;0,02;18;15;1,2;4010390090
11804;6,23159E+12;6231585843759;V002-TMT;Zahnriemen HTD5M-20-360;;7,35;Y;0;0;1;30;180;150;20;Y;Y;N;0,03;18;15;2;4010390090
11803;6,2314E+12;6231395215623;V002-TMT;Zahnriemen HTD5M-13-360;;4,78;Y;0;0;1;20;180;150;13;Y;Y;N;0,02;18;15;1,3;4010390090
11802;6,2396E+12;6239604680279;V002-TMT;Zahnriemen HTD5M-15-355;;4,71;Y;0;0;1;20;180;150;15;Y;Y;N;0,02;18;15;1,5;4010390090
11801;6,23036E+12;6230364036221;V002-TMT;Zahnriemen HTD5M-25-350;;7,27;Y;0;0;1;40;180;150;25;Y;Y;N;0,04;18;15;2,5;4010390090
11800;6,23759E+12;6237594634401;V002-TMT;Zahnriemen HTD5M-13-340;;4,49;Y;0;0;1;20;180;150;13;Y;Y;N;0,02;18;15;1,3;4010390090
11799;6,23854E+12;6238542913913;V002-TMT;Zahnriemen HTD5M-13-330;;4,39;Y;0;0;1;20;180;150;13;Y;Y;N;0,02;18;15;1,3;4010390090
11798;6,23876E+12;6238764201676;V002-TMT;Zahnriemen HTD5M-12-330;;4,74;Y;0;0;1;20;180;150;12;Y;Y;N;0,02;18;15;1,2;4010390090
11797;6,23602E+12;6236017127704;V002-TMT;Zahnriemen HTD5M-13-325;;4,78;Y;0;0;1;20;180;150;13;Y;Y;N;0,02;18;15;1,3;4010390090
11796;6,23346E+12;6233461484957;V002-TMT;Zahnriemen HTD5M-13-320;;4,25;Y;0;0;1;20;180;150;13;Y;Y;N;0,02;18;15;1,3;4010390090
11795;6,23667E+12;6236666279670;V002-TMT;Zahnriemen HTD5M-13-315;;4,25;Y;0;0;1;20;180;150;13;Y;Y;N;0,02;18;15;1,3;4010390090
11794;6,23986E+12;6239855845670;V002-TMT;Zahnriemen HTD5M-13-310;;4,34;Y;0;0;1;20;180;150;13;Y;Y;N;0,02;18;15;1,3;4010390090
11793;6,23441E+12;6234405848248;V002-TMT;Zahnriemen HTD5M-15-305;;4,44;Y;0;0;1;20;180;150;15;Y;Y;N;0,02;18;15;1,5;4010390090
11792;6,23206E+12;6232056262727;V002-TMT;Zahnriemen HTD5M-13-305;;4,49;Y;0;0;1;20;180;150;13;Y;Y;N;0,02;18;15;1,3;4010390090
11791;6,23843E+12;6238432980476;V002-TMT;Zahnriemen HTD5M-25-300;;7,61;Y;0;0;1;30;180;150;25;Y;Y;N;0,03;18;15;2,5;4010390090
11790;6,23466E+12;6234661028965;V002-TMT;Zahnriemen HTD5M-13-300;;4,78;Y;0;0;1;20;180;150;13;Y;Y;N;0,02;18;15;1,3;4010390090
11789;6,23285E+12;6232848824829;V002-TMT;Zahnriemen HTD5M-9-290;;3,31;Y;0;0;1;10;180;150;9;Y;Y;N;0,01;18;15;0,9;4010390090
11788;6,23695E+12;6236950790805;V002-TMT;Zahnriemen HTD5M-10-270;;3,19;Y;0;0;1;10;180;150;10;Y;Y;N;0,01;18;15;1;4010390090
11787;6,23773E+12;6237732960720;V002-TMT;Zahnriemen HTD5M-9-270;;3,15;Y;0;0;1;10;180;150;9;Y;Y;N;0,01;18;15;0,9;4010390090
11786;6,23941E+12;6239412965322;V002-TMT;Zahnriemen HTD5M-15-230;;3,79;Y;0;0;1;20;180;150;15;Y;Y;N;0,02;18;15;1,5;4010390090
11785;6,23267E+12;6232673497243;V002-TMT;Zahnriemen HTD5M-15-225;;3,74;Y;0;0;1;20;180;150;15;Y;Y;N;0,02;18;15;1,5;4010390090
11784;6,23361E+12;6233610055663;V002-TMT;Zahnriemen HTD5M-15-215;;4,56;Y;0;0;1;10;180;150;15;Y;Y;N;0,01;18;15;1,5;4010390090
11783;6,2302E+12;6230200391491;V002-TMT;Zahnriemen HTD5M-15-210;;4,51;Y;0;0;1;10;180;150;15;Y;Y;N;0,01;18;15;1,5;4010390090
11782;6,23169E+12;6231693891109;V002-TMT;Zahnriemen HTD5M-15-205;;4,44;Y;0;0;1;10;180;150;15;Y;Y;N;0,01;18;15;1,5;4010390090
11781;6,23758E+12;6237576290540;V002-TMT;Zahnriemen HTD3M-10-699;;4,61;Y;0;0;1;20;90;80;10;Y;Y;N;0,02;9;8;1;4010390090
11780;6,23701E+12;6237011800389;V002-TMT;Zahnriemen HTD3M-10-687;;4,57;Y;0;0;1;20;90;80;10;Y;Y;N;0,02;9;8;1;4010390090
11779;6,23091E+12;6230909953877;V002-TMT;Zahnriemen HTD3M-10-681;;4,57;Y;0;0;1;20;90;80;10;Y;Y;N;0,02;9;8;1;4010390090
11778;6,23844E+12;6238439781700;V002-TMT;Zahnriemen HTD3M-10-675;;4,43;Y;0;0;1;20;90;80;10;Y;Y;N;0,02;9;8;1;4010390090
11777;6,23121E+12;6231209443655;V002-TMT;Zahnriemen HTD3M-15-669;;6,02;Y;0;0;1;30;90;80;15;Y;Y;N;0,03;9;8;1,5;4010390090
11776;6,23192E+12;6231918588180;V002-TMT;Zahnriemen HTD3M-10-669;;4,43;Y;0;0;1;20;90;80;10;Y;Y;N;0,02;9;8;1;4010390090
11775;6,23577E+12;6235767676142;V002-TMT;Zahnriemen HTD3M-10-663;;4,43;Y;0;0;1;20;90;80;10;Y;Y;N;0,02;9;8;1;4010390090
11774;6,23095E+12;6230952929447;V002-TMT;Zahnriemen HTD3M-10-648;;4,3;Y;0;0;1;20;90;80;10;Y;Y;N;0,02;9;8;1;4010390090
11773;6,2376E+12;6237596656395;V002-TMT;Zahnriemen HTD3M-9-639;;4,78;Y;0;0;1;20;90;80;9;Y;Y;N;0,02;9;8;0,9;4010390090
11772;6,23317E+12;6233165672728;V002-TMT;Zahnriemen HTD3M-10-630;;4,43;Y;0;0;1;20;90;80;10;Y;Y;N;0,02;9;8;1;4010390090
11771;6,23583E+12;6235830281341;V002-TMT;Zahnriemen HTD3M-9-609;;4,78;Y;0;0;1;10;90;80;9;Y;Y;N;0,01;9;8;0,9;4010390090
11770;6,23828E+12;6238277664661;V002-TMT;Zahnriemen HTD3M-9-603;;4,78;Y;0;0;1;10;90;80;9;Y;Y;N;0,01;9;8;0,9;4010390090
11769;6,2303E+12;6230299802380;V002-TMT;Zahnriemen HTD3M-10-600;;4,3;Y;0;0;1;20;90;80;10;Y;Y;N;0,02;9;8;1;4010390090
11768;6,2315E+12;6231498197963;V002-TMT;Zahnriemen HTD3M-10-597;;4,3;Y;0;0;1;20;90;80;10;Y;Y;N;0,02;9;8;1;4010390090
11767;6,23128E+12;6231280924746;V002-TMT;Zahnriemen HTD3M-10-585;;4,16;Y;0;0;1;20;90;80;10;Y;Y;N;0,02;9;8;1;4010390090
11766;6,23437E+12;6234365764282;V002-TMT;Zahnriemen HTD3M-10-570;;4,16;Y;0;0;1;20;90;80;10;Y;Y;N;0,02;9;8;1;4010390090
11765;6,23095E+12;6230951040815;V002-TMT;Zahnriemen HTD3M-10-564;;4,02;Y;0;0;1;20;90;80;10;Y;Y;N;0,02;9;8;1;4010390090
11764;6,2395E+12;6239497158565;V002-TMT;Zahnriemen HTD3M-15-4326;;28,9;Y;0;0;1;170;90;80;15;Y;Y;N;0,18;9;8;1,5;4010390090
11763;6,23643E+12;6236429877617;V002-TMT;Zahnriemen HTD3M-15-4317;;29,08;Y;0;0;1;170;90;80;15;Y;Y;N;0,18;9;8;1,5;4010390090
11762;6,23479E+12;6234791383248;V002-TMT;Zahnriemen HTD3M-10-4314;;29,67;Y;0;0;1;120;90;80;10;Y;Y;N;0,12;9;8;1;4010390090
11761;6,23443E+12;6234430896863;V002-TMT;Zahnriemen HTD3M-10-4311;;29,67;Y;0;0;1;120;90;80;10;Y;Y;N;0,12;9;8;1;4010390090
11760;6,23666E+12;6236664844443;V002-TMT;Zahnriemen HTD3M-18-3210;;29,05;Y;0;0;1;150;90;80;18;Y;Y;N;0,15;9;8;1,8;4010390090
11759;6,23719E+12;6237186991127;V002-TMT;Zahnriemen HTD3M-18-2388;;16,81;Y;0;0;1;110;90;80;18;Y;Y;N;0,11;9;8;1,8;4010390090
11758;6,23326E+12;6233264881090;V002-TMT;Zahnriemen HTD3M-15-2388;;16,3;Y;0;0;1;100;90;80;15;Y;Y;N;0,1;9;8;1,5;4010390090
11757;6,2378E+12;6237804204899;V002-TMT;Zahnriemen HTD3M-15-2190;;17,97;Y;0;0;1;90;90;80;15;Y;Y;N;0,09;9;8;1,5;4010390090
11756;6,23692E+12;6236918285817;V002-TMT;Zahnriemen HTD3M-15-1905;;16,77;Y;0;0;1;80;90;80;15;Y;Y;N;0,08;9;8;1,5;4010390090
11755;6,23388E+12;6233882659989;V002-TMT;Zahnriemen HTD3M-10-1905;;12,02;Y;0;0;1;50;90;80;10;Y;Y;N;0,05;9;8;1;4010390090
11754;6,23203E+12;6232033895344;V002-TMT;Zahnriemen HTD3M-15-1701;;14,62;Y;0;0;1;70;90;80;15;Y;Y;N;0,07;9;8;1,5;4010390090
11753;6,2396E+12;6239602131346;V002-TMT;Zahnriemen HTD3M-10-1701;;10,89;Y;0;0;1;50;90;80;10;Y;Y;N;0,05;9;8;1;4010390090
11752;6,23058E+12;6230576903946;V002-TMT;Zahnriemen HTD3M-10-1638;;10,88;Y;0;0;1;40;90;80;10;Y;Y;N;0,04;9;8;1;4010390090
11751;6,23528E+12;6235277464697;V002-TMT;Zahnriemen HTD3M-6-1245;;6,16;Y;0;0;1;20;90;80;6;Y;Y;N;0,02;9;8;0,6;4010390090
11750;6,23219E+12;6232189610457;V002-TMT;Zahnriemen HTD3M-15-1125;;9,97;Y;0;0;1;50;90;80;15;Y;Y;N;0,05;9;8;1,5;4010390090
11749;6,23517E+12;6235166598915;V002-TMT;Zahnriemen HTD3M-6-1125;;6,16;Y;0;0;1;20;90;80;6;Y;Y;N;0,02;9;8;0,6;4010390090
11748;6,23409E+12;6234085955519;V002-TMT;Zahnriemen HTD3M-10-1002;;7,66;Y;0;0;1;30;90;80;10;Y;Y;N;0,03;9;8;1;4010390090
11747;6,23816E+12;6238162525275;V002-TMT;Zahnriemen HTD3M-10-972;;7,66;Y;0;0;1;30;90;80;10;Y;Y;N;0,03;9;8;1;4010390090
11746;6,23502E+12;6235024884983;V002-TMT;Zahnriemen HTD3M-10-900;;6,84;Y;0;0;1;20;90;80;10;Y;Y;N;0,02;9;8;1;4010390090
11745;6,23794E+12;6237943286862;V002-TMT;Zahnriemen HTD3M-10-801;;5,09;Y;0;0;1;20;90;80;10;Y;Y;N;0,02;9;8;1;4010390090
11744;6,23693E+12;6236931435961;V002-TMT;Zahnriemen HTD3M-16-225;;3,13;Y;0;0;1;10;90;80;16;Y;Y;N;0,01;9;8;1,6;4010390090
11743;6,23867E+12;6238668760088;V002-TMT;Zahnriemen HTD3M-10-216;;2,86;Y;0;0;1;10;90;80;10;Y;Y;N;0,01;9;8;1;4010390090
11742;6,23407E+12;6234070876751;V002-TMT;Zahnriemen HTD3M-9-213;;3;Y;0;0;1;10;90;80;9;Y;Y;N;0,01;9;8;0,9;4010390090
11741;6,23647E+12;6236474197326;V002-TMT;Zahnriemen HTD3M-15-207;;3,68;Y;0;0;1;10;90;80;15;Y;Y;N;0,01;9;8;1,5;4010390090
11740;6,23529E+12;6235294217153;V002-TMT;Zahnriemen HTD3M-15-204;;3,68;Y;0;0;1;10;90;80;15;Y;Y;N;0,01;9;8;1,5;4010390090
11739;6,2348E+12;6234796563966;V002-TMT;Zahnriemen HTD3M-15-201;;3,63;Y;0;0;1;10;90;80;15;Y;Y;N;0,01;9;8;1,5;4010390090
11738;6,23482E+12;6234822919095;V002-TMT;Zahnriemen HTD3M-6-201;;2,05;Y;0;0;1;0;90;80;6;Y;Y;N;0;9;8;0,6;4010390090
11737;6,23769E+12;6237686148397;V002-TMT;Zahnriemen HTD3M-15-198;;3,68;Y;0;0;1;10;90;80;15;Y;Y;N;0,01;9;8;1,5;4010390090
11736;6,23864E+12;6238636027373;V002-TMT;Zahnriemen HTD3M-10-198;;2,86;Y;0;0;1;10;90;80;10;Y;Y;N;0,01;9;8;1;4010390090
11735;6,2385E+12;6238500032236;V002-TMT;Zahnriemen HTD3M-15-195;;3,68;Y;0;0;1;10;90;80;15;Y;Y;N;0,01;9;8;1,5;4010390090
11734;6,23882E+12;6238815258314;V002-TMT;Zahnriemen HTD3M-15-192;;3,3;Y;0;0;1;10;90;80;15;Y;Y;N;0,01;9;8;1,5;4010390090
11733;6,23549E+12;6235493046523;V002-TMT;Zahnriemen HTD3M-10-192;;2,55;Y;0;0;1;10;90;80;10;Y;Y;N;0,01;9;8;1;4010390090
11732;6,23301E+12;6233012636156;V002-TMT;Zahnriemen HTD3M-15-189;;3,3;Y;0;0;1;10;90;80;15;Y;Y;N;0,01;9;8;1,5;4010390090
11731;6,23546E+12;6235463416387;V002-TMT;Zahnriemen HTD3M-10-189;;2,55;Y;0;0;1;10;90;80;10;Y;Y;N;0,01;9;8;1;4010390090
11730;6,23168E+12;6231680280374;V002-TMT;Zahnriemen HTD3M-15-186;;3,3;Y;0;0;1;10;90;80;15;Y;Y;N;0,01;9;8;1,5;4010390090
11729;6,23577E+12;6235770156280;V002-TMT;Zahnriemen HTD3M-10-186;;2,55;Y;0;0;1;0;90;80;10;Y;Y;N;0;9;8;1;4010390090
11728;6,23176E+12;6231755873425;V002-TMT;Zahnriemen HTD3M-15-183;;3,3;Y;0;0;1;10;90;80;15;Y;Y;N;0,01;9;8;1,5;4010390090
11727;6,23017E+12;6230169982921;V002-TMT;Zahnriemen HTD3M-15-177;;3,3;Y;0;0;1;10;90;80;15;Y;Y;N;0,01;9;8;1,5;4010390090
11726;6,23085E+12;6230848969205;V002-TMT;Zahnriemen HTD3M-10-177;;2,55;Y;0;0;1;0;90;80;10;Y;Y;N;0;9;8;1;4010390090
11725;6,23376E+12;6233756861258;V002-TMT;Zahnriemen HTD3M-15-174;;3,3;Y;0;0;1;10;90;80;15;Y;Y;N;0,01;9;8;1,5;4010390090
11724;6,23711E+12;6237106521830;V002-TMT;Zahnriemen HTD3M-10-174;;2,55;Y;0;0;1;0;90;80;10;Y;Y;N;0;9;8;1;4010390090
11723;6,2348E+12;6234800502721;V002-TMT;Zahnriemen HTD3M-15-171;;3,3;Y;0;0;1;10;90;80;15;Y;Y;N;0,01;9;8;1,5;4010390090
11722;6,23261E+12;6232609526160;V002-TMT;Zahnriemen HTD3M-10-171;;2,55;Y;0;0;1;0;90;80;10;Y;Y;N;0;9;8;1;4010390090
11721;6,23223E+12;6232229184061;V002-TMT;Zahnriemen HTD3M-15-168;;3,3;Y;0;0;1;10;90;80;15;Y;Y;N;0,01;9;8;1,5;4010390090
11720;6,23089E+12;6230885878157;V002-TMT;Zahnriemen HTD3M-10-168;;2,55;Y;0;0;1;0;90;80;10;Y;Y;N;0;9;8;1;4010390090
11719;6,23441E+12;6234411036400;V002-TMT;Zahnriemen HTD3M-15-165;;3,3;Y;0;0;1;10;90;80;15;Y;Y;N;0,01;9;8;1,5;4010390090
11718;6,23416E+12;6234156635135;V002-TMT;Zahnriemen HTD3M-10-165;;2,55;Y;0;0;1;0;90;80;10;Y;Y;N;0;9;8;1;4010390090
11717;6,2326E+12;6232602502475;V002-TMT;Zahnriemen HTD3M-15-162;;3,3;Y;0;0;1;10;90;80;15;Y;Y;N;0,01;9;8;1,5;4010390090
11716;6,23897E+12;6238968409243;V002-TMT;Zahnriemen HTD3M-15-159;;3,3;Y;0;0;1;10;90;80;15;Y;Y;N;0,01;9;8;1,5;4010390090
11715;6,23721E+12;6237207603480;V002-TMT;Zahnriemen HTD3M-10-159;;2,55;Y;0;0;1;0;90;80;10;Y;Y;N;0;9;8;1;4010390090
11714;6,23509E+12;6235085162112;V002-TMT;Zahnriemen HTD3M-10-156;;2,55;Y;0;0;1;0;90;80;10;Y;Y;N;0;9;8;1;4010390090
11713;6,23188E+12;6231877931607;V002-TMT;Zahnriemen HTD3M-10-153;;2,55;Y;0;0;1;0;90;80;10;Y;Y;N;0;9;8;1;4010390090
11712;6,23068E+12;6230680374601;V002-TMT;Zahnriemen HTD3M-6-153;;1,74;Y;0;0;1;0;90;80;6;Y;Y;N;0;9;8;0,6;4010390090
11711;6,2308E+12;6230804730009;V002-TMT;Zahnriemen HTD3M-6-150;;1,74;Y;0;0;1;0;90;80;6;Y;Y;N;0;9;8;0,6;4010390090
11710;6,23548E+12;6235481884724;V002-TMT;Zahnriemen HTD3M-6-147;;1,74;Y;0;0;1;0;90;80;6;Y;Y;N;0;9;8;0,6;4010390090
11709;6,23613E+12;6236128940421;V002-TMT;Zahnriemen HTD3M-6-144;;1,74;Y;0;0;1;0;90;80;6;Y;Y;N;0;9;8;0,6;4010390090
11708;6,23984E+12;6239844027100;V002-TMT;Zahnriemen HTD3M-15-81;;3,34;Y;0;0;1;0;90;80;15;Y;Y;N;0;9;8;1,5;4010390090
11707;6,23901E+12;6239007951389;V002-TMT;Zahnriemen HTD3M-10-81;;2,65;Y;0;0;1;0;90;80;10;Y;Y;N;0;9;8;1;4010390090
11706;6,23694E+12;6236942853204;V002-TMT;Zahnriemen HTD3M-15-60;;5,69;Y;0;0;1;0;90;80;15;Y;Y;N;0;9;8;1,5;4010390090
11705;6,2333E+12;6233300407529;V002-TMT;Zahnriemen HTD3M-10-60;;4,43;Y;0;0;1;0;90;80;10;Y;Y;N;0;9;8;1;4010390090
11704;6,23565E+12;6235645979273;V002-TMT;Zahnriemen HTD3M-10-540;;4,12;Y;0;0;1;10;90;80;10;Y;Y;N;0,01;9;8;1;4010390090
11703;6,23625E+12;6236246050248;V002-TMT;Zahnriemen HTD3M-10-537;;4,12;Y;0;0;1;10;90;80;10;Y;Y;N;0,01;9;8;1;4010390090
11702;6,23506E+12;6235056533057;V002-TMT;Zahnriemen HTD3M-15-531;;4,88;Y;0;0;1;20;90;80;15;Y;Y;N;0,02;9;8;1,5;4010390090
11701;6,23714E+12;6237136058757;V002-TMT;Zahnriemen HTD3M-10-531;;4,12;Y;0;0;1;10;90;80;10;Y;Y;N;0,01;9;8;1;4010390090
11700;6,23939E+12;6239385916673;V002-TMT;Zahnriemen HTD3M-10-528;;4,57;Y;0;0;1;10;90;80;10;Y;Y;N;0,01;9;8;1;4010390090
11699;6,23615E+12;6236152615333;V002-TMT;Zahnriemen HTD3M-10-525;;4,57;Y;0;0;1;10;90;80;10;Y;Y;N;0,01;9;8;1;4010390090
11698;6,2352E+12;6235195516669;V002-TMT;Zahnriemen HTD3M-15-522;;4,88;Y;0;0;1;20;90;80;15;Y;Y;N;0,02;9;8;1,5;4010390090
11697;6,23607E+12;6236072758783;V002-TMT;Zahnriemen HTD3M-10-522;;3,97;Y;0;0;1;10;90;80;10;Y;Y;N;0,01;9;8;1;4010390090
11696;6,23175E+12;6231747369639;V002-TMT;Zahnriemen HTD3M-10-519;;4,48;Y;0;0;1;10;90;80;10;Y;Y;N;0,01;9;8;1;4010390090
11695;6,23404E+12;6234036999791;V002-TMT;Zahnriemen HTD3M-10-516;;4,43;Y;0;0;1;10;90;80;10;Y;Y;N;0,01;9;8;1;4010390090
11694;6,23049E+12;6230488712988;V002-TMT;Zahnriemen HTD3M-10-513;;4,79;Y;0;0;1;10;90;80;10;Y;Y;N;0,01;9;8;1;4010390090
11693;6,23567E+12;6235674496093;V002-TMT;Zahnriemen HTD3M-10-510;;3,88;Y;0;0;1;10;90;80;10;Y;Y;N;0,01;9;8;1;4010390090
11692;6,23542E+12;6235418857715;V002-TMT;Zahnriemen HTD3M-10-507;;4,43;Y;0;0;1;10;90;80;10;Y;Y;N;0,01;9;8;1;4010390090
11691;6,2322E+12;6232196514618;V002-TMT;Zahnriemen HTD3M-10-504;;4,43;Y;0;0;1;10;90;80;10;Y;Y;N;0,01;9;8;1;4010390090
11690;6,2321E+12;6232100350097;V002-TMT;Zahnriemen HTD3M-10-501;;3,88;Y;0;0;1;10;90;80;10;Y;Y;N;0,01;9;8;1;4010390090
11689;6,23092E+12;6230923619919;V002-TMT;Zahnriemen HTD3M-15-498;;4,93;Y;0;0;1;20;90;80;15;Y;Y;N;0,02;9;8;1,5;4010390090
11688;6,23803E+12;6238025189712;V002-TMT;Zahnriemen HTD3M-10-498;;3,83;Y;0;0;1;10;90;80;10;Y;Y;N;0,01;9;8;1;4010390090
11687;6,23189E+12;6231885561087;V002-TMT;Zahnriemen HTD3M-10-495;;3,88;Y;0;0;1;10;90;80;10;Y;Y;N;0,01;9;8;1;4010390090
11686;6,23602E+12;6236020841420;V002-TMT;Zahnriemen HTD3M-10-492;;4,57;Y;0;0;1;10;90;80;10;Y;Y;N;0,01;9;8;1;4010390090
11685;6,23444E+12;6234442286867;V002-TMT;Zahnriemen HTD3M-10-489;;4,79;Y;0;0;1;10;90;80;10;Y;Y;N;0,01;9;8;1;4010390090
11684;6,23673E+12;6236729737529;V002-TMT;Zahnriemen HTD3M-10-486;;3,88;Y;0;0;1;10;90;80;10;Y;Y;N;0,01;9;8;1;4010390090
11683;6,2303E+12;6230304026121;V002-TMT;Zahnriemen HTD3M-10-483;;3,88;Y;0;0;1;10;90;80;10;Y;Y;N;0,01;9;8;1;4010390090
11682;6,23764E+12;6237643793608;V002-TMT;Zahnriemen HTD3M-10-480;;3,88;Y;0;0;1;10;90;80;10;Y;Y;N;0,01;9;8;1;4010390090
11681;6,23052E+12;6230517821056;V002-TMT;Zahnriemen HTD3M-10-477;;3,68;Y;0;0;1;10;90;80;10;Y;Y;N;0,01;9;8;1;4010390090
11680;6,23795E+12;6237952373249;V002-TMT;Zahnriemen HTD3M-10-474;;3,73;Y;0;0;1;10;90;80;10;Y;Y;N;0,01;9;8;1;4010390090
11679;6,23375E+12;6233747122139;V002-TMT;Zahnriemen HTD3M-10-471;;4,79;Y;0;0;1;10;90;80;10;Y;Y;N;0,01;9;8;1;4010390090
11678;6,2358E+12;6235803783414;V002-TMT;Zahnriemen HTD3M-10-468;;3,97;Y;0;0;1;10;90;80;10;Y;Y;N;0,01;9;8;1;4010390090
11677;6,23866E+12;6238662417988;V002-TMT;Zahnriemen HTD3M-10-465;;4,34;Y;0;0;1;10;90;80;10;Y;Y;N;0,01;9;8;1;4010390090
11676;6,23651E+12;6236514178353;V002-TMT;Zahnriemen HTD3M-10-462;;3,88;Y;0;0;1;10;90;80;10;Y;Y;N;0,01;9;8;1;4010390090
11675;6,23111E+12;6231111835074;V002-TMT;Zahnriemen HTD3M-10-459;;3,73;Y;0;0;1;10;90;80;10;Y;Y;N;0,01;9;8;1;4010390090
11674;6,23019E+12;6230194696152;V002-TMT;Zahnriemen HTD3M-15-456;;5,69;Y;0;0;1;20;90;80;15;Y;Y;N;0,02;9;8;1,5;4010390090
11673;6,23867E+12;6238669417301;V002-TMT;Zahnriemen HTD3M-10-456;;4,43;Y;0;0;1;10;90;80;10;Y;Y;N;0,01;9;8;1;4010390090
11672;6,23668E+12;6236676218782;V002-TMT;Zahnriemen HTD3M-10-453;;4,43;Y;0;0;1;10;90;80;10;Y;Y;N;0,01;9;8;1;4010390090
11671;6,23918E+12;6239181495969;V002-TMT;Zahnriemen HTD3M-10-447;;3,59;Y;0;0;1;10;90;80;10;Y;Y;N;0,01;9;8;1;4010390090
11670;6,23999E+12;6239985705523;V002-TMT;Zahnriemen HTD3M-10-444;;3,59;Y;0;0;1;10;90;80;10;Y;Y;N;0,01;9;8;1;4010390090
11669;6,23465E+12;6234648042427;V002-TMT;Zahnriemen HTD3M-4-444;;2,03;Y;0;0;1;0;90;80;4;Y;Y;N;0;9;8;0,4;4010390090
11668;6,23426E+12;6234255679450;V002-TMT;Zahnriemen HTD3M-10-441;;4,3;Y;0;0;1;10;90;80;10;Y;Y;N;0,01;9;8;1;4010390090
11667;6,23916E+12;6239163975670;V002-TMT;Zahnriemen HTD3M-10-438;;3,59;Y;0;0;1;10;90;80;10;Y;Y;N;0,01;9;8;1;4010390090
11666;6,23213E+12;6232128902247;V002-TMT;Zahnriemen HTD3M-10-435;;4,02;Y;0;0;1;10;90;80;10;Y;Y;N;0,01;9;8;1;4010390090
11665;6,23684E+12;6236837428418;V002-TMT;Zahnriemen HTD3M-10-429;;4,43;Y;0;0;1;10;90;80;10;Y;Y;N;0,01;9;8;1;4010390090
11664;6,23078E+12;6230779102528;V002-TMT;Zahnriemen HTD3M-10-426;;3,34;Y;0;0;1;10;90;80;10;Y;Y;N;0,01;9;8;1;4010390090
11663;6,23086E+12;6230863975168;V002-TMT;Zahnriemen HTD3M-6-426;;2,51;Y;0;0;1;10;90;80;6;Y;Y;N;0,01;9;8;0,6;4010390090
11662;6,2369E+12;6236899590948;V002-TMT;Zahnriemen HTD3M-10-423;;4,43;Y;0;0;1;10;90;80;10;Y;Y;N;0,01;9;8;1;4010390090
11661;6,23348E+12;6233477324506;V002-TMT;Zahnriemen HTD3M-15-420;;4,48;Y;0;0;1;20;90;80;15;Y;Y;N;0,02;9;8;1,5;4010390090
11660;6,23241E+12;6232412759007;V002-TMT;Zahnriemen HTD3M-9-417;;4,01;Y;0;0;1;10;90;80;9;Y;Y;N;0,01;9;8;0,9;4010390090
11659;6,23075E+12;6230749598368;V002-TMT;Zahnriemen HTD3M-10-414;;4,43;Y;0;0;1;10;90;80;10;Y;Y;N;0,01;9;8;1;4010390090
11658;6,23885E+12;6238848162060;V002-TMT;Zahnriemen HTD3M-15-411;;5,22;Y;0;0;1;20;90;80;15;Y;Y;N;0,02;9;8;1,5;4010390090
11657;6,23434E+12;6234338668838;V002-TMT;Zahnriemen HTD3M-10-411;;4,43;Y;0;0;1;10;90;80;10;Y;Y;N;0,01;9;8;1;4010390090
11656;6,23878E+12;6238781054200;V002-TMT;Zahnriemen HTD3M-10-408;;4,02;Y;0;0;1;10;90;80;10;Y;Y;N;0,01;9;8;1;4010390090
11655;6,23751E+12;6237507782335;V002-TMT;Zahnriemen HTD3M-10-405;;3,44;Y;0;0;1;10;90;80;10;Y;Y;N;0,01;9;8;1;4010390090
11654;6,23936E+12;6239359063945;V002-TMT;Zahnriemen HTD3M-10-402;;4,43;Y;0;0;1;10;90;80;10;Y;Y;N;0,01;9;8;1;4010390090
11653;6,23045E+12;6230453054372;V002-TMT;Zahnriemen HTD3M-10-387;;3,97;Y;0;0;1;10;90;80;10;Y;Y;N;0,01;9;8;1;4010390090
11652;6,23961E+12;6239614997350;V002-TMT;Zahnriemen HTD3M-10-381;;3,15;Y;0;0;1;10;90;80;10;Y;Y;N;0,01;9;8;1;4010390090
11651;6,2384E+12;6238403138332;V002-TMT;Zahnriemen HTD3M-10-378;;3,92;Y;0;0;1;10;90;80;10;Y;Y;N;0,01;9;8;1;4010390090
11650;6,23914E+12;6239140020195;V002-TMT;Zahnriemen HTD3M-10-372;;3,88;Y;0;0;1;10;90;80;10;Y;Y;N;0,01;9;8;1;4010390090
11649;6,23214E+12;6232141501533;V002-TMT;Zahnriemen HTD3M-20-369;;6,07;Y;0;0;1;20;90;80;20;Y;Y;N;0,02;9;8;2;4010390090
11648;6,23784E+12;6237841532313;V002-TMT;Zahnriemen HTD3M-10-369;;3,88;Y;0;0;1;10;90;80;10;Y;Y;N;0,01;9;8;1;4010390090
11647;6,23826E+12;6238259129003;V002-TMT;Zahnriemen HTD3M-9-360;;3,29;Y;0;0;1;10;90;80;9;Y;Y;N;0,01;9;8;0,9;4010390090
11646;6,23089E+12;6230891125276;V002-TMT;Zahnriemen HTD3M-9-357;;3,05;Y;0;0;1;10;90;80;9;Y;Y;N;0,01;9;8;0,9;4010390090
11645;6,23089E+12;6230886635902;V002-TMT;Zahnriemen HTD3M-9-354;;3,29;Y;0;0;1;10;90;80;9;Y;Y;N;0,01;9;8;0,9;4010390090
11644;6,23E+12;6230004451902;V002-TMT;Zahnriemen HTD3M-25-351;;5,64;Y;0;0;1;20;90;80;25;Y;Y;N;0,02;9;8;2,5;4010390090
11643;6,23403E+12;6234030988869;V002-TMT;Zahnriemen HTD3M-10-348;;3,73;Y;0;0;1;10;90;80;10;Y;Y;N;0,01;9;8;1;4010390090
11642;6,23127E+12;6231267887323;V002-TMT;Zahnriemen HTD3M-9-345;;2,7;Y;0;0;1;10;90;80;9;Y;Y;N;0,01;9;8;0,9;4010390090
11641;6,23246E+12;6232459026711;V002-TMT;Zahnriemen HTD3M-9-336;;2,7;Y;0;0;1;10;90;80;9;Y;Y;N;0,01;9;8;0,9;4010390090
11640;6,23308E+12;6233080636362;V002-TMT;Zahnriemen HTD3M-10-333;;3,59;Y;0;0;1;10;90;80;10;Y;Y;N;0,01;9;8;1;4010390090
11639;6,23863E+12;6238630371168;V002-TMT;Zahnriemen HTD3M-10-330;;2,91;Y;0;0;1;10;90;80;10;Y;Y;N;0,01;9;8;1;4010390090
11638;6,23302E+12;6233021282573;V002-TMT;Zahnriemen HTD3M-25-327;;6,11;Y;0;0;1;20;90;80;25;Y;Y;N;0,02;9;8;2,5;4010390090
11637;6,23399E+12;6233986919385;V002-TMT;Zahnriemen HTD3M-9-315;;3,29;Y;0;0;1;10;90;80;9;Y;Y;N;0,01;9;8;0,9;4010390090
11636;6,23303E+12;6233026182465;V002-TMT;Zahnriemen HTD3M-25-300;;5,56;Y;0;0;1;20;90;80;25;Y;Y;N;0,02;9;8;2,5;4010390090
11635;6,23108E+12;6231078150692;V002-TMT;Zahnriemen HTD3M-18-300;;4,19;Y;0;0;1;10;90;80;18;Y;Y;N;0,01;9;8;1,8;4010390090
11634;6,2355E+12;6235495453220;V002-TMT;Zahnriemen HTD3M-9-300;;2,54;Y;0;0;1;10;90;80;9;Y;Y;N;0,01;9;8;0,9;4010390090
11633;6,23161E+12;6231609141113;V002-TMT;Zahnriemen HTD3M-15-288;;3,49;Y;0;0;1;10;90;80;15;Y;Y;N;0,01;9;8;1,5;4010390090
11632;6,23918E+12;6239181411525;V002-TMT;Zahnriemen HTD3M-6-288;;2,51;Y;0;0;1;0;90;80;6;Y;Y;N;0;9;8;0,6;4010390090
11631;6,23887E+12;6238874766508;V002-TMT;Zahnriemen HTD3M-15-276;;3,34;Y;0;0;1;10;90;80;15;Y;Y;N;0,01;9;8;1,5;4010390090
11630;6,23214E+12;6232138499317;;Zahnriemen HTD3M-15-270;;3,34;Y;0;0;1;10;90;80;15;N;Y;Y;0,01;9;8;1,5;4010390090
11629;6,23201E+12;6232011669936;V002-TMT;Zahnriemen HTD3M-15-258;;3,34;Y;0;0;1;10;90;80;15;Y;Y;N;0,01;9;8;1,5;4010390090
11628;6,23754E+12;6237543635657;V002-TMT;Zahnriemen HTD3M-16-255;;3,21;Y;0;0;1;10;90;80;16;Y;Y;N;0,01;9;8;1,6;4010390090
11627;6,23674E+12;6236744549459;V002-TMT;Zahnriemen HTD3M-9-255;;2,08;Y;0;0;1;10;90;80;9;Y;Y;N;0,01;9;8;0,9;4010390090
11626;6,23268E+12;6232677061068;V002-TMT;Zahnriemen HTD3M-18-252;;3,66;Y;0;0;1;10;90;80;18;Y;Y;N;0,01;9;8;1,8;4010390090
11625;6,23767E+12;6237665753475;V002-TMT;Zahnriemen HTD3M-25-249;;4,57;Y;0;0;1;20;90;80;25;Y;Y;N;0,02;9;8;2,5;4010390090
11624;6,23184E+12;6231835354776;V002-TMT;Zahnriemen HTD3M-10-249;;2,09;Y;0;0;1;10;90;80;10;Y;Y;N;0,01;9;8;1;4010390090
11623;6,23108E+12;6231080527789;V002-TMT;Zahnriemen HTD3M-10-243;;2,91;Y;0;0;1;10;90;80;10;Y;Y;N;0,01;9;8;1;4010390090
11622;6,23543E+12;6235426591366;V002-TMT;Zahnriemen HTD3M-9-240;;3;Y;0;0;1;10;90;80;9;Y;Y;N;0,01;9;8;0,9;4010390090
11621;6,23398E+12;6233977327878;V002-TMT;Zahnriemen 2GT-10-1360;;7,78;Y;0;0;1;20;80;73;10;Y;Y;N;0,02;8;7,3;1;4010390090
11620;6,23945E+12;6239446820314;V002-TMT;Zahnriemen 2GT-10-1340;;9,45;Y;0;0;1;20;80;73;10;Y;Y;N;0,02;8;7,3;1;4010390090
11619;6,23098E+12;6230978459850;V002-TMT;Zahnriemen 2GT-10-1324;;8,16;Y;0;0;1;20;80;73;10;Y;Y;N;0,02;8;7,3;1;4010390090
11618;6,23548E+12;6235479610137;V002-TMT;Zahnriemen 2GT-9-1324;;8,43;Y;0;0;1;20;80;73;9;Y;Y;N;0,02;8;7,3;0,9;4010390090
11617;6,23099E+12;6230992093634;V002-TMT;Zahnriemen 2GT-10-1310;;9,27;Y;0;0;1;20;80;73;10;Y;Y;N;0,02;8;7,3;1;4010390090
11616;6,23417E+12;6234166593395;V002-TMT;Zahnriemen 2GT-9-1310;;8,43;Y;0;0;1;20;80;73;9;Y;Y;N;0,02;8;7,3;0,9;4010390090
11615;6,23193E+12;6231933107472;V002-TMT;Zahnriemen 2GT-15-1500;;13,74;Y;0;0;1;30;80;73;15;Y;Y;N;0,03;8;7,3;1,5;4010390090
11614;6,23761E+12;6237612179969;V002-TMT;Zahnriemen 2GT-10-1500;;8,98;Y;0;0;1;20;80;73;10;Y;Y;N;0,02;8;7,3;1;4010390090
11613;6,23202E+12;6232019503508;V002-TMT;Zahnriemen 2GT-10-1474;;8,15;Y;0;0;1;20;80;73;10;Y;Y;N;0,02;8;7,3;1;4010390090
11612;6,23789E+12;6237892401101;V002-TMT;Zahnriemen 2GT-10-1444;;8,04;Y;0;0;1;20;80;73;10;Y;Y;N;0,02;8;7,3;1;4010390090
11611;6,23064E+12;6230639871939;V002-TMT;Zahnriemen 2GT-6-1444;;6,15;Y;0;0;1;10;80;73;6;Y;Y;N;0,01;8;7,3;0,6;4010390090
11610;6,23215E+12;6232149302491;V002-TMT;Zahnriemen 2GT-10-1440;;8,04;Y;0;0;1;20;80;73;10;Y;Y;N;0,02;8;7,3;1;4010390090
11609;6,23056E+12;6230558170083;V002-TMT;Zahnriemen 2GT-6-1440;;6,92;Y;0;0;1;10;80;73;6;Y;Y;N;0,01;8;7,3;0,6;4010390090
11608;6,23401E+12;6234011914795;V002-TMT;Zahnriemen 2GT-10-1434;;8,04;Y;0;0;1;20;80;73;10;Y;Y;N;0,02;8;7,3;1;4010390090
11607;6,23286E+12;6232863995870;V002-TMT;Zahnriemen 2GT-6-1434;;6,15;Y;0;0;1;10;80;73;6;Y;Y;N;0,01;8;7,3;0,6;4010390090
11606;6,23567E+12;6235670171062;V002-TMT;Zahnriemen 2GT-6-1424;;6,8;Y;0;0;1;10;80;73;6;Y;Y;N;0,01;8;7,3;0,6;4010390090
11605;6,23934E+12;6239335166516;V002-TMT;Zahnriemen 2GT-10-1164;;7,45;Y;0;0;1;20;80;73;10;Y;Y;N;0,02;8;7,3;1;4010390090
11604;6,23214E+12;6232144759030;V002-TMT;Zahnriemen 2GT-9-1164;;6,98;Y;0;0;1;20;80;73;9;Y;Y;N;0,02;8;7,3;0,9;4010390090
11603;6,23904E+12;6239038450721;V002-TMT;Zahnriemen 2GT-10-1150;;7,22;Y;0;0;1;20;80;73;10;Y;Y;N;0,02;8;7,3;1;4010390090
11602;6,23433E+12;6234333908076;V002-TMT;Zahnriemen 2GT-6-1150;;4,8;Y;0;0;1;10;80;73;6;Y;Y;N;0,01;8;7,3;0,6;4010390090
11601;6,23669E+12;6236685699671;V002-TMT;Zahnriemen 2GT-10-1142;;6,94;Y;0;0;1;20;80;73;10;Y;Y;N;0,02;8;7,3;1;4010390090
11600;6,23956E+12;6239564726567;V002-TMT;Zahnriemen 2GT-6-1142;;5,05;Y;0;0;1;10;80;73;6;Y;Y;N;0,01;8;7,3;0,6;4010390090
11599;6,2396E+12;6239598476100;V002-TMT;Zahnriemen 2GT-10-1140;;7,22;Y;0;0;1;20;80;73;10;Y;Y;N;0,02;8;7,3;1;4010390090
11598;6,23711E+12;6237109253356;V002-TMT;Zahnriemen 2GT-6-1136;;4,97;Y;0;0;1;10;80;73;6;Y;Y;N;0,01;8;7,3;0,6;4010390090
11597;6,23563E+12;6235629746815;V002-TMT;Zahnriemen 2GT-9-1100;;6,66;Y;0;0;1;20;80;73;9;Y;Y;N;0,02;8;7,3;0,9;4010390090
11596;6,23537E+12;6235367232588;V002-TMT;Zahnriemen 2GT-6-1090;;4,97;Y;0;0;1;10;80;73;6;Y;Y;N;0,01;8;7,3;0,6;4010390090
11595;6,23264E+12;6232637885031;V002-TMT;Zahnriemen 2GT-9-1068;;6,51;Y;0;0;1;10;80;73;9;Y;Y;N;0,01;8;7,3;0,9;4010390090
11594;6,23971E+12;6239712082149;V002-TMT;Zahnriemen 2GT-6-1068;;4,97;Y;0;0;1;10;80;73;6;Y;Y;N;0,01;8;7,3;0,6;4010390090
11593;6,23975E+12;6239751289974;V002-TMT;Zahnriemen 2GT-6-1060;;4,88;Y;0;0;1;10;80;73;6;Y;Y;N;0,01;8;7,3;0,6;4010390090
11592;6,23003E+12;6230028712010;V002-TMT;Zahnriemen 2GT-6-1050;;4,97;Y;0;0;1;10;80;73;6;Y;Y;N;0,01;8;7,3;0,6;4010390090
11591;6,23375E+12;6233746593091;V002-TMT;Zahnriemen 2GT-10-1040;;8,28;Y;0;0;1;20;80;73;10;Y;Y;N;0,02;8;7,3;1;4010390090
11590;6,23115E+12;6231150730606;V002-TMT;Zahnriemen 2GT-9-1040;;6,43;Y;0;0;1;10;80;73;9;Y;Y;N;0,01;8;7,3;0,9;4010390090
11589;6,23348E+12;6233475114628;V002-TMT;Zahnriemen 2GT-6-1040;;4,76;Y;0;0;1;10;80;73;6;Y;Y;N;0,01;8;7,3;0,6;4010390090
11588;6,23556E+12;6235564132919;V002-TMT;Zahnriemen 2GT-15-1000;;9,12;Y;0;0;1;20;80;73;15;Y;Y;N;0,02;8;7,3;1,5;4010390090
11587;6,23536E+12;6235363714743;V002-TMT;Zahnriemen 2GT-10-976;;7,65;Y;0;0;1;20;80;73;10;Y;Y;N;0,02;8;7,3;1;4010390090
11586;6,23656E+12;6236556120020;V002-TMT;Zahnriemen 2GT-6-950;;4,7;Y;0;0;1;10;80;73;6;Y;Y;N;0,01;8;7,3;0,6;4010390090
11585;6,23666E+12;6236657071634;V002-TMT;Zahnriemen 2GT-4-950;;3,67;Y;0;0;1;10;80;73;4;Y;Y;N;0,01;8;7,3;0,4;4010390090
11584;6,23372E+12;6233719804339;V002-TMT;Zahnriemen 2GT-15-1610;;16,92;Y;0;0;1;40;80;73;15;Y;Y;N;0,04;8;7,3;1,5;4010390090
11583;6,23458E+12;6234581093609;V002-TMT;Zahnriemen 2GT-10-1610;;11,42;Y;0;0;1;20;80;73;10;Y;Y;N;0,02;8;7,3;1;4010390090
11582;6,23963E+12;6239625240339;V002-TMT;Zahnriemen 2GT-6-1610;;7,76;Y;0;0;1;10;80;73;6;Y;Y;N;0,01;8;7,3;0,6;4010390090
11581;6,2321E+12;6232102608165;V002-TMT;Zahnriemen 2GT-10-1600;;11,19;Y;0;0;1;20;80;73;10;Y;Y;N;0,02;8;7,3;1;4010390090
11580;6,23161E+12;6231608182087;V002-TMT;Zahnriemen 2GT-6-1600;;7,43;Y;0;0;1;10;80;73;6;Y;Y;N;0,01;8;7,3;0,6;4010390090
11579;6,23254E+12;6232542485654;V002-TMT;Zahnriemen 2GT-6-1572;;6,4;Y;0;0;1;10;80;73;6;Y;Y;N;0,01;8;7,3;0,6;4010390090
11578;6,23893E+12;6238933162890;V002-TMT;Zahnriemen 2GT-10-1540;;8,62;Y;0;0;1;20;80;73;10;Y;Y;N;0,02;8;7,3;1;4010390090
11577;6,23922E+12;6239223913390;V002-TMT;Zahnriemen 2GT-6-1540;;7,12;Y;0;0;1;10;80;73;6;Y;Y;N;0,01;8;7,3;0,6;4010390090
11576;6,23329E+12;6233286667641;V002-TMT;Zahnriemen 2GT-10-1524;;8,62;Y;0;0;1;20;80;73;10;Y;Y;N;0,02;8;7,3;1;4010390090
11575;6,23649E+12;6236485788063;V002-TMT;Zahnriemen 2GT-6-1510;;6,61;Y;0;0;1;10;80;73;6;Y;Y;N;0,01;8;7,3;0,6;4010390090
11574;6,23596E+12;6235956084123;V002-TMT;Zahnriemen 2GT-6-492;;3,06;Y;0;0;1;0;80;73;6;Y;Y;N;0;8;7,3;0,6;4010390090
11573;6,23902E+12;6239020019097;V002-TMT;Zahnriemen 2GT-10-490;;4,28;Y;0;0;1;10;80;73;10;Y;Y;N;0,01;8;7,3;1;4010390090
11572;6,23434E+12;6234335935667;V002-TMT;Zahnriemen 2GT-6-490;;3,06;Y;0;0;1;0;80;73;6;Y;Y;N;0;8;7,3;0,6;4010390090
11571;6,23076E+12;6230763200124;V002-TMT;Zahnriemen 2GT-6-478;;3,01;Y;0;0;1;0;80;73;6;Y;Y;N;0;8;7,3;0,6;4010390090
11570;6,23434E+12;6234340543482;V002-TMT;Zahnriemen 2GT-6-476;;3,01;Y;0;0;1;0;80;73;6;Y;Y;N;0;8;7,3;0,6;4010390090
11569;6,23997E+12;6239972448402;V002-TMT;Zahnriemen 2GT-6-470;;3,01;Y;0;0;1;0;80;73;6;Y;Y;N;0;8;7,3;0,6;4010390090
11568;6,23454E+12;6234535006235;V002-TMT;Zahnriemen 2GT-10-468;;4,14;Y;0;0;1;10;80;73;10;Y;Y;N;0,01;8;7,3;1;4010390090
11567;6,23197E+12;6231970197689;V002-TMT;Zahnriemen 2GT-10-460;;4,1;Y;0;0;1;10;80;73;10;Y;Y;N;0,01;8;7,3;1;4010390090
11566;6,23627E+12;6236267187558;V002-TMT;Zahnriemen 2GT-15-454;;6,8;Y;0;0;1;10;80;73;15;Y;Y;N;0,01;8;7,3;1,5;4010390090
11565;6,23617E+12;6236171986803;V002-TMT;Zahnriemen 2GT-6-454;;2,91;Y;0;0;1;0;80;73;6;Y;Y;N;0;8;7,3;0,6;4010390090
11564;6,23087E+12;6230873009105;V002-TMT;Zahnriemen 2GT-10-450;;4,1;Y;0;0;1;10;80;73;10;Y;Y;N;0,01;8;7,3;1;4010390090
11563;6,23072E+12;6230716319170;V002-TMT;Zahnriemen 2GT-6-448;;2,86;Y;0;0;1;0;80;73;6;Y;Y;N;0;8;7,3;0,6;4010390090
11562;6,23359E+12;6233591660702;V002-TMT;Zahnriemen 2GT-10-444;;4,1;Y;0;0;1;10;80;73;10;Y;Y;N;0,01;8;7,3;1;4010390090
11561;6,23312E+12;6233122083765;V002-TMT;Zahnriemen 2GT-10-440;;4,1;Y;0;0;1;10;80;73;10;Y;Y;N;0,01;8;7,3;1;4010390090
11560;6,23166E+12;6231656594207;V002-TMT;Zahnriemen 2GT-9-440;;3,9;Y;0;0;1;10;80;73;9;Y;Y;N;0,01;8;7,3;0,9;4010390090
11559;6,23153E+12;6231533829903;V002-TMT;Zahnriemen 2GT-6-440;;2,91;Y;0;0;1;0;80;73;6;Y;Y;N;0;8;7,3;0,6;4010390090
11558;6,23082E+12;6230824480298;V002-TMT;Zahnriemen 2GT-15-436;;6,51;Y;0;0;1;10;80;73;15;Y;Y;N;0,01;8;7,3;1,5;4010390090
11557;6,23899E+12;6238990359448;V002-TMT;Zahnriemen 2GT-10-436;;3,96;Y;0;0;1;10;80;73;10;Y;Y;N;0,01;8;7,3;1;4010390090
11556;6,23522E+12;6235220839565;V002-TMT;Zahnriemen 2GT-6-428;;2,91;Y;0;0;1;0;80;73;6;Y;Y;N;0;8;7,3;0,6;4010390090
11555;6,23692E+12;6236919216728;V002-TMT;Zahnriemen 2GT-15-420;;6,21;Y;0;0;1;10;80;73;15;Y;Y;N;0,01;8;7,3;1,5;4010390090
11554;6,23178E+12;6231783771762;V002-TMT;Zahnriemen 2GT-10-420;;3,71;Y;0;0;1;10;80;73;10;Y;Y;N;0,01;8;7,3;1;4010390090
11553;6,234E+12;6234001233745;V002-TMT;Zahnriemen 2GT-10-410;;3,96;Y;0;0;1;10;80;73;10;Y;Y;N;0,01;8;7,3;1;4010390090
11552;6,2377E+12;6237702665440;V002-TMT;Zahnriemen 2GT-9-410;;3,85;Y;0;0;1;10;80;73;9;Y;Y;N;0,01;8;7,3;0,9;4010390090
11551;6,23329E+12;6233291696155;V002-TMT;Zahnriemen 2GT-6-404;;2,86;Y;0;0;1;0;80;73;6;Y;Y;N;0;8;7,3;0,6;4010390090
11550;6,23809E+12;6238085798275;V002-TMT;Zahnriemen 2GT-15-400;;4,82;Y;0;0;1;10;80;73;15;Y;Y;N;0,01;8;7,3;1,5;4010390090
11549;6,23497E+12;6234970574559;V002-TMT;Zahnriemen 2GT-10-396;;4,55;Y;0;0;1;10;80;73;10;Y;Y;N;0,01;8;7,3;1;4010390090
11548;6,23825E+12;6238245455130;V002-TMT;Zahnriemen 2GT-10-394;;4,05;Y;0;0;1;10;80;73;10;Y;Y;N;0,01;8;7,3;1;4010390090
11547;6,2317E+12;6231695522230;V002-TMT;Zahnriemen 2GT-6-394;;2,76;Y;0;0;1;0;80;73;6;Y;Y;N;0;8;7,3;0,6;4010390090
11546;6,23439E+12;6234386711142;V002-TMT;Zahnriemen 2GT-10-392;;3,95;Y;0;0;1;10;80;73;10;Y;Y;N;0,01;8;7,3;1;4010390090
11545;6,23204E+12;6232044696701;V002-TMT;Zahnriemen 2GT-10-390;;3,95;Y;0;0;1;10;80;73;10;Y;Y;N;0,01;8;7,3;1;4010390090
11544;6,23318E+12;6233182818611;V002-TMT;Zahnriemen 2GT-6-388;;2,76;Y;0;0;1;0;80;73;6;Y;Y;N;0;8;7,3;0,6;4010390090
11543;6,2375E+12;6237502172797;V002-TMT;Zahnriemen 2GT-10-386;;3,95;Y;0;0;1;10;80;73;10;Y;Y;N;0,01;8;7,3;1;4010390090
11542;6,23213E+12;6232133305385;V002-TMT;Zahnriemen 2GT-6-824;;4,39;Y;0;0;1;10;80;73;6;Y;Y;N;0,01;8;7,3;0,6;4010390090
11541;6,23174E+12;6231739051863;V002-TMT;Zahnriemen 2GT-10-810;;6,83;Y;0;0;1;10;80;73;10;Y;Y;N;0,01;8;7,3;1;4010390090
11540;6,23124E+12;6231239761668;V002-TMT;Zahnriemen 2GT-10-800;;5,97;Y;0;0;1;10;80;73;10;Y;Y;N;0,01;8;7,3;1;4010390090
11539;6,23387E+12;6233874433801;V002-TMT;Zahnriemen 2GT-9-800;;5,62;Y;0;0;1;10;80;73;9;Y;Y;N;0,01;8;7,3;0,9;4010390090
11538;6,23112E+12;6231120471713;V002-TMT;Zahnriemen 2GT-10-782;;6,01;Y;0;0;1;10;80;73;10;Y;Y;N;0,01;8;7,3;1;4010390090
11537;6,23847E+12;6238473336539;V002-TMT;Zahnriemen 2GT-6-770;;4,07;Y;0;0;1;10;80;73;6;Y;Y;N;0,01;8;7,3;0,6;4010390090
11536;6,2366E+12;6236602435153;V002-TMT;Zahnriemen 2GT-6-766;;4,75;Y;0;0;1;10;80;73;6;Y;Y;N;0,01;8;7,3;0,6;4010390090
11535;6,23891E+12;6238910859706;V002-TMT;Zahnriemen 2GT-15-760;;8,75;Y;0;0;1;20;80;73;15;Y;Y;N;0,02;8;7,3;1,5;4010390090
11534;6,23544E+12;6235438849103;V002-TMT;Zahnriemen 2GT-10-752;;6,18;Y;0;0;1;10;80;73;10;Y;Y;N;0,01;8;7,3;1;4010390090
11533;6,23163E+12;6231628206121;V002-TMT;Zahnriemen 2GT-6-750;;3,98;Y;0;0;1;10;80;73;6;Y;Y;N;0,01;8;7,3;0,6;4010390090
11532;6,23006E+12;6230063530617;V002-TMT;Zahnriemen 2GT-6-742;;4,61;Y;0;0;1;10;80;73;6;Y;Y;N;0,01;8;7,3;0,6;4010390090
11531;6,23541E+12;6235409599549;V002-TMT;Zahnriemen 2GT-6-740;;4,61;Y;0;0;1;10;80;73;6;Y;Y;N;0,01;8;7,3;0,6;4010390090
11530;6,23705E+12;6237047119196;V002-TMT;Zahnriemen 2GT-6-738;;4,61;Y;0;0;1;10;80;73;6;Y;Y;N;0,01;8;7,3;0,6;4010390090
11529;6,23483E+12;6234828732032;V002-TMT;Zahnriemen 2GT-6-730;;4,07;Y;0;0;1;10;80;73;6;Y;Y;N;0,01;8;7,3;0,6;4010390090
11528;6,23716E+12;6237158550970;V002-TMT;Zahnriemen 2GT-6-726;;4,07;Y;0;0;1;10;80;73;6;Y;Y;N;0,01;8;7,3;0,6;4010390090
11527;6,23648E+12;6236477146024;V002-TMT;Zahnriemen 2GT-15-710;;8,32;Y;0;0;1;20;80;73;15;Y;Y;N;0,02;8;7,3;1,5;4010390090
11526;6,23635E+12;6236347433544;V002-TMT;Zahnriemen 2GT-10-710;;5,33;Y;0;0;1;10;80;73;10;Y;Y;N;0,01;8;7,3;1;4010390090
11525;6,23379E+12;6233792043564;V002-TMT;Zahnriemen 2GT-6-702;;4,02;Y;0;0;1;10;80;73;6;Y;Y;N;0,01;8;7,3;0,6;4010390090
11524;6,23067E+12;6230674386696;V002-TMT;Zahnriemen 2GT-10-700;;6,56;Y;0;0;1;10;80;73;10;Y;Y;N;0,01;8;7,3;1;4010390090
11523;6,23248E+12;6232483540498;V002-TMT;Zahnriemen 2GT-6-700;;4,02;Y;0;0;1;10;80;73;6;Y;Y;N;0,01;8;7,3;0,6;4010390090
11522;6,23719E+12;6237191187263;V002-TMT;Zahnriemen 2GT-10-696;;6,56;Y;0;0;1;10;80;73;10;Y;Y;N;0,01;8;7,3;1;4010390090
11521;6,23439E+12;6234394680867;V002-TMT;Zahnriemen 2GT-6-690;;3,83;Y;0;0;1;10;80;73;6;Y;Y;N;0,01;8;7,3;0,6;4010390090
11520;6,23997E+12;6239970785660;V002-TMT;Zahnriemen 2GT-6-686;;3,83;Y;0;0;1;10;80;73;6;Y;Y;N;0,01;8;7,3;0,6;4010390090
11519;6,23958E+12;6239581233116;V002-TMT;Zahnriemen 2GT-10-680;;6,39;Y;0;0;1;10;80;73;10;Y;Y;N;0,01;8;7,3;1;4010390090
11518;6,23378E+12;6233775591938;V002-TMT;Zahnriemen 2GT-6-680;;4,25;Y;0;0;1;10;80;73;6;Y;Y;N;0,01;8;7,3;0,6;4010390090
11517;6,23188E+12;6231880865630;V002-TMT;Zahnriemen 2GT-10-676;;5,08;Y;0;0;1;10;80;73;10;Y;Y;N;0,01;8;7,3;1;4010390090
11516;6,23568E+12;6235679441838;V002-TMT;Zahnriemen 2GT-6-676;;3,83;Y;0;0;1;10;80;73;6;Y;Y;N;0,01;8;7,3;0,6;4010390090
11515;6,23919E+12;6239191343762;V002-TMT;Zahnriemen 2GT-9-670;;5,79;Y;0;0;1;10;80;73;9;Y;Y;N;0,01;8;7,3;0,9;4010390090
11514;6,23697E+12;6236974483325;V002-TMT;Zahnriemen 2GT-6-656;;3,68;Y;0;0;1;10;80;73;6;Y;Y;N;0,01;8;7,3;0,6;4010390090
11513;6,23341E+12;6233411963662;V002-TMT;Zahnriemen 2GT-10-650;;4,95;Y;0;0;1;10;80;73;10;Y;Y;N;0,01;8;7,3;1;4010390090
11512;6,23522E+12;6235220625366;V002-TMT;Zahnriemen 2GT-6-650;;3,73;Y;0;0;1;10;80;73;6;Y;Y;N;0,01;8;7,3;0,6;4010390090
11511;6,23932E+12;6239322959381;V002-TMT;Zahnriemen 2GT-6-646;;3,73;Y;0;0;1;10;80;73;6;Y;Y;N;0,01;8;7,3;0,6;4010390090
11510;6,23397E+12;6233965763589;V002-TMT;Zahnriemen 2GT-6-636;;3,68;Y;0;0;1;10;80;73;6;Y;Y;N;0,01;8;7,3;0,6;4010390090
11509;6,23229E+12;6232294389217;V002-TMT;Zahnriemen 2GT-6-634;;3,73;Y;0;0;1;10;80;73;6;Y;Y;N;0,01;8;7,3;0,6;4010390090
11508;6,2389E+12;6238900426802;V002-TMT;Zahnriemen 2GT-6-622;;3,59;Y;0;0;1;10;80;73;6;Y;Y;N;0,01;8;7,3;0,6;4010390090
11507;6,23848E+12;6238475819610;V002-TMT;Zahnriemen 2GT-10-616;;4,96;Y;0;0;1;10;80;73;10;Y;Y;N;0,01;8;7,3;1;4010390090
11506;6,23702E+12;6237024710514;V002-TMT;Zahnriemen 2GT-15-610;;6,84;Y;0;0;1;10;80;73;15;Y;Y;N;0,01;8;7,3;1,5;4010390090
11505;6,2398E+12;6239803129241;V002-TMT;Zahnriemen 2GT-6.5-610;;3,73;Y;0;0;1;10;80;73;6,5;Y;Y;N;0,01;8;7,3;0,65;4010390090
11504;6,23955E+12;6239550952239;V002-TMT;Zahnriemen 2GT-15-3600;;30,98;Y;0;0;1;80;80;73;15;Y;Y;N;0,08;8;7,3;1,5;4010390090
11503;6,23379E+12;6233791545076;V002-TMT;Zahnriemen 2GT-10-3600;;23,48;Y;0;0;1;60;80;73;10;Y;Y;N;0,06;8;7,3;1;4010390090
11502;6,23049E+12;6230490999865;V002-TMT;Zahnriemen 2GT-9-3600;;21,17;Y;0;0;1;50;80;73;9;Y;Y;N;0,05;8;7,3;0,9;4010390090
11501;6,23274E+12;6232742150031;V002-TMT;Zahnriemen 2GT-15-3230;;18,77;Y;0;0;1;80;80;73;15;Y;Y;N;0,08;8;7,3;1,5;4010390090
11500;6,232E+12;6232003836087;V002-TMT;Zahnriemen 2GT-10-3230;;13,31;Y;0;0;1;50;80;73;10;Y;Y;N;0,05;8;7,3;1;4010390090
11499;6,23855E+12;6238553318035;V002-TMT;Zahnriemen 2GT-9-3230;;12,02;Y;0;0;1;50;80;73;9;Y;Y;N;0,05;8;7,3;0,9;4010390090
11498;6,2362E+12;6236204657595;V002-TMT;Zahnriemen 2GT-15-3000;;17,47;Y;0;0;1;70;80;73;15;Y;Y;N;0,07;8;7,3;1,5;4010390090
11497;6,2304E+12;6230401518048;V002-TMT;Zahnriemen 2GT-9-3000;;11,63;Y;0;0;1;40;80;73;9;Y;Y;N;0,04;8;7,3;0,9;4010390090
11496;6,23475E+12;6234753490069;V002-TMT;Zahnriemen 2GT-15-2500;;23,1;Y;0;0;1;60;80;73;15;Y;Y;N;0,06;8;7,3;1,5;4010390090
11495;6,23229E+12;6232285584447;V002-TMT;Zahnriemen 2GT-10-2500;;17,28;Y;0;0;1;40;80;73;10;Y;Y;N;0,04;8;7,3;1;4010390090
11494;6,23913E+12;6239127898984;V002-TMT;Zahnriemen 2GT-15-2270;;26,99;Y;0;0;1;50;80;73;15;Y;Y;N;0,05;8;7,3;1,5;4010390090
11493;6,23825E+12;6238247406970;V002-TMT;Zahnriemen 2GT-10-2270;;11,6;Y;0;0;1;40;80;73;10;Y;Y;N;0,04;8;7,3;1;4010390090
11492;6,23642E+12;6236417921001;V002-TMT;Zahnriemen 2GT-6-2270;;7,83;Y;0;0;1;20;80;73;6;Y;Y;N;0,02;8;7,3;0,6;4010390090
11491;6,232E+12;6231996351904;V002-TMT;Zahnriemen 2GT-15-2220;;19,26;Y;0;0;1;50;80;73;15;Y;Y;N;0,05;8;7,3;1,5;4010390090
11490;6,23664E+12;6236636779124;V002-TMT;Zahnriemen 2GT-10-2220;;11,59;Y;0;0;1;30;80;73;10;Y;Y;N;0,03;8;7,3;1;4010390090
11489;6,23944E+12;6239443266610;V002-TMT;Zahnriemen 2GT-9-2220;;11,18;Y;0;0;1;30;80;73;9;Y;Y;N;0,03;8;7,3;0,9;4010390090
11488;6,23226E+12;6232262690000;V002-TMT;Zahnriemen 2GT-15-2000;;18,07;Y;0;0;1;50;80;73;15;Y;Y;N;0,05;8;7,3;1,5;4010390090
11487;6,23476E+12;6234761139172;V002-TMT;Zahnriemen 2GT-12-2000;;12,28;Y;0;0;1;40;80;73;12;Y;Y;N;0,04;8;7,3;1,2;4010390090
11486;6,23082E+12;6230822256420;V002-TMT;Zahnriemen 2GT-10-2000;;11,33;Y;0;0;1;30;80;73;10;Y;Y;N;0,03;8;7,3;1;4010390090
11485;6,23305E+12;6233046138701;V002-TMT;Zahnriemen 2GT-6-1644;;6,49;Y;0;0;1;20;80;73;6;Y;Y;N;0,02;8;7,3;0,6;4010390090
11484;6,23747E+12;6237467220588;V002-TMT;Zahnriemen 2GT-15-160;;3,46;Y;0;0;1;0;80;73;15;Y;Y;N;0;8;7,3;1,5;4010390090
11483;6,23851E+12;6238505760646;V002-TMT;Zahnriemen 2GT-5-160;;1,72;Y;0;0;1;0;80;73;5;Y;Y;N;0;8;7,3;0,5;4010390090
11482;6,23751E+12;6237512647414;V002-TMT;Zahnriemen 2GT-10-158;;2,84;Y;0;0;1;0;80;73;10;Y;Y;N;0;8;7,3;1;4010390090
11481;6,2346E+12;6234601528227;V002-TMT;Zahnriemen 2GT-5-158;;1,72;Y;0;0;1;0;80;73;5;Y;Y;N;0;8;7,3;0,5;4010390090
11480;6,23863E+12;6238625736903;V002-TMT;Zahnriemen 2GT-10-156;;2,69;Y;0;0;1;0;80;73;10;Y;Y;N;0;8;7,3;1;4010390090
11479;6,23156E+12;6231556666707;V002-TMT;Zahnriemen 2GT-5-156;;1,72;Y;0;0;1;0;80;73;5;Y;Y;N;0;8;7,3;0,5;4010390090
11478;6,23218E+12;6232178979923;V002-TMT;Zahnriemen 2GT-15-154;;3,46;Y;0;0;1;0;80;73;15;Y;Y;N;0;8;7,3;1,5;4010390090
11477;6,23407E+12;6234072816120;V002-TMT;Zahnriemen 2GT-10-154;;2,84;Y;0;0;1;0;80;73;10;Y;Y;N;0;8;7,3;1;4010390090
11476;6,23698E+12;6236981569593;V002-TMT;Zahnriemen 2GT-9-152;;2,63;Y;0;0;1;0;80;73;9;Y;Y;N;0;8;7,3;0,9;4010390090
11475;6,23322E+12;6233221547496;V002-TMT;Zahnriemen 2GT-5-152;;1,72;Y;0;0;1;0;80;73;5;Y;Y;N;0;8;7,3;0,5;4010390090
11474;6,2388E+12;6238795535795;V002-TMT;Zahnriemen 2GT-15-150;;3,46;Y;0;0;1;0;80;73;15;Y;Y;N;0;8;7,3;1,5;4010390090
11473;6,23711E+12;6237106006917;V002-TMT;Zahnriemen 2GT-5-150;;1,77;Y;0;0;1;0;80;73;5;Y;Y;N;0;8;7,3;0,5;4010390090
11472;6,23012E+12;6230117823788;V002-TMT;Zahnriemen 2GT-10-148;;2,69;Y;0;0;1;0;80;73;10;Y;Y;N;0;8;7,3;1;4010390090
11471;6,23881E+12;6238807676881;V002-TMT;Zahnriemen 2GT-10-146;;2,69;Y;0;0;1;0;80;73;10;Y;Y;N;0;8;7,3;1;4010390090
11470;6,23847E+12;6238465179984;V002-TMT;Zahnriemen 2GT-15-144;;3,46;Y;0;0;1;0;80;73;15;Y;Y;N;0;8;7,3;1,5;4010390090
11469;6,23689E+12;6236893182729;V002-TMT;Zahnriemen 2GT-10-144;;2,84;Y;0;0;1;0;80;73;10;Y;Y;N;0;8;7,3;1;4010390090
11468;6,23323E+12;6233227395046;V002-TMT;Zahnriemen 2GT-15-142;;3,66;Y;0;0;1;0;80;73;15;Y;Y;N;0;8;7,3;1,5;4010390090
11467;6,232E+12;6232004231416;V002-TMT;Zahnriemen 2GT-10-142;;2,69;Y;0;0;1;0;80;73;10;Y;Y;N;0;8;7,3;1;4010390090
11466;6,23902E+12;6239018021910;V002-TMT;Zahnriemen 2GT-15-140;;3,66;Y;0;0;1;0;80;73;15;Y;Y;N;0;8;7,3;1,5;4010390090
11465;6,23979E+12;6239788598308;V002-TMT;Zahnriemen 2GT-5-140;;1,77;Y;0;0;1;0;80;73;5;Y;Y;N;0;8;7,3;0,5;4010390090
11464;6,2382E+12;6238204265114;V002-TMT;Zahnriemen 2GT-10-138;;2,69;Y;0;0;1;0;80;73;10;Y;Y;N;0;8;7,3;1;4010390090
11463;6,23956E+12;6239558662093;V002-TMT;Zahnriemen 2GT-10-136;;2,69;Y;0;0;1;0;80;73;10;Y;Y;N;0;8;7,3;1;4010390090
11462;6,23024E+12;6230241698566;V002-TMT;Zahnriemen 2GT-10-134;;2,69;Y;0;0;1;0;80;73;10;Y;Y;N;0;8;7,3;1;4010390090
11461;6,23398E+12;6233983535618;V002-TMT;Zahnriemen 2GT-10-132;;2,69;Y;0;0;1;0;80;73;10;Y;Y;N;0;8;7,3;1;4010390090
11460;6,23986E+12;6239862828352;V002-TMT;Zahnriemen 2GT-15-130;;3,99;Y;0;0;1;0;80;73;15;Y;Y;N;0;8;7,3;1,5;4010390090
11459;6,2349E+12;6234897414341;V002-TMT;Zahnriemen 2GT-4-130;;1,52;Y;0;0;1;0;80;73;4;Y;Y;N;0;8;7,3;0,4;4010390090
11458;6,23857E+12;6238567093584;V002-TMT;Zahnriemen 2GT-10-128;;2,69;Y;0;0;1;0;80;73;10;Y;Y;N;0;8;7,3;1;4010390090
11457;6,23362E+12;6233617854412;V002-TMT;Zahnriemen 2GT-4-128;;1,52;Y;0;0;1;0;80;73;4;Y;Y;N;0;8;7,3;0,4;4010390090
11456;6,23258E+12;6232578067695;V002-TMT;Zahnriemen 2GT-10-126;;2,69;Y;0;0;1;0;80;73;10;Y;Y;N;0;8;7,3;1;4010390090
11455;6,23554E+12;6235540899317;V002-TMT;Zahnriemen 2GT-4-126;;1,52;Y;0;0;1;0;80;73;4;Y;Y;N;0;8;7,3;0,4;4010390090
11454;6,23596E+12;6235955459755;V002-TMT;Zahnriemen 2GT-15-122;;3,99;Y;0;0;1;0;80;73;15;Y;Y;N;0;8;7,3;1,5;4010390090
11453;6,23396E+12;6233956839460;V002-TMT;Zahnriemen 2GT-10-122;;2,69;Y;0;0;1;0;80;73;10;Y;Y;N;0;8;7,3;1;4010390090
11452;6,23405E+12;6234048634444;V002-TMT;Zahnriemen 2GT-15-120;;3,46;Y;0;0;1;0;80;73;15;Y;Y;N;0;8;7,3;1,5;4010390090
11451;6,23927E+12;6239266442147;V002-TMT;Zahnriemen 2GT-4-120;;1,52;Y;0;0;1;0;80;73;4;Y;Y;N;0;8;7,3;0,4;4010390090
11450;6,23474E+12;6234742985798;V002-TMT;Zahnriemen 2GT-10-118;;2,69;Y;0;0;1;0;80;73;10;Y;Y;N;0;8;7,3;1;4010390090
11449;6,23954E+12;6239540946187;V002-TMT;Zahnriemen 2GT-10-116;;2,69;Y;0;0;1;0;80;73;10;Y;Y;N;0;8;7,3;1;4010390090
11448;6,23552E+12;6235519826863;V002-TMT;Zahnriemen 2GT-10-114;;2,69;Y;0;0;1;0;80;73;10;Y;Y;N;0;8;7,3;1;4010390090
11447;6,23656E+12;6236555888587;V002-TMT;Zahnriemen 2GT-4-114;;1,52;Y;0;0;1;0;80;73;4;Y;Y;N;0;8;7,3;0,4;4010390090
11446;6,23377E+12;6233767198893;V002-TMT;Zahnriemen 2GT-15-112;;3,99;Y;0;0;1;0;80;73;15;Y;Y;N;0;8;7,3;1,5;4010390090
11445;6,23595E+12;6235954489210;V002-TMT;Zahnriemen 2GT-10-112;;2,89;Y;0;0;1;0;80;73;10;Y;Y;N;0;8;7,3;1;4010390090
11444;6,23199E+12;6231994331021;V002-TMT;Zahnriemen 2GT-4-112;;1,52;Y;0;0;1;0;80;73;4;Y;Y;N;0;8;7,3;0,4;4010390090
11443;6,23793E+12;6237930481676;V002-TMT;Zahnriemen 2GT-15-110;;3,61;Y;0;0;1;0;80;73;15;Y;Y;N;0;8;7,3;1,5;4010390090
11442;6,23948E+12;6239482523651;V002-TMT;Zahnriemen 2GT-4-110;;1,52;Y;0;0;1;0;80;73;4;Y;Y;N;0;8;7,3;0,4;4010390090
11441;6,23585E+12;6235849808171;V002-TMT;Zahnriemen 2GT-10-106;;2,69;Y;0;0;1;0;80;73;10;Y;Y;N;0;8;7,3;1;4010390090
11440;6,23073E+12;6230732495841;V002-TMT;Zahnriemen 2GT-10-104;;2,69;Y;0;0;1;0;80;73;10;Y;Y;N;0;8;7,3;1;4010390090
11439;6,23999E+12;6239992519847;V002-TMT;Zahnriemen 2GT-10-102;;2,69;Y;0;0;1;0;80;73;10;Y;Y;N;0;8;7,3;1;4010390090
11438;6,23889E+12;6238893739118;V002-TMT;Zahnriemen 2GT-15-100;;3,46;Y;0;0;1;0;80;73;15;Y;Y;N;0;8;7,3;1,5;4010390090
11437;6,23118E+12;6231179504653;V002-TMT;Zahnriemen 2GT-12-100;;3,58;Y;0;0;1;0;80;73;12;Y;Y;N;0;8;7,3;1,2;4010390090
11436;6,23005E+12;6230048898794;V002-TMT;Zahnriemen 2GT-3-100;;1,29;Y;0;0;1;0;80;73;3;Y;Y;N;0;8;7,3;0,3;4010390090
11435;6,23412E+12;6234120772606;V002-TMT;Zahnriemen 2GT-10-98;;3,52;Y;0;0;1;0;80;73;10;Y;Y;N;0;8;7,3;1;4010390090
11434;6,23618E+12;6236176978933;V002-TMT;Zahnriemen 2GT-3-98;;1,81;Y;0;0;1;0;80;73;3;Y;Y;N;0;8;7,3;0,3;4010390090
11433;6,23634E+12;6236341485501;V002-TMT;Zahnriemen 2GT-10-96;;2,69;Y;0;0;1;0;80;73;10;Y;Y;N;0;8;7,3;1;4010390090
11432;6,2377E+12;6237698607073;V002-TMT;Zahnriemen 2GT-9-96;;3,42;Y;0;0;1;0;80;73;9;Y;Y;N;0;8;7,3;0,9;4010390090
11431;6,23842E+12;6238419737710;V002-TMT;Zahnriemen 2GT-3-96;;1,29;Y;0;0;1;0;80;73;3;Y;Y;N;0;8;7,3;0,3;4010390090
11430;6,23691E+12;6236914958197;V002-TMT;Zahnriemen 2GT-10-94;;2,69;Y;0;0;1;0;80;73;10;Y;Y;N;0;8;7,3;1;4010390090
11429;6,23745E+12;6237451164263;V002-TMT;Zahnriemen 2GT-6-94;;1,83;Y;0;0;1;0;80;73;6;Y;Y;N;0;8;7,3;0,6;4010390090
11428;6,23124E+12;6231243927777;V002-TMT;Zahnriemen 2GT-3-94;;1,29;Y;0;0;1;0;80;73;3;Y;Y;N;0;8;7,3;0,3;4010390090
11427;6,23831E+12;6238312642678;V002-TMT;Zahnriemen 2GT-10-92;;2,69;Y;0;0;1;0;80;73;10;Y;Y;N;0;8;7,3;1;4010390090
11426;6,23948E+12;6239477486565;V002-TMT;Zahnriemen 2GT-6-92;;1,88;Y;0;0;1;0;80;73;6;Y;Y;N;0;8;7,3;0,6;4010390090
11425;6,23202E+12;6232020254963;V002-TMT;Zahnriemen 2GT-3-92;;1,29;Y;0;0;1;0;80;73;3;Y;Y;N;0;8;7,3;0,3;4010390090
11424;6,23051E+12;6230511634188;V002-TMT;Zahnriemen 2GT-10-90;;2,69;Y;0;0;1;0;80;73;10;Y;Y;N;0;8;7,3;1;4010390090
11423;6,23838E+12;6238383240247;V002-TMT;Zahnriemen 2GT-6-90;;1,83;Y;0;0;1;0;80;73;6;Y;Y;N;0;8;7,3;0,6;4010390090
11422;6,2395E+12;6239497782098;V002-TMT;Zahnriemen 2GT-3-90;;1,29;Y;0;0;1;0;80;73;3;Y;Y;N;0;8;7,3;0,3;4010390090
11421;6,23514E+12;6235144968532;V002-TMT;Zahnriemen 2GT-6-86;;1,83;Y;0;0;1;0;80;73;6;Y;Y;N;0;8;7,3;0,6;4010390090
11420;6,23317E+12;6233172249944;V002-TMT;Zahnriemen 2GT-6-84;;1,83;Y;0;0;1;0;80;73;6;Y;Y;N;0;8;7,3;0,6;4010390090
11419;6,232E+12;6232000529807;V002-TMT;Zahnriemen 2GT-6-82;;1,88;Y;0;0;1;0;80;73;6;Y;Y;N;0;8;7,3;0,6;4010390090
11418;6,23322E+12;6233218456473;V002-TMT;Zahnriemen 2GT-6-80;;1,83;Y;0;0;1;0;80;73;6;Y;Y;N;0;8;7,3;0,6;4010390090
11417;6,23114E+12;6231141236667;V002-TMT;Zahnriemen 2GT-6-78;;1,83;Y;0;0;1;0;80;73;6;Y;Y;N;0;8;7,3;0,6;4010390090
11416;6,23093E+12;6230927194382;V002-TMT;Zahnriemen 2GT-6-76;;1,83;Y;0;0;1;0;80;73;6;Y;Y;N;0;8;7,3;0,6;4010390090
11415;6,23156E+12;6231558491413;V002-TMT;Zahnriemen 2GT-6-74;;1,83;Y;0;0;1;0;80;73;6;Y;Y;N;0;8;7,3;0,6;4010390090
11414;6,2358E+12;6235800201218;V002-TMT;Zahnriemen 2GT-6-72;;1,83;Y;0;0;1;0;80;73;6;Y;Y;N;0;8;7,3;0,6;4010390090
11413;6,23615E+12;6236152882001;V002-TMT;Zahnriemen 2GT-6-70;;1,83;Y;0;0;1;0;80;73;6;Y;Y;N;0;8;7,3;0,6;4010390090
11412;6,23206E+12;6232059147144;V002-TMT;Zahnriemen 2GT-6-66;;1,83;Y;0;0;1;0;80;73;6;Y;Y;N;0;8;7,3;0,6;4010390090
11411;6,23762E+12;6237621108295;V002-TMT;Zahnriemen 2GT-6-56;;1,83;Y;10;0;1;0;80;73;6;Y;Y;N;0;8;7,3;0,6;4010390090
11410;6,23453E+12;6234526574170;V002-TMT;Zahnriemen 2GT-6-52;;1,88;Y;0;0;1;0;80;73;6;Y;Y;N;0;8;7,3;0,6;4010390090
11409;6,23999E+12;6239986529760;V002-TMT;Zahnriemen 2GT-6-50;;1,83;Y;0;0;1;0;80;73;6;Y;Y;N;0;8;7,3;0,6;4010390090
11408;6,23734E+12;6237337863303;V002-TMT;Zahnriemen 2GT-6-384;;2,76;Y;0;0;1;0;80;73;6;Y;Y;N;0;8;7,3;0,6;4010390090
11407;6,23564E+12;6235639042532;V002-TMT;Zahnriemen 2GT-10-380;;3,95;Y;0;0;1;10;80;73;10;Y;Y;N;0,01;8;7,3;1;4010390090
11406;6,2326E+12;6232597827010;V002-TMT;Zahnriemen 2GT-15-376;;5,96;Y;0;0;1;10;80;73;15;Y;Y;N;0,01;8;7,3;1,5;4010390090
11405;6,23639E+12;6236388937155;V002-TMT;Zahnriemen 2GT-10-376;;3,95;Y;0;0;1;10;80;73;10;Y;Y;N;0,01;8;7,3;1;4010390090
11404;6,23154E+12;6231537277687;V002-TMT;Zahnriemen 2GT-6-372;;2,81;Y;0;0;1;0;80;73;6;Y;Y;N;0;8;7,3;0,6;4010390090
11403;6,23396E+12;6233964542574;V002-TMT;Zahnriemen 2GT-10-370;;3,95;Y;0;0;1;10;80;73;10;Y;Y;N;0,01;8;7,3;1;4010390090
11402;6,23733E+12;6237334790930;V002-TMT;Zahnriemen 2GT-6-370;;2,76;Y;0;0;1;0;80;73;6;Y;Y;N;0;8;7,3;0,6;4010390090
11401;6,23694E+12;6236943740190;V002-TMT;Zahnriemen 2GT-6-366;;2,76;Y;0;0;1;0;80;73;6;Y;Y;N;0;8;7,3;0,6;4010390090
11400;6,237E+12;6237004437844;V002-TMT;Zahnriemen 2GT-6-364;;2,65;Y;0;0;1;0;80;73;6;Y;Y;N;0;8;7,3;0,6;4010390090
11399;6,23834E+12;6238340719496;V002-TMT;Zahnriemen 2GT-15-360;;5,66;Y;0;0;1;10;80;73;15;Y;Y;N;0,01;8;7,3;1,5;4010390090
11398;6,23001E+12;6230007543253;V002-TMT;Zahnriemen 2GT-6-358;;2,96;Y;0;0;1;0;80;73;6;Y;Y;N;0;8;7,3;0,6;4010390090
11397;6,2338E+12;6233804215323;V002-TMT;Zahnriemen 2GT-6-356;;2,65;Y;0;0;1;0;80;73;6;Y;Y;N;0;8;7,3;0,6;4010390090
11396;6,23495E+12;6234950975604;V002-TMT;Zahnriemen 2GT-10-354;;3,86;Y;0;0;1;10;80;73;10;Y;Y;N;0,01;8;7,3;1;4010390090
11395;6,23227E+12;6232271935550;V002-TMT;Zahnriemen 2GT-6-354;;2,65;Y;0;0;1;0;80;73;6;Y;Y;N;0;8;7,3;0,6;4010390090
11394;6,2385E+12;6238504269003;V002-TMT;Zahnriemen 2GT-15-350;;5,66;Y;0;0;1;10;80;73;15;Y;Y;N;0,01;8;7,3;1,5;4010390090
11393;6,23354E+12;6233540676549;V002-TMT;Zahnriemen 2GT-6-344;;2,5;Y;0;0;1;0;80;73;6;Y;Y;N;0;8;7,3;0,6;4010390090
11392;6,23842E+12;6238420478305;V002-TMT;Zahnriemen 2GT-6-342;;2,65;Y;0;0;1;0;80;73;6;Y;Y;N;0;8;7,3;0,6;4010390090
11391;6,23532E+12;6235322119800;V002-TMT;Zahnriemen 2GT-10-340;;3,71;Y;0;0;1;10;80;73;10;Y;Y;N;0,01;8;7,3;1;4010390090
11390;6,23225E+12;6232249086260;V002-TMT;Zahnriemen 2GT-6-338;;2,6;Y;0;0;1;0;80;73;6;Y;Y;N;0;8;7,3;0,6;4010390090
11389;6,23283E+12;6232828983225;V002-TMT;Zahnriemen 2GT-15-336;;5,11;Y;0;0;1;10;80;73;15;Y;Y;N;0,01;8;7,3;1,5;4010390090
11388;6,23357E+12;6233567282815;V002-TMT;Zahnriemen 2GT-10-336;;3,71;Y;0;0;1;10;80;73;10;Y;Y;N;0,01;8;7,3;1;4010390090
11387;6,2386E+12;6238604013117;V002-TMT;Zahnriemen 2GT-6-334;;2,5;Y;0;0;1;0;80;73;6;Y;Y;N;0;8;7,3;0,6;4010390090
11386;6,23684E+12;6236839993914;V002-TMT;Zahnriemen 2GT-15-330;;5,11;Y;0;0;1;10;80;73;15;Y;Y;N;0,01;8;7,3;1,5;4010390090
11385;6,23956E+12;6239562586989;V002-TMT;Zahnriemen 2GT-10-330;;3,52;Y;0;0;1;10;80;73;10;Y;Y;N;0,01;8;7,3;1;4010390090
11384;6,23846E+12;6238462507582;V002-TMT;Zahnriemen 2GT-6-328;;2,5;Y;0;0;1;0;80;73;6;Y;Y;N;0;8;7,3;0,6;4010390090
11383;6,23089E+12;6230892805979;V002-TMT;Zahnriemen 2GT-6-326;;2,5;Y;0;0;1;0;80;73;6;Y;Y;N;0;8;7,3;0,6;4010390090
11382;6,2392E+12;6239203889448;V002-TMT;Zahnriemen 2GT-6-324;;2,5;Y;0;0;1;0;80;73;6;Y;Y;N;0;8;7,3;0,6;4010390090
11381;6,23763E+12;6237626527411;V002-TMT;Zahnriemen 2GT-6-322;;2,4;Y;0;0;1;0;80;73;6;Y;Y;N;0;8;7,3;0,6;4010390090
11380;6,23095E+12;6230954059944;V002-TMT;Zahnriemen 2GT-15-320;;4,45;Y;0;0;1;10;80;73;15;Y;Y;N;0,01;8;7,3;1,5;4010390090
11379;6,2305E+12;6230502896816;V002-TMT;Zahnriemen 2GT-10-312;;3,38;Y;0;0;1;0;80;73;10;Y;Y;N;0;8;7,3;1;4010390090
11378;6,23996E+12;6239958691808;V002-TMT;Zahnriemen 2GT-6-312;;2,45;Y;0;0;1;0;80;73;6;Y;Y;N;0;8;7,3;0,6;4010390090
11377;6,23464E+12;6234639271775;V002-TMT;Zahnriemen 2GT-10-310;;3,38;Y;0;0;1;0;80;73;10;Y;Y;N;0;8;7,3;1;4010390090
11376;6,23285E+12;6232850333418;V002-TMT;Zahnriemen 2GT-6-310;;2,35;Y;0;0;1;0;80;73;6;Y;Y;N;0;8;7,3;0,6;4010390090
11375;6,2307E+12;6230700392691;V002-TMT;Zahnriemen 2GT-10-308;;3,95;Y;0;0;1;0;80;73;10;Y;Y;N;0;8;7,3;1;4010390090
11374;6,23081E+12;6230814833370;V002-TMT;Zahnriemen 2GT-10-306;;3,28;Y;0;0;1;0;80;73;10;Y;Y;N;0;8;7,3;1;4010390090
11373;6,23833E+12;6238328289232;V002-TMT;Zahnriemen 2GT-6-306;;2,35;Y;0;0;1;0;80;73;6;Y;Y;N;0;8;7,3;0,6;4010390090
11372;6,23415E+12;6234146410056;V002-TMT;Zahnriemen 2GT-6-304;;2,45;Y;0;0;1;0;80;73;6;Y;Y;N;0;8;7,3;0,6;4010390090
11371;6,23576E+12;6235756848765;V002-TMT;Zahnriemen 2GT-10-302;;3,95;Y;0;0;1;0;80;73;10;Y;Y;N;0;8;7,3;1;4010390090
11370;6,23169E+12;6231685259986;V002-TMT;Zahnriemen 2GT-15-300;;4,45;Y;0;0;1;10;80;73;15;Y;Y;N;0,01;8;7,3;1,5;4010390090
11369;6,23079E+12;6230785673838;V002-TMT;Zahnriemen 2GT-6-298;;2,35;Y;0;0;1;0;80;73;6;Y;Y;N;0;8;7,3;0,6;4010390090
11368;6,23502E+12;6235017615709;V002-TMT;Zahnriemen 2GT-6-296;;2,65;Y;0;0;1;0;80;73;6;Y;Y;N;0;8;7,3;0,6;4010390090
11367;6,23449E+12;6234490445766;V002-TMT;Zahnriemen 2GT-15-294;;4,45;Y;0;0;1;10;80;73;15;Y;Y;N;0,01;8;7,3;1,5;4010390090
11366;6,23994E+12;6239938698056;V002-TMT;Zahnriemen 2GT-10-294;;3,13;Y;0;0;1;0;80;73;10;Y;Y;N;0;8;7,3;1;4010390090
11365;6,23142E+12;6231418787526;V002-TMT;Zahnriemen 2GT-15-292;;4,27;Y;0;0;1;10;80;73;15;Y;Y;N;0,01;8;7,3;1,5;4010390090
11364;6,23799E+12;6237985415992;V002-TMT;Zahnriemen 2GT-6-292;;2,29;Y;0;0;1;0;80;73;6;Y;Y;N;0;8;7,3;0,6;4010390090
11363;6,23532E+12;6235317566640;V002-TMT;Zahnriemen 2GT-10-290;;3,13;Y;0;0;1;0;80;73;10;Y;Y;N;0;8;7,3;1;4010390090
11362;6,23846E+12;6238460512847;V002-TMT;Zahnriemen 2GT-6-290;;2,29;Y;0;0;1;0;80;73;6;Y;Y;N;0;8;7,3;0,6;4010390090
11361;6,23222E+12;6232222621242;V002-TMT;Zahnriemen 2GT-6-286;;2,65;Y;0;0;1;0;80;73;6;Y;Y;N;0;8;7,3;0,6;4010390090
11360;6,23124E+12;6231243872329;V002-TMT;Zahnriemen 2GT-10-284;;3,71;Y;0;0;1;0;80;73;10;Y;Y;N;0;8;7,3;1;4010390090
11359;6,23146E+12;6231464211914;V002-TMT;Zahnriemen 2GT-6-282;;2,65;Y;0;0;1;0;80;73;6;Y;Y;N;0;8;7,3;0,6;4010390090
11358;6,23325E+12;6233245737668;V002-TMT;Zahnriemen 2GT-15-280;;4,13;Y;0;0;1;10;80;73;15;Y;Y;N;0,01;8;7,3;1,5;4010390090
11357;6,23438E+12;6234380614234;V002-TMT;Zahnriemen 2GT-15-278;;4,81;Y;0;0;1;10;80;73;15;Y;Y;N;0,01;8;7,3;1,5;4010390090
11356;6,23496E+12;6234961188970;V002-TMT;Zahnriemen 2GT-10-278;;3,71;Y;0;0;1;0;80;73;10;Y;Y;N;0;8;7,3;1;4010390090
11355;6,23239E+12;6232388565916;V002-TMT;Zahnriemen 2GT-10-276;;2,99;Y;0;0;1;0;80;73;10;Y;Y;N;0;8;7,3;1;4010390090
11354;6,23955E+12;6239545563037;V002-TMT;Zahnriemen 2GT-6-276;;2,65;Y;0;0;1;0;80;73;6;Y;Y;N;0;8;7,3;0,6;4010390090
11353;6,23286E+12;6232855941663;V002-TMT;Zahnriemen 2GT-10-274;;2,99;Y;0;0;1;0;80;73;10;Y;Y;N;0;8;7,3;1;4010390090
11352;6,23171E+12;6231710436214;V002-TMT;Zahnriemen 2GT-10-906;;6,51;Y;0;0;1;10;80;73;10;Y;Y;N;0,01;8;7,3;1;4010390090
11351;6,23495E+12;6234948387853;V002-TMT;Zahnriemen 2GT-9-930;;6,3;Y;0;0;1;10;80;73;9;Y;Y;N;0,01;8;7,3;0,9;4010390090
11350;6,2338E+12;6233798712105;V002-TMT;Zahnriemen 2GT-6-910;;4,61;Y;0;0;1;10;80;73;6;Y;Y;N;0,01;8;7,3;0,6;4010390090
11349;6,23376E+12;6233762265521;V002-TMT;Zahnriemen 2GT-6-906;;4,39;Y;0;0;1;10;80;73;6;Y;Y;N;0,01;8;7,3;0,6;4010390090
11348;6,23035E+12;6230350731666;V002-TMT;Zahnriemen 2GT-15-900;;8,32;Y;0;0;1;20;80;73;15;Y;Y;N;0,02;8;7,3;1,5;4010390090
11347;6,23405E+12;6234049080301;V002-TMT;Zahnriemen 2GT-6-892;;4,39;Y;0;0;1;10;80;73;6;Y;Y;N;0,01;8;7,3;0,6;4010390090
11346;6,23804E+12;6238040089516;V002-TMT;Zahnriemen 2GT-6-872;;4,34;Y;0;0;1;10;80;73;6;Y;Y;N;0,01;8;7,3;0,6;4010390090
11345;6,23109E+12;6231093091475;V002-TMT;Zahnriemen 2GT-10-852;;6,39;Y;0;0;1;10;80;73;10;Y;Y;N;0,01;8;7,3;1;4010390090
11344;6,23492E+12;6234917661359;V002-TMT;Zahnriemen 2GT-6-1270;;6,61;Y;0;0;1;10;80;73;6;Y;Y;N;0,01;8;7,3;0,6;4010390090
11343;6,2329E+12;6232899330966;V002-TMT;Zahnriemen 2GT-10-1250;;8,16;Y;0;0;1;20;80;73;10;Y;Y;N;0,02;8;7,3;1;4010390090
11342;6,23504E+12;6235037502669;V002-TMT;Zahnriemen 2GT-10-1240;;8,8;Y;0;0;1;20;80;73;10;Y;Y;N;0,02;8;7,3;1;4010390090
11341;6,23141E+12;6231408057974;V002-TMT;Zahnriemen 2GT-9-1240;;8;Y;0;0;1;20;80;73;9;Y;Y;N;0,02;8;7,3;0,9;4010390090
11340;6,23012E+12;6230119973948;V002-TMT;Zahnriemen 2GT-6-1240;;6,49;Y;0;0;1;10;80;73;6;Y;Y;N;0,01;8;7,3;0,6;4010390090
11339;6,23197E+12;6231971943780;V002-TMT;Zahnriemen 2GT-10-1220;;7,65;Y;0;0;1;20;80;73;10;Y;Y;N;0,02;8;7,3;1;4010390090
11338;6,23209E+12;6232092386265;V002-TMT;Zahnriemen 2GT-9-1210;;8,31;Y;0;0;1;20;80;73;9;Y;Y;N;0,02;8;7,3;0,9;4010390090
11337;6,23173E+12;6231732206376;V002-TMT;Zahnriemen 2GT-6-1190;;5,77;Y;0;0;1;10;80;73;6;Y;Y;N;0,01;8;7,3;0,6;4010390090
11336;6,23353E+12;6233532994088;V002-TMT;Zahnriemen 2GT-4-1190;;4,23;Y;0;0;1;10;80;73;4;Y;Y;N;0,01;8;7,3;0,4;4010390090
11335;6,2348E+12;6234795683412;V002-TMT;Zahnriemen 2GT-10-1180;;8,33;Y;0;0;1;20;80;73;10;Y;Y;N;0,02;8;7,3;1;4010390090
11334;6,23146E+12;6231459338336;;Zahnriemen 2GT-10-200;;2,53;Y;0;0;1;0;80;73;10;N;Y;Y;0;8;7,3;1;4010390090
11333;6,23749E+12;6237486286923;V002-TMT;Zahnriemen 2GT-6-272;;2,65;Y;0;0;1;0;80;73;6;Y;Y;N;0;8;7,3;0,6;4010390090
11332;6,23917E+12;6239167321299;V002-TMT;Zahnriemen 2GT-10-270;;2,99;Y;0;0;1;0;80;73;10;Y;Y;N;0;8;7,3;1;4010390090
11331;6,23504E+12;6235041563472;V002-TMT;Zahnriemen 2GT-6-270;;2,19;Y;0;0;1;0;80;73;6;Y;Y;N;0;8;7,3;0,6;4010390090
11330;6,23575E+12;6235748551741;V002-TMT;Zahnriemen 2GT-6-266;;2,14;Y;0;0;1;0;80;73;6;Y;Y;N;0;8;7,3;0,6;4010390090
11329;6,23044E+12;6230441133799;V002-TMT;Zahnriemen 2GT-15-264;;4,5;Y;0;0;1;10;80;73;15;Y;Y;N;0,01;8;7,3;1,5;4010390090
11328;6,23326E+12;6233264355997;V002-TMT;Zahnriemen 2GT-10-264;;3,1;Y;0;0;1;0;80;73;10;Y;Y;N;0;8;7,3;1;4010390090
11327;6,23784E+12;6237840498344;V002-TMT;Zahnriemen 2GT-6-262;;2,5;Y;0;0;1;0;80;73;6;Y;Y;N;0;8;7,3;0,6;4010390090
11326;6,23148E+12;6231475188588;V002-TMT;Zahnriemen 2GT-15-260;;4,5;Y;0;0;1;10;80;73;15;Y;Y;N;0,01;8;7,3;1,5;4010390090
11325;6,23787E+12;6237873700421;V002-TMT;Zahnriemen 2GT-6-258;;2,5;Y;0;0;1;0;80;73;6;Y;Y;N;0;8;7,3;0,6;4010390090
11324;6,23415E+12;6234151589785;V002-TMT;Zahnriemen 2GT-6-256;;2,5;Y;0;0;1;0;80;73;6;Y;Y;N;0;8;7,3;0,6;4010390090
11323;6,2387E+12;6238699101669;V002-TMT;Zahnriemen 2GT-10-254;;2,94;Y;0;0;1;0;80;73;10;Y;Y;N;0;8;7,3;1;4010390090
11322;6,23499E+12;6234994276804;V002-TMT;Zahnriemen 2GT-6-254;;2,5;Y;0;0;1;0;80;73;6;Y;Y;N;0;8;7,3;0,6;4010390090
11321;6,2366E+12;6236597946689;V002-TMT;Zahnriemen 2GT-10-252;;3,05;Y;0;0;1;0;80;73;10;Y;Y;N;0;8;7,3;1;4010390090
11320;6,23105E+12;6231051226604;V002-TMT;Zahnriemen 2GT-9-252;;2,78;Y;0;0;1;0;80;73;9;Y;Y;N;0;8;7,3;0,9;4010390090
11319;6,23273E+12;6232733033008;V002-TMT;Zahnriemen 2GT-15-250;;4,14;Y;0;0;1;10;80;73;15;Y;Y;N;0,01;8;7,3;1,5;4010390090
11318;6,23854E+12;6238535772404;V002-TMT;Zahnriemen 2GT-9-250;;3,22;Y;0;0;1;0;80;73;9;Y;Y;N;0;8;7,3;0,9;4010390090
11317;6,23836E+12;6238358758883;V002-TMT;Zahnriemen 2GT-10-248;;2,94;Y;0;0;1;0;80;73;10;Y;Y;N;0;8;7,3;1;4010390090
11316;6,23401E+12;6234009332051;V002-TMT;Zahnriemen 2GT-6-248;;2,5;Y;0;0;1;0;80;73;6;Y;Y;N;0;8;7,3;0,6;4010390090
11315;6,23961E+12;6239608398118;V002-TMT;Zahnriemen 2GT-6-246;;2,04;Y;0;0;1;0;80;73;6;Y;Y;N;0;8;7,3;0,6;4010390090
11314;6,23356E+12;6233559451755;V002-TMT;Zahnriemen 2GT-15-244;;4,45;Y;0;0;1;10;80;73;15;Y;Y;N;0,01;8;7,3;1,5;4010390090
11313;6,23982E+12;6239817487207;V002-TMT;Zahnriemen 2GT-10-244;;2,94;Y;0;0;1;0;80;73;10;Y;Y;N;0;8;7,3;1;4010390090
11312;6,23498E+12;6234976915493;V002-TMT;Zahnriemen 2GT-15-238;;3,99;Y;0;0;1;10;80;73;15;Y;Y;N;0,01;8;7,3;1,5;4010390090
11311;6,23791E+12;6237912781404;V002-TMT;Zahnriemen 2GT-10-238;;3,28;Y;0;0;1;0;80;73;10;Y;Y;N;0;8;7,3;1;4010390090
11310;6,23659E+12;6236589841695;V002-TMT;Zahnriemen 2GT-6-238;;2,04;Y;0;0;1;0;80;73;6;Y;Y;N;0;8;7,3;0,6;4010390090
11309;6,23605E+12;6236047375151;V002-TMT;Zahnriemen 2GT-6-236;;2,04;Y;0;0;1;0;80;73;6;Y;Y;N;0;8;7,3;0,6;4010390090
11308;6,23118E+12;6231183297015;V002-TMT;Zahnriemen 2GT-3-236;;1,4;Y;0;0;1;0;80;73;3;Y;Y;N;0;8;7,3;0,3;4010390090
11307;6,23938E+12;6239381117340;V002-TMT;Zahnriemen 2GT-6-234;;2,35;Y;0;0;1;0;80;73;6;Y;Y;N;0;8;7,3;0,6;4010390090
11306;6,23934E+12;6239335185463;V002-TMT;Zahnriemen 2GT-10-232;;2,94;Y;0;0;1;0;80;73;10;Y;Y;N;0;8;7,3;1;4010390090
11305;6,2336E+12;6233598336105;V002-TMT;Zahnriemen 2GT-10-230;;2,94;Y;0;0;1;0;80;73;10;Y;Y;N;0;8;7,3;1;4010390090
11304;6,23689E+12;6236892319492;V002-TMT;Zahnriemen 2GT-10-228;;2,94;Y;0;0;1;0;80;73;10;Y;Y;N;0;8;7,3;1;4010390090
11303;6,2339E+12;6233900418406;V002-TMT;Zahnriemen 2GT-10-226;;2,79;Y;0;0;1;0;80;73;10;Y;Y;N;0;8;7,3;1;4010390090
11302;6,23416E+12;6234157755047;V002-TMT;Zahnriemen 2GT-8-226;;2,52;Y;0;0;1;0;80;73;8;Y;Y;N;0;8;7,3;0,8;4010390090
11301;6,23194E+12;6231943349312;V002-TMT;Zahnriemen 2GT-6-226;;1,99;Y;0;0;1;0;80;73;6;Y;Y;N;0;8;7,3;0,6;4010390090
11300;6,23308E+12;6233081241251;V002-TMT;Zahnriemen 2GT-10-222;;3,1;Y;0;0;1;0;80;73;10;Y;Y;N;0;8;7,3;1;4010390090
11299;6,23478E+12;6234781189416;V002-TMT;Zahnriemen 2GT-15-220;;3,75;Y;0;0;1;10;80;73;15;Y;Y;N;0,01;8;7,3;1,5;4010390090
11298;6,23576E+12;6235755103445;V002-TMT;Zahnriemen 2GT-10-218;;2,79;Y;0;0;1;0;80;73;10;Y;Y;N;0;8;7,3;1;4010390090
11297;6,23553E+12;6235529020046;V002-TMT;Zahnriemen 2GT-6-216;;1,99;Y;0;0;1;0;80;73;6;Y;Y;N;0;8;7,3;0,6;4010390090
11296;6,23224E+12;6232242586590;V002-TMT;Zahnriemen 2GT-10-214;;2,79;Y;0;0;1;0;80;73;10;Y;Y;N;0;8;7,3;1;4010390090
11295;6,23668E+12;6236677989674;V002-TMT;Zahnriemen 2GT-6-212;;1,99;Y;0;0;1;0;80;73;6;Y;Y;N;0;8;7,3;0,6;4010390090
11294;6,23541E+12;6235405925106;V002-TMT;Zahnriemen 2GT-10-210;;2,79;Y;0;0;1;0;80;73;10;Y;Y;N;0;8;7,3;1;4010390090
11293;6,23836E+12;6238362468631;V002-TMT;Zahnriemen 2GT-6-210;;1,94;Y;0;0;1;0;80;73;6;Y;Y;N;0;8;7,3;0,6;4010390090
11292;6,23502E+12;6235015959928;V002-TMT;Zahnriemen 2GT-10-208;;2,79;Y;0;0;1;0;80;73;10;Y;Y;N;0;8;7,3;1;4010390090
11291;6,23285E+12;6232847806949;V002-TMT;Zahnriemen 2GT-6-206;;1,88;Y;0;0;1;0;80;73;6;Y;Y;N;0;8;7,3;0,6;4010390090
11290;6,2383E+12;6238298659448;V002-TMT;Zahnriemen 2GT-4-206;;1,61;Y;0;0;1;0;80;73;4;Y;Y;N;0;8;7,3;0,4;4010390090
11289;6,23569E+12;6235689350793;V002-TMT;Zahnriemen 2GT-8-204;;2,36;Y;0;0;1;0;80;73;8;Y;Y;N;0;8;7,3;0,8;4010390090
11288;6,23766E+12;6237659932152;V002-TMT;Zahnriemen 2GT-4-204;;1,57;Y;0;0;1;0;80;73;4;Y;Y;N;0;8;7,3;0,4;4010390090
11287;6,23085E+12;6230846446579;V002-TMT;Zahnriemen 2GT-3-204;;1,4;Y;0;0;1;0;80;73;3;Y;Y;N;0;8;7,3;0,3;4010390090
11286;6,23004E+12;6230036654098;V002-TMT;Zahnriemen 2GT-15-202;;3,99;Y;0;0;1;0;80;73;15;Y;Y;N;0;8;7,3;1,5;4010390090
11285;6,23456E+12;6234563223109;V002-TMT;Zahnriemen 2GT-10-202;;2,84;Y;0;0;1;0;80;73;10;Y;Y;N;0;8;7,3;1;4010390090
11284;6,23294E+12;6232936146963;V002-TMT;Zahnriemen 2GT-4-202;;1,57;Y;0;0;1;0;80;73;4;Y;Y;N;0;8;7,3;0,4;4010390090
11283;6,23596E+12;6235958710969;V002-TMT;Zahnriemen 2GT-15-200;;3,66;Y;0;0;1;0;80;73;15;Y;Y;N;0;8;7,3;1,5;4010390090
11282;6,23596E+12;6235959369241;V002-TMT;Zahnriemen 2GT-4-200;;1,57;Y;0;0;1;0;80;73;4;Y;Y;N;0;8;7,3;0,4;4010390090
11281;6,23099E+12;6230992687048;V002-TMT;Zahnriemen 2GT-10-198;;2,79;Y;0;0;1;0;80;73;10;Y;Y;N;0;8;7,3;1;4010390090
11280;6,23784E+12;6237836075290;V002-TMT;Zahnriemen 2GT-6-198;;1,99;Y;0;0;1;0;80;73;6;Y;Y;N;0;8;7,3;0,6;4010390090
11279;6,23231E+12;6232307441055;V002-TMT;Zahnriemen 2GT-10-196;;2,79;Y;0;0;1;0;80;73;10;Y;Y;N;0;8;7,3;1;4010390090
11278;6,23122E+12;6231219013152;V002-TMT;Zahnriemen 2GT-6-196;;1,99;Y;0;0;1;0;80;73;6;Y;Y;N;0;8;7,3;0,6;4010390090
11277;6,23151E+12;6231513419148;V002-TMT;Zahnriemen 2GT-5-196;;1,72;Y;0;0;1;0;80;73;5;Y;Y;N;0;8;7,3;0,5;4010390090
11276;6,23592E+12;6235917625259;V002-TMT;Zahnriemen 2GT-10-194;;2,79;Y;0;0;1;0;80;73;10;Y;Y;N;0;8;7,3;1;4010390090
11275;6,23431E+12;6234312901395;V002-TMT;Zahnriemen 2GT-8-194;;2,46;Y;0;0;1;0;80;73;8;Y;Y;N;0;8;7,3;0,8;4010390090
11274;6,23581E+12;6235808229726;V002-TMT;Zahnriemen 2GT-7-194;;2,15;Y;0;0;1;0;80;73;7;Y;Y;N;0;8;7,3;0,7;4010390090
11273;6,23472E+12;6234718517275;V002-TMT;Zahnriemen 2GT-15-192;;3,61;Y;0;0;1;0;80;73;15;Y;Y;N;0;8;7,3;1,5;4010390090
11272;6,23625E+12;6236246013274;V002-TMT;Zahnriemen 2GT-10-192;;2,79;Y;0;0;1;0;80;73;10;Y;Y;N;0;8;7,3;1;4010390090
11271;6,23459E+12;6234586559131;V002-TMT;Zahnriemen 2GT-4-192;;1,52;Y;0;0;1;0;80;73;4;Y;Y;N;0;8;7,3;0,4;4010390090
11270;6,23256E+12;6232560689485;V002-TMT;Zahnriemen 2GT-15-190;;3,85;Y;0;0;1;0;80;73;15;Y;Y;N;0;8;7,3;1,5;4010390090
11269;6,23122E+12;6231217116497;V002-TMT;Zahnriemen 2GT-10-190;;2,79;Y;0;0;1;0;80;73;10;Y;Y;N;0;8;7,3;1;4010390090
11268;6,23808E+12;6238075804252;V002-TMT;Zahnriemen 2GT-10-186;;2,69;Y;0;0;1;0;80;73;10;Y;Y;N;0;8;7,3;1;4010390090
11267;6,2346E+12;6234597116767;V002-TMT;Zahnriemen 2GT-10-184;;2,69;Y;0;0;1;0;80;73;10;Y;Y;N;0;8;7,3;1;4010390090
11266;6,23414E+12;6234137838838;V002-TMT;Zahnriemen 2GT-9-184;;2,47;Y;0;0;1;0;80;73;9;Y;Y;N;0;8;7,3;0,9;4010390090
11265;6,23151E+12;6231505690623;V002-TMT;Zahnriemen 2GT-10-182;;2,69;Y;0;0;1;0;80;73;10;Y;Y;N;0;8;7,3;1;4010390090
11264;6,23446E+12;6234464000991;V002-TMT;Zahnriemen 2GT-3-182;;1,4;Y;0;0;1;0;80;73;3;Y;Y;N;0;8;7,3;0,3;4010390090
11263;6,23946E+12;6239463037764;V002-TMT;Zahnriemen 2GT-15-180;;3,46;Y;0;0;1;0;80;73;15;Y;Y;N;0;8;7,3;1,5;4010390090
11262;6,2368E+12;6236800936674;V002-TMT;Zahnriemen 2GT-4-180;;1,57;Y;0;0;1;0;80;73;4;Y;Y;N;0;8;7,3;0,4;4010390090
11261;6,23639E+12;6236394077241;V002-TMT;Zahnriemen 2GT-15-178;;3,66;Y;0;0;1;0;80;73;15;Y;Y;N;0;8;7,3;1,5;4010390090
11260;6,23885E+12;6238852499268;V002-TMT;Zahnriemen 2GT-10-178;;2,69;Y;0;0;1;0;80;73;10;Y;Y;N;0;8;7,3;1;4010390090
11259;6,23376E+12;6233764055724;V002-TMT;Zahnriemen 2GT-10-176;;2,69;Y;0;0;1;0;80;73;10;Y;Y;N;0;8;7,3;1;4010390090
11258;6,23091E+12;6230906166201;V002-TMT;Zahnriemen 2GT-15-174;;3,66;Y;0;0;1;0;80;73;15;Y;Y;N;0;8;7,3;1,5;4010390090
11257;6,23758E+12;6237575212451;V002-TMT;Zahnriemen 2GT-10-174;;2,84;Y;0;0;1;0;80;73;10;Y;Y;N;0;8;7,3;1;4010390090
11256;6,23582E+12;6235819321594;V002-TMT;Zahnriemen 2GT-15-172;;3,61;Y;0;0;1;0;80;73;15;Y;Y;N;0;8;7,3;1,5;4010390090
11255;6,23297E+12;6232965688700;V002-TMT;Zahnriemen 2GT-15-170;;3,66;Y;0;0;1;0;80;73;15;Y;Y;N;0;8;7,3;1,5;4010390090
11254;6,23696E+12;6236956132654;V002-TMT;Zahnriemen 2GT-9-170;;2,47;Y;0;0;1;0;80;73;9;Y;Y;N;0;8;7,3;0,9;4010390090
11253;6,23149E+12;6231488643173;V002-TMT;Zahnriemen 2GT-10-166;;2,69;Y;0;0;1;0;80;73;10;Y;Y;N;0;8;7,3;1;4010390090
11252;6,23454E+12;6234535110925;V002-TMT;Zahnriemen 2GT-9-166;;2,47;Y;0;0;1;0;80;73;9;Y;Y;N;0;8;7,3;0,9;4010390090
11251;6,23088E+12;6230879139271;V002-TMT;Zahnriemen 2GT-10-164;;2,69;Y;0;0;1;0;80;73;10;Y;Y;N;0;8;7,3;1;4010390090
11250;6,23581E+12;6235805966778;V002-TMT;Zahnriemen 2GT-9-164;;2,47;Y;0;0;1;0;80;73;9;Y;Y;N;0;8;7,3;0,9;4010390090
11249;6,23885E+12;6238851618899;V002-TMT;Zahnriemen 2GT-4-164;;1,52;Y;0;0;1;0;80;73;4;Y;Y;N;0;8;7,3;0,4;4010390090
11248;6,23119E+12;6231185514912;V002-TMT;Zahnriemen 2GT-10-162;;2,69;Y;0;0;1;0;80;73;10;Y;Y;N;0;8;7,3;1;4010390090
11247;6,23101E+12;6231011551968;V002-TMT;Zahnriemen 2GT-5-162;;1,72;Y;0;0;1;0;80;73;5;Y;Y;N;0;8;7,3;0,5;4010390090
11242;6,23125E+12;6231249544725;V092-TMT;Linearführung Miniature MGW15H;;18,75;Y;0;0;1;220;73,8;60;16;Y;Y;N;0,23;7,38;6;1,6;8487909090
11241;6,23315E+12;6233154689072;V092-TMT;Linearführung Miniature MGW15C;;15,76;Y;0;0;1;140;54,8;60;16;Y;Y;N;0,14;5,48;6;1,6;8487909090
11240;6,23722E+12;6237218233942;V092-TMT;Linearführung Miniature MGW15 - 100mm;;11,15;Y;0;0;1;140;100;42;9,5;Y;Y;N;0,14;10;4,2;0,95;8487909090
11239;6,23212E+12;6232122029711;V092-TMT;Linearführung Miniature MGW12H;;16,87;Y;0;0;1;100;60,4;40;14;Y;Y;N;0,1;6,04;4;1,4;8487909090
11238;6,23565E+12;6235653663638;V092-TMT;Linearführung Miniature MGW12C;;13,69;Y;0;0;1;70;46,1;40;14;Y;Y;N;0,07;4,61;4;1,4;8487909090
11237;6,23637E+12;6236369724149;V092-TMT;Linearführung Miniature MGW12 - 100mm;;9,12;Y;0;0;1;70;100;24;8,5;Y;Y;N;0,07;10;2,4;0,85;8487909090
11236;6,2311E+12;6231097799940;V092-TMT;Linearführung Miniature MGW9H;;12,42;Y;0;0;1;60;50,7;30;12;Y;Y;N;0,06;5,07;3;1,2;8487909090
11235;6,23903E+12;6239025860755;V092-TMT;Linearführung Miniature MGW9C;;11,16;Y;0;0;1;40;39,3;30;12;Y;Y;N;0,04;3,93;3;1,2;8487909090
11234;6,23253E+12;6232526143211;V092-TMT;Linearführung Miniature MGW9 - 100mm;;8,82;Y;0;0;1;40;100;18;7;Y;Y;N;0,04;10;1,8;0,7;8487909090
11233;6,23934E+12;6239343050081;V092-TMT;Linearführung Miniature MGW7H;;14,89;Y;0;0;1;30;41;25;9;Y;Y;N;0,03;4,1;2,5;0,9;8487909090
11232;6,23479E+12;6234789065590;V092-TMT;Linearführung Miniature MGW7C;;13;Y;0;0;1;20;31,2;25;9;Y;Y;N;0,02;3,12;2,5;0,9;8487909090
11231;6,23786E+12;6237855565031;V092-TMT;Linearführung Miniature MGW7 - 100mm;;8,72;Y;0;0;1;20;100;14;5;Y;Y;N;0,02;10;1,4;0,5;8487909090
11230;6,23154E+12;6231542256936;V092-TMT;Linearführung Miniature MGN15H;;10,28;Y;0;0;1;90;58,8;32;16;Y;Y;N;0,09;5,88;3,2;1,6;8487909090
11229;6,23171E+12;6231706752878;V092-TMT;Linearführung Miniature MGN15C;;8,85;Y;0;0;1;60;42,1;32;16;Y;Y;N;0,06;4,21;3,2;1,6;8487909090
11228;6,23456E+12;6234562776712;V092-TMT;Linearführung Miniature MGN15 - 100mm;;6,04;Y;0;0;1;110;100;15;16;Y;Y;N;0,15;10;1,5;1,6;8487909090
11227;6,23247E+12;6232471114144;V092-TMT;Linearführung Miniature MGN12H;;8,14;Y;0;0;1;50;45,4;27;13;Y;Y;N;0,05;4,54;2,7;1,3;8487909090
11226;6,23487E+12;6234868215021;V092-TMT;Linearführung Miniature MGN12C;;7,62;Y;0;0;1;30;34,7;27;13;Y;Y;N;0,03;3,47;2,7;1,3;8487909090
11225;6,23882E+12;6238824821592;V092-TMT;Linearführung Miniature MGN12 - 100mm;;4,83;Y;0;0;1;70;100;9;8;Y;Y;N;0,08;10;0,9;0,8;8487909090
11224;6,2302E+12;6230197567053;V092-TMT;Linearführung Miniature MGN9H;;8,11;Y;0;0;1;30;39,9;20;10;Y;Y;N;0,03;3,99;2;1;8487909090
11223;6,2379E+12;6237904983427;V092-TMT;Linearführung Miniature MGN9C;;7,6;Y;0;0;1;20;28,9;20;10;Y;Y;N;0,02;2,89;2;1;8487909090
11222;6,2389E+12;6238903262384;V092-TMT;Linearführung Miniature MGN9 - 100mm;;4,71;Y;0;0;1;40;100;9;6,5;Y;Y;N;0,05;10;0,9;0,65;8487909090
11221;6,238E+12;6238000312975;V092-TMT;Linearführung Miniature MGN7H;;8,09;Y;0;0;1;20;30,8;17;8;Y;Y;N;0,02;3,08;1,7;0,8;8487909090
11220;6,23245E+12;6232454957119;V092-TMT;Linearführung Miniature MGN7C;;7,58;Y;0;0;1;10;22,5;17;8;Y;Y;N;0,01;2,25;1,7;0,8;8487909090
11219;6,23421E+12;6234213410071;V092-TMT;Linearführung Miniature MGN7 - 100mm;;4,61;Y;0;0;1;20;100;7;4,8;Y;Y;N;0,03;10;0,7;0,48;8487909090
11157;SL-1204-150;4283230059222;;Kugelumlaufspindel C7 SFU1204-3-150: Ø12mm, Steigung 4mm, Kugelgänge 3, Gesamtlänge 150mm, bearbeitet für BK/BF10;;29,23;Y;0;4;0;190;150;40,5;30;Y;Y;N;0,2;15;4,05;3;8483403090
11125;TMT-4283230504029;4283230504029;V007-TMT;Zahnriemenscheibe HTD3M-16K-B6.35-15: Zähne 16, Typ K, Bohrung 6.35, Riemenbreite 15mm;;3,55;Y;0;0;1;10;14;13;13;Y;Y;N;0,01;1,4;1,3;1,3;8483508090
11124;TES-4283230503923;4283230503923;V148-TES;Industrieschalter LA38S Schalterkopf -11BN DRUCK, RASTEND, weiß;;2,78;Y;0;0;0;20;45;41;30;Y;Y;N;0,02;4,5;4,1;3;8536500700
11123;TES-4283230503824;4283230503824;V148-TES;Industrieschalter LA38S Schalterkopf -11BN DRUCK, RASTEND, BLAU;;2,78;Y;0;0;0;20;45;41;30;Y;Y;N;0,02;4,5;4,1;3;8536500700
11122;TES-4283230503725;4283230503725;V148-TES;Industrieschalter LA38S Schalterkopf -11BN DRUCK, RASTEND, GELB;;2,78;Y;0;0;0;20;45;41;30;Y;Y;N;0,02;4,5;4,1;3;8536500700
11121;TMT-4283230503329;4283230503329;;Trapezgewindespindel T6x1x2-300, 304 Edelstahl V2A;;8,8;N;0;0;1;60;300;6;6;N;Y;N;0,06;30;0,6;0,6;7318156290
11120;PRO-4283230501424;4283230501424;V046-PRO;Kugelgewindemutter Standard KGT1604-4;;16,87;Y;0;0;0;280;50;38;40;Y;Y;N;0,29;5;3,8;4;8483403090
11119;PRO-4283230501325;4283230501325;V046-PRO;Kugelgewindemutter Standard KGT1604-3;;20,92;Y;0;0;0;280;42;38;40;Y;Y;N;0,29;4,2;3,8;4;8483403090
11118;PRO-4283230503220;4283230503220;V046-PRO;Kugelgewindemutter Standard KGT6320-4;;484,6;Y;0;0;1;4260;98;108;95;N;Y;N;4,39;9,8;10,8;9,5;8483403090
11117;PRO-4283230503121;4283230503121;V046-PRO;Kugelgewindemutter Standard KGT6310-4;;182,1;Y;0;0;1;4260;93;108;95;N;Y;N;4,39;9,3;10,8;9,5;8483403090
11116;PRO-4283230503022;4283230503022;V046-PRO;Kugelgewindemutter Standard KGT5020-4;;215,28;Y;0;0;1;1950;93;108;95;N;Y;N;2,01;9,3;10,8;9,5;8483403090
11115;PRO-4283230502926;4283230502926;V046-PRO;Kugelgewindemutter Standard KGT5010-4;;115,72;Y;0;0;1;1950;93;93;85;N;Y;N;2,01;9,3;9,3;8,5;8483403090
11114;PRO-4283230502827;4283230502827;V046-PRO;Kugelgewindemutter Standard KGT5005-4;;104,25;Y;0;0;1;1950;55;93;85;N;Y;N;2,01;5,5;9,3;8,5;8483403090
11113;PRO-4283230502728;4283230502728;V046-PRO;Kugelgewindemutter Standard KGT4010-4;;48,69;Y;0;0;1;1620;93;78;70;N;Y;N;1,67;9,3;7,8;7;8483403090
11112;PRO-4283230502629;4283230502629;V046-PRO;Kugelgewindemutter Standard KGT4005-4;;48,69;Y;0;0;1;1620;55;78;70;N;Y;N;1,67;5,5;7,8;7;8483403090
11111;PRO-4283230502520;4283230502520;V046-PRO;Kugelgewindemutter Standard KGT3210-4;;32,31;Y;0;0;0;1100;90;65;62;Y;Y;N;1,13;9;6,5;6,2;8483403090
11110;PRO-4283230502421;4283230502421;V046-PRO;Kugelgewindemutter Standard KGT3206-4;;31,42;Y;0;0;0;440;57;65;62;Y;Y;N;0,45;5,7;6,5;6,2;8483403090
11109;PRO-4283230502322;4283230502322;V046-PRO;Kugelgewindemutter Standard KGT3205-4;;31,42;Y;0;0;0;440;52;65;62;Y;Y;N;0,45;5,2;6,5;6,2;8483403090
11108;PRO-4283230502223;4283230502223;V046-PRO;Kugelgewindemutter Standard KGT2505-4;;24,58;Y;0;0;0;800;51;48;40;Y;Y;N;0,82;5,1;4,8;4;8483403090
11107;PRO-4283230502124;4283230502124;V046-PRO;Kugelgewindemutter Standard KGT2505-3;;24,58;Y;0;0;0;800;51;48;40;Y;Y;N;0,82;5,1;4,8;4;8483403090
11106;PRO-4283230502025;4283230502025;V046-PRO;Kugelgewindemutter Standard KGT2010-3/2;;23,91;Y;0;0;0;360;51;47;44;Y;Y;N;0,37;5,1;4,7;4,4;8483403090
11105;PRO-4283230501929;4283230501929;V046-PRO;Kugelgewindemutter Standard KGT2005-4;;21,62;Y;0;0;0;360;51;47;44;Y;Y;N;0,37;5,1;4,7;4,4;8483403090
11104;PRO-4283230501820;4283230501820;V046-PRO;Kugelgewindemutter Standard KGT2005-3;;21,62;Y;0;0;0;360;43;47;44;Y;Y;N;0,37;4,3;4,7;4,4;8483403090
11103;PRO-4283230501721;4283230501721;V046-PRO;Kugelgewindemutter Standard KGT2004-3;;23,91;Y;0;0;0;360;51;47;44;Y;Y;N;0,37;5,1;4,7;4,4;8483403090
11102;PRO-4283230501622;4283230501622;V046-PRO;Kugelgewindemutter Standard KGT1610-3/2;;20,92;Y;0;0;0;280;47;38;40;Y;Y;N;0,29;4,7;3,8;4;8483403090
11101;PRO-4283230501523;4283230501523;V046-PRO;Kugelgewindemutter Standard KGT1605-3;;16,87;Y;0;0;0;280;42;38;40;Y;Y;N;0,29;4,2;3,8;4;8483403090
11100;PRO-4283230501226;4283230501226;V046-PRO;Kugelgewindemutter Standard KGT1204-3;;16,95;Y;0;0;1;240;35;32;30;Y;Y;N;0,25;3,5;3,2;3;8483403090
11098;BS-X;4283230501127;;Kugelgewindetrieb individuell gestalten;;21;N;0;0;0;800;1015;43;43;Y;N;N;0,85;101,5;4,3;4,3;8483403090
11097;TSC-X;4283230493026;;Klauenkupplung D40L78: Ø40, Länge 78, Alu 7075, Bohrungen auf Kundenwunsch von Ø8 bis Ø22mm;;16,42;Y;0;0;1;290;78;40;40;N;Y;N;0,3;7,8;4;4;8483608090
11090;TMT-4283230501028;4283230501028;;Zahnriemen geschlossen;;52,39;N;0;0;1;100;10;10;10;N;Y;N;0,1;1;1;1;4010390090
11088;G017-06;4283230500823;V009-TSC;Klauenkupplung D95L126: Ø95, Länge 126, Alu 7075, Ø30 auf Ø30mm;;76,44;Y;1;0;1;2000;126;95;95;Y;Y;N;2;12,6;9,5;9,5;8483608090
11087;TSC-4283230500724;4283230500724;V009-TSC;Klauenkupplung D95L126: Ø95, Länge 126, Alu 7075, Bohrungen auf Kundenwunsch von Ø30 bis Ø55mm, Passfedernuten auf BEIDEN Seite;;78,9;Y;0;0;1;2420;126;95;95;Y;Y;N;2,49;12,6;9,5;9,5;8483608090
11086;TSC-4283230500625;4283230500625;V009-TSC;Klauenkupplung D95L126: Ø95, Länge 126, Alu 7075, Bohrungen auf Kundenwunsch von Ø30 bis Ø55mm, Passfedernut in Bohrung d1;;77,66;Y;0;0;1;2420;126;95;95;Y;Y;N;2,49;12,6;9,5;9,5;8483608090
11085;TSC-4283230500526;4283230500526;V009-TSC;Klauenkupplung D95L126: Ø95, Länge 126, Alu 7075, Bohrungen auf Kundenwunsch von Ø30 bis Ø55mm;;76,44;Y;0;0;1;2420;126;95;95;Y;Y;N;2,49;12,6;9,5;9,5;8483608090
11084;H022-05;4283230500427;V009-TSC;Klauenkupplung D80L115: Ø80, Länge 115, Alu 7075, Ø24 auf Ø24mm;;48,32;Y;2;2;1;1260;115;80;80;Y;Y;N;1,27;11,5;8;8;8483608090
11083;TSC-4283230500328;4283230500328;V009-TSC;Klauenkupplung D80L115: Ø80, Länge 115, Alu 7075, Bohrungen auf Kundenwunsch von Ø24 bis Ø45mm, Passfedernuten auf BEIDEN Seite;;49,76;Y;0;0;1;1570;115;80;80;Y;Y;N;1,62;11,5;8;8;8483608090
11082;TSC-4283230500229;4283230500229;V009-TSC;Klauenkupplung D80L115: Ø80, Länge 115, Alu 7075, Bohrungen auf Kundenwunsch von Ø24 bis Ø45mm, Passfedernut in Bohrung d1;;49,66;Y;0;0;1;1570;115;80;80;Y;Y;N;1,62;11,5;8;8;8483608090
11081;TSC-4283230500120;4283230500120;V009-TSC;Klauenkupplung D80L115: Ø80, Länge 115, Alu 7075, Bohrungen auf Kundenwunsch von Ø24 bis Ø45mm;;48,32;Y;0;0;1;1570;115;80;80;Y;Y;N;1,62;11,5;8;8;8483608090
11080;H020-06;4283230500021;V009-TSC;Klauenkupplung D65L90: Ø65, Länge 90, Alu 7075, Ø14 auf Ø14mm;;32,29;Y;0;0;1;680;90;65;65;Y;Y;N;0,68;9;6,5;6,5;8483608090
11079;TSC-4283230499929;4283230499929;V009-TSC;Klauenkupplung D65L90: Ø65, Länge 90, Alu 7075, Bohrungen auf Kundenwunsch von Ø14 bis Ø35mm, Passfedernuten auf BEIDEN Seite;;35,17;Y;0;0;1;810;90;65;65;Y;Y;N;0,83;9;6,5;6,5;8483608090
11078;TSC-4283230499820;4283230499820;V009-TSC;Klauenkupplung D65L90: Ø65, Länge 90, Alu 7075, Bohrungen auf Kundenwunsch von Ø14 bis Ø35mm, Passfedernut in Bohrung d1;;33,74;Y;0;0;1;810;90;65;65;Y;Y;N;0,83;9;6,5;6,5;8483608090
11077;TSC-4283230499721;4283230499721;V009-TSC;Klauenkupplung D65L90: Ø65, Länge 90, Alu 7075, Bohrungen auf Kundenwunsch von Ø14 bis Ø35mm;;32,29;Y;0;0;1;810;90;65;65;Y;Y;N;0,83;9;6,5;6,5;8483608090
11076;E004-07;4283230499622;V009-TSC;Klauenkupplung D55L78: Ø55, Länge 78, Alu 7075, Ø14 auf Ø14mm;;23,86;Y;0;0;1;420;78;55;55;Y;Y;N;0,42;7,8;5,5;5,5;8483608090
11075;TSC-4283230499523;4283230499523;V009-TSC;Klauenkupplung D55L78: Ø55, Länge 78, Alu 7075, Bohrungen auf Kundenwunsch von Ø14 bis Ø28mm, Passfedernuten auf BEIDEN Seite;;26,97;Y;0;0;1;500;78;55;55;Y;Y;N;0,52;7,8;5,5;5,5;8483608090
11074;TSC-4283230499424;4283230499424;V009-TSC;Klauenkupplung D55L78: Ø55, Länge 78, Alu 7075, Bohrungen auf Kundenwunsch von Ø14 bis Ø28mm, Passfedernut in Bohrung d1;;25,41;Y;0;0;1;500;78;55;55;Y;Y;N;0,52;7,8;5,5;5,5;8483608090
11073;TSC-4283230499325;4283230499325;V009-TSC;Klauenkupplung D55L78: Ø55, Länge 78, Alu 7075, Bohrungen auf Kundenwunsch von Ø14 bis Ø28mm;;23,86;Y;0;0;1;500;78;55;55;Y;Y;N;0,52;7,8;5,5;5,5;8483608090
11072;E020-06;4283230499226;V009-TSC;Klauenkupplung D55L66: Ø55, Länge 66, Alu 7075, Ø12 auf Ø12mm;;22,31;Y;1;0;1;350;66;55;55;Y;Y;N;0,35;6,6;5,5;5,5;8483608090
11071;TSC-4283230499127;4283230499127;V009-TSC;Klauenkupplung D55L66: Ø55, Länge 66, Alu 7075, Bohrungen auf Kundenwunsch von Ø12 bis Ø30mm, Passfedernuten auf BEIDEN Seite;;23,76;Y;0;0;1;430;66;55;55;Y;Y;N;0,44;6,6;5,5;5,5;8483608090
11070;TSC-4283230499028;4283230499028;V009-TSC;Klauenkupplung D55L66: Ø55, Länge 66, Alu 7075, Bohrungen auf Kundenwunsch von Ø12 bis Ø30mm, Passfedernut in Bohrung d1;;22,21;Y;0;0;1;430;66;55;55;Y;Y;N;0,44;6,6;5,5;5,5;8483608090
11069;TSC-4283230498922;4283230498922;V009-TSC;Klauenkupplung D55L66: Ø55, Länge 66, Alu 7075, Bohrungen auf Kundenwunsch von Ø12 bis Ø30mm;;22,31;Y;0;0;1;430;66;55;55;Y;Y;N;0,44;6,6;5,5;5,5;8483608090
11068;E012-07;4283230498823;V009-TSC;Klauenkupplung D45L78: Ø45, Länge 78, Alu 7075, Ø10 auf Ø10mm;;18,81;Y;9;6;1;290;78;45;45;Y;Y;N;0,29;7,8;4,5;4,5;8483608090
11067;TSC-4283230498724;4283230498724;V009-TSC;Klauenkupplung D45L78: Ø45, Länge 78, Alu 7075, Bohrungen auf Kundenwunsch von Ø10 bis Ø25mm, Passfedernuten auf BEIDEN Seite;;22,17;Y;0;0;1;340;78;45;45;Y;Y;N;0,35;7,8;4,5;4,5;8483608090
11066;TSC-4283230498625;4283230498625;V009-TSC;Klauenkupplung D45L78: Ø45, Länge 78, Alu 7075, Bohrungen auf Kundenwunsch von Ø10 bis Ø25mm, Passfedernut in Bohrung d1;;20,49;Y;0;0;1;340;78;45;45;Y;Y;N;0,35;7,8;4,5;4,5;8483608090
11065;TSC-4283230498526;4283230498526;V009-TSC;Klauenkupplung D45L78: Ø45, Länge 78, Alu 7075, Bohrungen auf Kundenwunsch von Ø10 bis Ø25mm;;18,81;Y;0;0;1;340;78;45;45;Y;Y;N;0,35;7,8;4,5;4,5;8483608090
11064;E003-05;4283230498427;V009-TSC;Klauenkupplung D45L66: Ø45, Länge 66, Alu 7075, Ø8 auf Ø8mm;;19,3;Y;3;0;1;240;66;45;45;Y;Y;N;0,24;6,6;4,5;4,5;8483608090
11063;TSC-4283230498328;4283230498328;V009-TSC;Klauenkupplung D45L66: Ø45, Länge 66, Alu 7075, Bohrungen auf Kundenwunsch von Ø8 bis Ø25mm, Passfedernuten auf BEIDEN Seite;;22,67;Y;0;0;1;290;66;45;45;Y;Y;N;0,3;6,6;4,5;4,5;8483608090
11062;TSC-4283230498229;4283230498229;V009-TSC;Klauenkupplung D45L66: Ø45, Länge 66, Alu 7075, Bohrungen auf Kundenwunsch von Ø8 bis Ø25mm, Passfedernut in Bohrung d1;;20,99;Y;0;0;1;290;66;45;45;Y;Y;N;0,3;6,6;4,5;4,5;8483608090
11061;TSC-4283230498120;4283230498120;V009-TSC;Klauenkupplung D40L66: Ø40, Länge 66, Alu 7075, Bohrungen auf Kundenwunsch von Ø8 bis Ø22mm, Passfedernuten auf BEIDEN Seite;;16,94;Y;0;0;1;230;66;40;40;Y;Y;N;0,24;6,6;4;4;8483608090
11060;TSC-4283230498021;4283230498021;V009-TSC;Klauenkupplung D40L66: Ø40, Länge 66, Alu 7075, Bohrungen auf Kundenwunsch von Ø8 bis Ø22mm, Passfedernut in Bohrung d1;;15,06;Y;0;0;1;230;66;40;40;Y;Y;N;0,24;6,6;4;4;8483608090
11059;TSC-4283230497925;4283230497925;V009-TSC;Klauenkupplung D40L66: Ø40, Länge 66, Alu 7075, Bohrungen auf Kundenwunsch von Ø8 bis Ø22mm;;13,18;Y;0;0;1;230;66;40;40;Y;Y;N;0,24;6,6;4;4;8483608090
11058;E008-03;4283230497826;V009-TSC;Klauenkupplung D40L55: Ø40, Länge 55, Alu 7075, Ø8 auf Ø8mm;;12,47;Y;0;0;1;150;55;40;40;Y;Y;N;0,15;5,5;4;4;8483608090
11057;TSC-4283230497727;4283230497727;V009-TSC;Klauenkupplung D40L55: Ø40, Länge 55, Alu 7075, Bohrungen auf Kundenwunsch von Ø8 bis Ø22mm, Passfedernuten auf BEIDEN Seite;;16,26;Y;0;0;1;190;55;40;40;Y;Y;N;0,2;5,5;4;4;8483608090
11056;TSC-4283230497628;4283230497628;V009-TSC;Klauenkupplung D40L55: Ø40, Länge 55, Alu 7075, Bohrungen auf Kundenwunsch von Ø8 bis Ø22mm, Passfedernut in Bohrung d1;;15,56;Y;0;0;1;920;55;40;40;Y;Y;N;0,95;5,5;4;4;8483608090
11055;TSC-4283230497529;4283230497529;V009-TSC;Klauenkupplung D40L55: Ø40, Länge 55, Alu 7075, Bohrungen auf Kundenwunsch von Ø8 bis Ø22mm;;12,47;Y;0;0;1;190;55;40;40;Y;Y;N;0,2;5,5;4;4;8483608090
11054;TSC-4283230497420;4283230497420;V009-TSC;Klauenkupplung D40L50: Ø40, Länge 50, Alu 7075, Bohrungen auf Kundenwunsch von Ø8 bis Ø22mm, Passfedernuten auf BEIDEN Seite;;15,3;Y;0;0;1;180;50;40;40;Y;Y;N;0,19;5;4;4;8483608090
11053;TSC-4283230497321;4283230497321;V009-TSC;Klauenkupplung D40L50: Ø40, Länge 50, Alu 7075, Bohrungen auf Kundenwunsch von Ø8 bis Ø22mm, Passfedernut in Bohrung d1;;13,43;Y;0;0;1;180;50;40;40;Y;Y;N;0,19;5;4;4;8483608090
11052;TSC-4283230497222;4283230497222;V009-TSC;Klauenkupplung D40L50: Ø40, Länge 50, Alu 7075, Bohrungen auf Kundenwunsch von Ø8 bis Ø22mm;;11,52;Y;0;0;1;180;50;40;40;Y;Y;N;0,19;5;4;4;8483608090
11051;P005-06;4283230497123;V009-TSC;Klauenkupplung D35L60: Ø35, Länge 60, Alu 7075, Ø6 auf Ø6mm;;11,19;Y;6;6;1;120;60;35;35;Y;Y;N;0,13;6;3,5;3,5;8483608090
11050;TSC-4283230497024;4283230497024;V009-TSC;Klauenkupplung D35L60: Ø35, Länge 60, Alu 7075, Bohrungen auf Kundenwunsch von Ø6 bis Ø19mm, Passfedernuten auf BEIDEN Seite;;14,95;Y;0;0;1;160;60;35;35;Y;Y;N;0,16;6;3,5;3,5;8483608090
11049;TSC-4283230496928;4283230496928;V009-TSC;Klauenkupplung D35L60: Ø35, Länge 60, Alu 7075, Bohrungen auf Kundenwunsch von Ø6 bis Ø19mm, Passfedernut in Bohrung d1;;13,07;Y;0;0;1;160;60;35;35;Y;Y;N;0,16;6;3,5;3,5;8483608090
11048;TSC-4283230496829;4283230496829;V009-TSC;Klauenkupplung D35L60: Ø35, Länge 60, Alu 7075, Bohrungen auf Kundenwunsch von Ø6 bis Ø19mm;;11,19;Y;0;0;1;160;60;35;35;Y;Y;N;0,16;6;3,5;3,5;8483608090
11047;P003-06;4283230496720;V009-TSC;Klauenkupplung D35L50: Ø35, Länge 50, Alu 7075, Ø6 auf Ø6mm;;10,92;Y;4;3;1;110;50;35;35;Y;Y;N;0,11;5;3,5;3,5;8483608090
11046;TSC-4283230496621;4283230496621;V009-TSC;Klauenkupplung D35L50: Ø35, Länge 50, Alu 7075, Bohrungen auf Kundenwunsch von Ø6 bis Ø19mm, Passfedernuten auf BEIDEN Seite;;13,98;Y;0;0;1;140;50;35;35;Y;Y;N;0,14;5;3,5;3,5;8483608090
11045;TSC-4283230496522;4283230496522;V009-TSC;Klauenkupplung D35L50: Ø35, Länge 50, Alu 7075, Bohrungen auf Kundenwunsch von Ø6 bis Ø19mm, Passfedernut in Bohrung d1;;12,1;Y;0;0;1;140;50;35;35;Y;Y;N;0,14;5;3,5;3,5;8483608090
11044;TSC-4283230496423;4283230496423;V009-TSC;Klauenkupplung D35L50: Ø35, Länge 50, Alu 7075, Bohrungen auf Kundenwunsch von Ø6 bis Ø19mm;;10,92;Y;0;0;1;140;50;35;35;Y;Y;N;0,14;5;3,5;3,5;8483608090
11043;E026-09;4283230496324;V009-TSC;Klauenkupplung D30L40: Ø30, Länge 40, Alu 7075, Ø5 auf Ø5mm;;10,42;Y;2;0;1;60;40;30;30;Y;Y;N;0,07;4;3;3;8483608090
11042;TSC-4283230496225;4283230496225;V009-TSC;Klauenkupplung D30L40: Ø30, Länge 40, Alu 7075, Bohrungen auf Kundenwunsch von Ø5 bis Ø16mm, Passfedernuten auf BEIDEN Seite;;14,2;Y;0;0;1;80;40;30;30;Y;Y;N;0,08;4;3;3;8483608090
11041;TSC-4283230496126;4283230496126;V009-TSC;Klauenkupplung D30L40: Ø30, Länge 40, Alu 7075, Bohrungen auf Kundenwunsch von Ø5 bis Ø16mm, Passfedernut in Bohrung d1;;12,29;Y;0;0;1;80;40;30;30;Y;Y;N;0,08;4;3;3;8483608090
11040;TSC-4283230496027;4283230496027;V009-TSC;Klauenkupplung D30L40: Ø30, Länge 40, Alu 7075, Bohrungen auf Kundenwunsch von Ø5 bis Ø16mm;;10,42;Y;0;0;1;80;40;30;30;Y;Y;N;0,08;4;3;3;8483608090
11039;TSC-4283230495921;4283230495921;V009-TSC;Klauenkupplung D30L35: Ø30, Länge 35, Alu 7075, Bohrungen auf Kundenwunsch von Ø5 bis Ø16mm, Passfedernuten auf BEIDEN Seite;;13,25;Y;0;0;1;70;35;30;30;Y;Y;N;0,07;3,5;3;3;8483608090
11038;TSC-4283230495822;4283230495822;V009-TSC;Klauenkupplung D30L35: Ø30, Länge 35, Alu 7075, Bohrungen auf Kundenwunsch von Ø5 bis Ø16mm, Passfedernut auf einer Seite;;11,34;Y;0;0;1;70;35;30;30;Y;Y;N;0,07;3,5;3;3;8483608090
11037;TSC-4283230495723;4283230495723;V009-TSC;Klauenkupplung D30L35: Ø30, Länge 35, Alu 7075, Bohrungen auf Kundenwunsch von Ø5 bis Ø16mm;;10,42;Y;0;0;1;70;35;30;30;Y;Y;N;0,07;3,5;3;3;8483608090
11036;P007-06;4283230495624;V009-TSC;Klauenkupplung D25L35: Ø25, Länge 35, Alu 7075, Ø5 auf Ø5mm;;8,65;Y;2;0;1;40;35;25;25;Y;Y;N;0,04;3,5;2,5;2,5;8483608090
11035;TSC-4283230495525;4283230495525;V009-TSC;Klauenkupplung D25L35: Ø25, Länge 35, Alu 7075, Bohrungen auf Kundenwunsch von Ø5 bis Ø14mm, Passfedernuten auf BEIDEN Seite;;11,63;Y;0;0;1;50;35;25;26;Y;Y;N;0,05;3,5;2,5;2,6;8483608090
11034;TSC-4283230495426;4283230495426;V009-TSC;Klauenkupplung D25L35: Ø25, Länge 35, Alu 7075, Bohrungen auf Kundenwunsch von Ø5 bis Ø14mm, Passfedernut auf einer Seite;;10,73;Y;0;0;1;50;35;25;25;Y;Y;N;0,05;3,5;2,5;2,5;8483608090
11033;TSC-4283230495327;4283230495327;V009-TSC;Klauenkupplung D25L35: Ø25, Länge 35, Alu 7075, Bohrungen auf Kundenwunsch von Ø5 bis Ø14mm;;8,65;Y;0;0;1;50;35;25;25;Y;Y;N;0,05;3,5;2,5;2,5;8483608090
11032;TSC-4283230495228;4283230495228;V009-TSC;Klauenkupplung D25L30: Ø25, Länge 30, Alu 7075, Bohrungen auf Kundenwunsch von Ø5 bis Ø14mm, Passfedernuten auf BEIDEN Seite;;10,75;Y;0;0;1;40;30;25;25;Y;Y;N;0,04;3;2,5;2,5;8483608090
11031;TSC-4283230495129;4283230495129;V009-TSC;Klauenkupplung D25L30: Ø25, Länge 30, Alu 7075, Bohrungen auf Kundenwunsch von Ø5 bis Ø14mm, Passfedernut auf einer Seite;;8,98;Y;0;0;1;40;30;25;25;Y;Y;N;0,04;3;2,5;2,5;8483608090
11030;TSC-4283230495020;4283230495020;V009-TSC;Klauenkupplung D25L30: Ø25, Länge 30, Alu 7075, Bohrungen auf Kundenwunsch von Ø5 bis Ø14mm;;7,44;Y;0;0;1;40;30;25;25;Y;Y;N;0,04;3;2,5;2,5;8483608090
11029;TSC-4283230494924;4283230494924;V009-TSC;Klauenkupplung D20L25: Ø20, Länge 25, Alu 7075, Bohrungen auf Kundenwunsch von Ø4 bis Ø10mm, Passfedernuten auf BEIDEN Seite;;10,35;Y;0;0;1;30;25;20;20;Y;Y;N;0,03;2,5;2;2;8483608090
11028;TSC-4283230494825;4283230494825;V009-TSC;Klauenkupplung D20L25: Ø20, Länge 25, Alu 7075, Bohrungen auf Kundenwunsch von Ø4 bis Ø10mm, Passfedernut auf einer Seite;;8,27;Y;0;0;1;30;25;20;20;Y;Y;N;0,03;2,5;2;2;8483608090
11027;TSC-4283230494726;4283230494726;V009-TSC;Klauenkupplung D20L25: Ø20, Länge 25, Alu 7075, Bohrungen auf Kundenwunsch von Ø4 bis Ø10mm;;6,67;Y;0;0;1;30;25;20;20;Y;Y;N;0,03;2,5;2;2;8483608090
11026;TSC-4283230494627;4283230494627;V009-TSC;Klauenkupplung D14L22s: Ø14, Länge 22, DIN913, Alu 7075, Bohrungen auf Kundenwunsch von Ø3 bis Ø8mm, Passfedernuten auf BEIDEN Seite;;9,83;Y;0;0;1;10;22;14;14;Y;Y;N;0,01;2,2;1,4;1,4;8483608090
11025;TSC-4283230494528;4283230494528;V009-TSC;Klauenkupplung D14L22s: Ø14, Länge 22, DIN913, Alu 7075, Bohrungen auf Kundenwunsch von Ø3 bis Ø8mm, Passfedernut auf einer Seite;;7,75;Y;0;0;1;10;22;14;14;Y;Y;N;0,01;2,2;1,4;1,4;8483608090
11024;TSC-4283230494429;4283230494429;V009-TSC;Klauenkupplung D14L22s: Ø14, Länge 22, DIN913, Alu 7075, Bohrungen auf Kundenwunsch von Ø3 bis Ø8mm;;6,29;Y;0;0;1;10;22;14;14;Y;Y;N;0,01;2,2;1,4;1,4;8483608090
11023;TSC-4283230494320;4283230494320;V009-TSC;Klauenkupplung D14L22: Ø14, Länge 22, Alu 7075, Bohrungen auf Kundenwunsch von Ø3 bis Ø6mm, Passfedernuten auf BEIDEN Seite;;10,04;Y;0;0;1;10;22;14;14;Y;Y;N;0,01;2,2;1,4;1,4;8483608090
11022;TSC-4283230494221;4283230494221;V009-TSC;Klauenkupplung D14L22: Ø14, Länge 22, Alu 7075, Bohrungen auf Kundenwunsch von Ø3 bis Ø6mm, Passfedernut auf einer Seite;;7,96;Y;0;0;1;10;22;14;14;Y;Y;N;0,01;2,2;1,4;1,4;8483608090
11021;TSC-4283230494122;4283230494122;V009-TSC;Klauenkupplung D14L22: Ø14, Länge 22, Alu 7075, Bohrungen auf Kundenwunsch von Ø3 bis Ø6mm;;6,52;Y;0;0;1;10;22;14;14;Y;Y;N;0,01;2,2;1,4;1,4;8483608090
11020;P001-06;4283230494023;V009-TSC;Klauenkupplung D20L30: Ø20, Länge 30, Alu 7075, Ø4 auf Ø4mm;;7,42;Y;6;6;1;20;30;20;20;Y;Y;N;0,02;3;2;2;8483608090
11019;TSC-4283230493927;4283230493927;V009-TSC;Klauenkupplung D20L30: Ø20, Länge 30, Alu 7075, Bohrungen auf Kundenwunsch von Ø4 bis Ø10mm, Passfedernuten auf BEIDEN Seite;;10,73;Y;0;0;1;30;30;20;20;Y;Y;N;0,03;3;2;2;8483608090
11018;TSC-4283230493828;4283230493828;V009-TSC;Klauenkupplung D20L30: Ø20, Länge 30, Alu 7075, Bohrungen auf Kundenwunsch von Ø4 bis Ø10mm, Passfedernut auf einer Seite;;8,96;Y;0;0;1;30;30;20;20;Y;Y;N;0,03;3;2;2;8483608090
11017;TSC-4283230493729;4283230493729;V009-TSC;Klauenkupplung D20L30: Ø20, Länge 30, Alu 7075, Bohrungen auf Kundenwunsch von Ø4 bis Ø10mm;;7,42;Y;0;0;1;30;30;20;20;Y;Y;N;0,03;3;2;2;8483608090
11015;TSC-4283230493620;4283230493620;V009-TSC;Klauenkupplung D45L66: Ø45, Länge 66, Alu 7075, Bohrungen auf Kundenwunsch von Ø8 bis Ø25mm;;19,32;Y;0;0;1;300;66;45;45;Y;Y;N;0,31;6,6;4,5;4,5;8483608090
11014;TSC-4283230493521;4283230493521;V009-TSC;Klauenkupplung D40L78: Ø40, Länge 78, Alu 7075, Ø8 auf Ø8mm;;16,61;Y;0;0;1;290;78;40;40;Y;Y;N;0,3;7,8;4;4;8483608090
11013;TSC-4283230493422;4283230493422;V009-TSC;Klauenkupplung D40L78: Ø40, Länge 78, Alu 7075, Bohrungen auf Kundenwunsch von Ø8 bis Ø22mm, Passfedernuten auf BEIDEN Seite;;18,33;Y;0;0;1;280;78;40;40;Y;Y;N;0,29;7,8;4;4;8483608090
11012;TSC-4283230493125;4283230493125;V009-TSC;Klauenkupplung D40L78: Ø40, Länge 78, Alu 7075, Bohrungen auf Kundenwunsch von Ø8 bis Ø22mm mit Passfeder auf einer Seite;;17,2;Y;0;0;1;290;78;40;40;Y;Y;N;0,3;7,8;4;4;8483608090
11011;TSC-4283230493026;4283230493026;V009-TSC;Klauenkupplung D40L78: Ø40, Länge 78, Alu 7075, Bohrungen auf Kundenwunsch von Ø8 bis Ø22mm;;16,42;Y;0;0;1;290;78;40;40;Y;Y;N;0,3;7,8;4;4;8483608090
11010;TMT-4283230492920;4283230492920;V067-TMT;Linearlager Schlitten lang SCS35L;;26,57;Y;0;0;1;2130;155;90;68;Y;Y;N;2,19;15,5;9;6,8;8483902090
11009;TMT-4283230492821;4283230492821;V067-TMT;Linearlager Schlitten lang SCS40L;;55,52;Y;0;0;1;3090;175;102;76;Y;Y;N;3,18;17,5;10,2;7,6;8483902090
11008;TMT-4283230492722;4283230492722;V067-TMT;Linearlager Schlitten lang SCS30L;;29,79;Y;0;0;1;2130;155;90;68;Y;Y;N;2,19;15,5;9;6,8;8483902090
11007;TMT-4283230492623;4283230492623;V067-TMT;Linearlager Schlitten lang SCS25L;;26,98;Y;0;0;1;490;130;76;55,1;Y;Y;N;0,5;13;7,6;5,51;8483902090
11002;TMT-4283230492227;4283230492227;V045-TMT;Wellenhalter SK50;;17,28;Y;0;0;1;750;40;126;120;Y;Y;N;0,77;4;12,6;12;8466102000
11001;TMT-4283230492128;4283230492128;V045-TMT;Wellenhalter SK40;;11,21;Y;0;0;1;420;36;114;96;Y;Y;N;0,43;3,6;11,4;9,6;8466102000
11000;TMT-4283230492029;4283230492029;V045-TMT;Wellenhalter SK35;;9,03;Y;0;0;1;270;32;98;82;Y;Y;N;0,28;3,2;9,8;8,2;8466102000
10999;TMT-4283230491923;4283230491923;V045-TMT;Wellenhalter SK30;;6,27;Y;0;0;1;180;28;84;70;Y;Y;N;0,19;2,8;8,4;7;8466102000
10998;TMT-4283230491527;4283230491527;V058-TMT;Wellenhalter SHF35;;9,7;Y;0;0;1;380;92;58;35;Y;Y;N;0,39;9,2;5,8;3,5;8466102000
10997;TMT-4283230491022;4283230491022;V058-TMT;Wellenhalter SHF50;;17,05;Y;0;0;1;0;122;50;83;Y;Y;N;0;12,2;5;8,3;8466102000
10996;TMT-4283230491428;4283230491428;V058-TMT;Wellenhalter SHF60;;29,62;Y;0;0;1;1500;140;95;60;Y;Y;N;1,55;14;9,5;6;8466102000
10995;TMT-4283230490926;4283230490926;V058-TMT;Wellenhalter SHF40;;10,43;Y;0;0;1;1000;102;67;40;Y;Y;N;1,03;10,2;6,7;4;8466102000
10994;TMT-4283230490827;4283230490827;V058-TMT;Wellenhalter SHF30;;7,16;Y;0;0;1;200;36;24;12;Y;Y;N;0,21;3,6;2,4;1,2;8466102000
10993;E001-04;4283230490728;V058-TMT;Wellenhalter SHF25;;5,39;Y;0;0;1;60;70;25;42;Y;Y;N;0,06;7;2,5;4,2;8466102000
10992;TMT-4283230491121;4283230491121;V045-TMT;Wellenhalter SK25;;6,61;Y;0;0;1;80;70;42;25;Y;Y;N;0,08;7;4,2;2,5;8466102000
10986;ERS-0085;4283230305527;;Inbusschlüssel 2.0mm silber, VPE 1000 Stk 1500g;;0;Y;3;3;0;0;0;0;0;Y;N;Y;0;0;0;0;8205510000
10985;P-A-GBL;4283230836922;;Projektartikel GBL Kreismesser;;10;N;0;0;0;90;0;0;0;Y;N;N;0,09;0;0;0;
10984;P-A-PRO_alt;4283230836823;;Projektartikel PRO;;10;N;0;0;0;950;0;0;0;N;N;N;1;0;0;0;
10983;P-A-GTR;4283230836724;;Projektartikel GTR Gastro;;10;N;0;0;0;90;0;0;0;Y;N;N;0,09;0;0;0;
10981;ERS-0004;4283230836328;;Faltkarton 250x250x100;;0;Y;48;30;0;0;0;0;0;Y;N;N;0;0;0;0;
10979;BDE-0031;4283230836229;;Flyer Nachsendung;;0;Y;321;20;0;0;0;0;0;Y;N;N;0;0;0;0;
10978;BDE-0020;4283230836120;;Flyer (Beilage - Rabattcode) Firmenkunden;;0;Y;7516;3000;0;0;0;0;0;Y;N;N;0;0;0;0;
10976;PRO-4283230835321;4283230835321;;Kabel Sonderanfertigung Molex auf 4 Einzelleitungen 35mm Steckverbinder VERGOLDET EINSEITIG, offenes Ende 1mm verzinnt K051506;;4,3;N;0;0;0;0;0;0;0;Y;N;N;0;0;0;0;
10975;BDE-0030;4283230835222;;Holzpellets 15kg Sack;;0;Y;32;20;0;0;0;0;0;Y;N;N;0;0;0;0;
10974;PRO-4283230835123;4283230835123;;Trapezgewindemutter T10x2x16, Messing;;4,19;N;0;0;0;40;32;32;19;Y;N;N;0,05;3,2;3,2;1,9;7318156290
10973;PRO-4283230834423;4283230834423;;Trapezgewindemutter T3.5 x 1.2 x 2.4 POM Sonderanfertigung;;0;N;0;0;0;10;7,8;4,9;0;Y;N;N;0;0,78;0,49;0;
10971;PRO-4283230834928;4283230834928;;Flachbandkabel 10er grau, Länge 445mm, Steckverbinder EINSEITIG schwarz 10Pin Female IDC 09 18 510 5813, K051506;;1,25;N;0;0;0;0;0;0;0;N;N;N;0;0;0;0;
10970;PRO-4283230834829;4283230834829;;Flachbandkabel 26er grau, Länge 355mm, Steckverbinder EINSEITIG schwarz 26Pin Female IDC 09 18 526 6813, K051506;;1,85;N;0;0;0;0;355;0;0;N;N;N;0;35,5;0;0;
10969;PRO-4283230834720;4283230834720;;Flachbandkabel 20er grau, Länge 210mm, Steckverbinder BEIDSEITIG schwarz, 20Pin Female IDC 09 18 520 6813, K051506;;1,38;N;0;0;0;0;210;0;0;N;N;N;0;21;0;0;
10968;PRO-4283230834621;4283230834621;;Flachbandkabel 20er grau, Länge 180mm, Steckverbinder BEIDSEITIG schwarz, 20Pin Female IDC 09 18 520 6813, K051506;;1,31;N;0;0;0;0;180;0;0;N;N;N;0;18;0;0;
10967;PRO-4283230834522;4283230834522;;Flachbandkabel 20er grau, Länge 150mm, Steckverbinder BEIDSEITIG schwarz, 20Pin Female IDC 09 18 520 6813, K051506;;1,32;N;0;0;0;0;150;0;0;N;N;N;0;15;0;0;
10966;PRO-4283230834324;4283230834324;;Flachbandkabel 26er grau, Länge 235mm, Steckverbinder EINSEITIG schwarz 26Pin Female IDC 09 18 526 6813, K051506;;1,53;N;0;0;0;0;235;0;0;N;N;N;0;23,5;0;0;
10964;4,28323E+12;4283230834225;;Kreismesser  - 1.4112 - 140Pk - Kerben - GT Premium - B07 - GT;;23;Y;0;0;0;150;180;165;20;Y;N;N;0,15;18;16,5;2;8208300000
10939;Z120-100494;4283230833327;;Kreismesser  - 1.4112 - Z120 - gezahnt - unbeschriftet - 25 Stk auf B07 - K033333;;12,2;N;0;0;0;130;0;0;0;Y;N;N;0,13;0;0;0;8208300000
10938;Z100-100493;4283230833020;;Kreismesser  - 1.4112 - Z100 - gezahnt - unbeschriftet - 25 Stk auf B07 - K033333;;10,3;N;0;0;0;80;0;0;0;Y;N;N;0,08;0;0;0;8208300000
10937;Z90-100492;4283230831323;;Kreismesser  - 1.4112 - Z90 - gezahnt - unbeschriftet - 25 Stk auf P07 - K033333;;8,9;N;0;0;0;60;0;0;0;Y;N;N;0,06;0;0;0;8208300000
10936;Z80-100491;4283230831125;;Kreismesser - 1.4112 - Z80 - gezahnt - unbeschriftet - 25 Stk in X01 - K033333;;7,6;N;0;0;0;50;0;0;0;Y;N;N;0,05;0;0;0;8208300000
10935;ERS-0084;4283230833921;;Passstift 10,110mm;;0;Y;3;0;0;0;0;0;0;Y;N;N;0;0;0;0;
10934;ERS-0083;4283230833822;;Passstift 10,030mm;;0;Y;3;1;0;0;0;0;0;Y;N;N;0;0;0;0;
10933;ERS-0082;4283230833723;;Passstift 10,000mm;;0;Y;3;1;0;0;0;0;0;Y;N;N;0;0;0;0;
10932;ERS-0081;4283230833624;;Passstift 8,110mm;;0;Y;3;1;0;0;0;0;0;Y;N;N;0;0;0;0;
10931;ERS-0080;4283230833525;;Passstift 8,000mm;;0;Y;3;1;0;0;0;0;0;Y;N;N;0;0;0;0;
10930;ERS-0079;4283230833426;;Passstift 7,990mm;;0;Y;3;1;0;0;0;0;0;Y;N;N;0;0;0;0;
10929;ERS-0078;4283230833228;;Passstift 7,110mm;;0;Y;3;1;0;0;0;0;0;Y;N;N;0;0;0;0;
10928;ERS-0077;4283230833129;;Passstift 7,000mm;;0;Y;3;1;0;0;0;0;0;Y;N;N;0;0;0;0;
10927;ERS-0076;4283230832924;;Passstift 6,460mm;;0;Y;3;1;0;0;0;0;0;Y;N;N;0;0;0;0;
10926;ERS-0075;4283230832825;;Passstift 6,350mm;;0;Y;3;1;0;0;0;0;0;Y;N;N;0;0;0;0;
10925;ERS-0074;4283230832726;;Passstift 6,110mm;;0;Y;3;1;0;0;0;0;0;Y;N;N;0;0;0;0;
10924;ERS-0073;4283230832627;;Passstift 6,000mm;;0;Y;3;1;0;0;0;0;0;Y;N;N;0;0;0;0;
10923;ERS-0072;4283230832528;;Passstift 5,990mm;;0;Y;3;1;0;0;0;0;0;Y;N;N;0;0;0;0;
10922;ERS-0071;4283230832429;;Passstift 5,110mm;;0;Y;3;1;0;0;0;0;0;Y;N;N;0;0;0;0;
10921;ERS-0070;4283230832320;;Passstift 5,000mm;;0;Y;3;1;0;0;0;0;0;Y;N;N;0;0;0;0;
10920;ERS-0069;4283230832221;;Passstift 4,990mm;;0;Y;3;1;0;0;0;0;0;Y;N;N;0;0;0;0;
10919;ERS-0068;4283230832122;;Passstift 4,110mm;;0;Y;3;1;0;0;0;0;0;Y;N;N;0;0;0;0;
10918;ERS-0067;4283230832023;;Passstift 4,000mm;;0;Y;3;1;0;0;0;0;0;Y;N;N;0;0;0;0;
10917;ERS-0066;4283230831927;;Passstift 3,990mm;;0;Y;3;1;0;0;0;0;0;Y;N;N;0;0;0;0;
10916;ERS-0065;4283230831828;;Passstift 3,280mm;;0;Y;3;1;0;0;0;0;0;Y;N;N;0;0;0;0;
10915;ERS-0064;4283230831729;;Passstift 3,170mm;;0;Y;3;1;0;0;0;0;0;Y;N;N;0;0;0;0;
10914;ERS-0063;4283230831620;;Passstift 3,110mm;;0;Y;3;1;0;0;0;0;0;Y;N;N;0;0;0;0;
10913;ERS-0062;4283230831521;;Passstift 3,000mm;;0;Y;3;1;0;0;0;0;0;Y;N;N;0;0;0;0;
10912;ERS-0061;4283230831422;;Passstift 2,990mm;;0;Y;3;1;0;0;0;0;0;Y;N;N;0;0;0;0;
10911;ERS-0060;4283230831224;;Passstift 2,410mm;;0;Y;3;1;0;0;0;0;0;Y;N;N;0;0;0;0;
10910;ERS-0059;4283230831026;;Passstift 2,300mm;;0;Y;3;1;0;0;0;0;0;Y;N;N;0;0;0;0;
10909;ERS-0058;4283230830920;;Passstift 2,110mm;;0;Y;3;1;0;0;0;0;0;Y;N;N;0;0;0;0;
10908;ERS-0057;4283230830821;;Passstift 2,000mm;;0;Y;3;1;0;0;0;0;0;Y;N;N;0;0;0;0;
10907;ERS-0056;4283230830722;;Linsenkopfschraube M4*10  Kopfbreite 9mm Kopfhöhe 2mm;;0;Y;1;20;0;0;1,2;0,9;0,9;Y;N;N;0;0,12;0,09;0,09;
10906;ERS-0055;4283230830623;;Gewindelehre;;0;Y;4;4;0;0;0;0;0;Y;N;N;0;0;0;0;
10905;ERS-0026;4283230830524;;Faltkarton Einzelverpackung Kreismesser 120;;0;Y;100;50;0;0;0;0;0;Y;N;N;0;0;0;0;
10904;ERS-0003;4283230830425;;Faltkarton Einzelverpackung Kreismesser 100;;0;Y;75;0;0;0;0;0;0;Y;N;N;0;0;0;0;
10903;ERS-0002;4283230830326;;Faltkarton Einzelverpackung Kreismesser 90;;0;Y;100;50;0;0;0;0;0;Y;N;N;0;0;0;0;
10902;ERS-0005;4283230830227;;Faltkarton Einzelverpackung Kreismesser 80;;0;Y;100;50;0;0;0;0;0;Y;N;N;0;0;0;0;
10901;ERS-0054;4283230830029;;Versandumschlag 250*300+40mm, VPE 300 Stk;;0;Y;2;1;0;0;0;0;0;Y;N;Y;0;0;0;0;4817100000
10900;BDE-0029;4283230829924;;Vorlagen Ursprungszeugnis;;0;Y;46;2;0;0;0;0;0;Y;N;N;0;0;0;0;
10899;ERS-0053;4283230829825;;Karton lang 650*105*70mm;;0;Y;0;0;0;0;0;0;0;Y;N;N;0;0;0;0;4817100000
10898;ERS-0052;4283230829627;;Karton Lang 1110*110*70mm;;0;Y;295;40;0;0;0;0;0;Y;N;N;0;0;0;0;4817100000
10897;PRO-4283230829528;4283230829528;;Gewindeeinsatz M4 Messing K011111;;0,15;N;0;0;0;0;0;0;0;Y;N;N;0;0;0;0;
10896;PRO-4283230829429;4283230829429;;Dichtring VC 6x13x4.5mm FPM Viton normale Temperaturbeständigkeit (bis 250°C) von Inuo K011111;;1,1;N;0;0;0;0;0;0;0;Y;N;N;0;0;0;0;
10895;PRO-4283230829320;4283230829320;;Dichtring SC14x26x7mm FPM Viton normale Temperaturbeständigkeit (bis 250°C) von Inuo K011111;;1,24;N;0;0;0;0;0;0;0;Y;N;N;0;0;0;0;
10882;P004-05;4283230488527;;Klauenkupplung D25L30: Ø25, Länge 30, Alu 7075, Ø14mm Kupplungshälfte mit 5mm breiter Passfedernut;;3,61;Y;11;10;1;20;31;25;25;Y;N;N;0,03;3,1;2,5;2,5;8483608090
10881;P006-05;4283230488428;;Klauenkupplung D25L30: Ø25, Länge 30, Alu 7075, Ø14mm Kupplungshälfte;;4,47;Y;10;11;0;20;31;25;25;Y;Y;N;0,03;3,1;2,5;2,5;8483608090
10880;P002-01;4283230488329;;Klauenkupplung D14L22: Ø14, Länge 22, Elastomerstern;;1,17;Y;248;9;0;30;31;25;25;Y;Y;N;0,03;3,1;2,5;2,5;8483608090
10865;P008-02;4283230488220;;Klauenkupplung D14L22: Ø14, Länge 22, Alu 7075, Ø6mm Kupplungshälfte;;3,89;Y;16;15;0;10;14;14;0,7;Y;Y;N;0,01;1,4;1,4;0,07;8483608090
10864;P013-02;4283230488121;;Klauenkupplung D14L22: Ø14, Länge 22, Alu 7075, Ø5mm Kupplungshälfte;;3,89;Y;40;20;0;10;22;14;14;Y;Y;N;0,01;2,2;1,4;1,4;8483608090
10863;P012-05;4283230488022;;Klauenkupplung D14L22: Ø14, Länge 22, Alu 7075, Ø4mm Kupplungshälfte;;3,89;Y;22;20;0;10;22;14;14;Y;Y;N;0,01;2,2;1,4;1,4;8483608090
10861;P004-02;4283230487827;;Klauenkupplung D14L22: Ø14, Länge 22, Alu 7075, Ø3mm Kupplungshälfte;;3,89;Y;47;20;0;10;22;14;14;Y;Y;N;0,01;2,2;1,4;1,4;8483608090
10860;PRO-4283230829221;4283230829221;;Motor mit Getriebe und Encoder 6V 130rpm;;17,5;N;0;0;0;0;0;0;0;Y;N;N;0;0;0;0;8501109958
10859;PRO-4283230829023;4283230829023;;Schleifring Innen Ø 5mm Außen Ø 22mm 6 Kanal je 2 Amax DANENG Flansch;;18;N;0;0;0;0;0;0;0;Y;N;N;0;0;0;0;8501109958
10858;BDE-0028;4283230829122;;Tinte Epson111 Eco Tank Schwarz;Druckertinte bei 6157 gedruckten Seiten gewechselt;0;Y;2;1;0;0;0;0;0;Y;N;N;0;0;0;0;
10855;0012-x999;4283230828927;;Kondensator SaiFu CBB61 0.22uF +/-5% 630VAC;;0,81;N;0;0;0;0;0;0;0;Y;N;N;0;0;0;0;8536500700
10854;I041-03;4283230487520;V287-TMT;Linear axis THK90 YR90 SFU1605, Verfahrweg 600mm;;256,38;Y;1;0;0;8000;780;100;77;Y;N;N;8,4;78;10;7,7;8487909090
10850;H011-06;4283230487421;V077-TMT;Linearachse Openbuilds V-slot 2040 Zahnriemen, Schwarz Endstück;;9,47;Y;2;2;0;40;87;54;29;Y;Y;N;0,04;8,7;5,4;2,9;8487909090
10849;A036-06;4283230487322;V149-TOP;Extruderdüse Druckkopf Filament Ø3mm, 0.2mm;;0,58;Y;36;0;1;0;13;7;7;N;N;N;0;1,3;0,7;0,7;8487909090
10848;A003-14;4283230487223;V149-TOP;Extruderdüse Druckkopf Filament Ø3mm, 0.4mm;;0,58;Y;11;0;1;0;13;7;7;N;N;N;0;1,3;0,7;0,7;8487909090
10847;A031-06;4283230487124;V149-TOP;Extruderdüse Druckkopf Filament Ø3mm, 0.3mm;;0,58;Y;13;0;1;0;13;7;7;N;N;N;0;1,3;0,7;0,7;8487909090
10846;A034-05;4283230487025;V149-TOP;Extruderdüse Druckkopf Filament Ø3mm, 0.5mm;;0,58;Y;21;0;1;0;13;7;7;N;N;N;0;1,3;0,7;0,7;8487909090
10845;A022-09;4283230486929;V149-TOP;Extruderdüse Druckkopf Filament Ø3mm, 1.0mm;;0,58;Y;12;0;1;0;13;7;7;N;N;N;0;1,3;0,7;0,7;8487909090
10844;A029-06;4283230486820;V149-TOP;Extruderdüse Druckkopf Filament Ø3mm, 0.8mm;;0,58;Y;13;0;1;0;13;7;7;N;N;N;0;1,3;0,7;0,7;8487909090
10843;A039-11;4283230486721;V149-TOP;Extruderdüse Druckkopf Filament Ø3mm, 0.6mm;;0,58;Y;11;0;1;0;13;7;7;N;N;N;0;1,3;0,7;0,7;8487909090
10842;A010-06;4283230486424;V065-TEW;Steckverbinder DC Lötkontakte Stecker 3.5x1.35;;0,58;Y;13;0;1;0;43;9;9;Y;N;N;0;4,3;0,9;0,9;8536901000
10841;H001-08;4283230486325;V244-TES;Endschalter XCK-J108H29C;;16,86;Y;5;0;1;270;170;57;42;Y;N;N;0,28;17;5,7;4,2;8536500700
10839;A021-05;4283230486028;V029-TEW;Steckverbinder Gerätestecker C8 Tafelmontage Klemmen;;1;Y;10;0;1;10;28;22;16;Y;N;N;0,01;2,8;2,2;1,6;8536901000
10838;B008-12;4283230485922;V148-TES;Industrieschalter LA38S LED weiß 380Vac;;3,46;Y;8;2;0;10;47;34;9;Y;Y;N;0,01;4,7;3,4;0,9;8536500700
10837;TMS-4283230485823;4283230485823;V071-TMS;Handgriff 90mm Alu silber;;2,85;Y;0;0;0;40;106;35;19;N;N;N;0,04;10,6;3,5;1,9;8487909090
10835;D003-10;4283230485724;V018-TES;Mikroschalter AZ 7166;;4,75;Y;7;2;0;80;128;72;21;Y;Y;N;0,09;12,8;7,2;2,1;8536500700
10834;F012-06;4283230485526;V132-TES;Industrieschalter XB2 ZB2 EINZELTEIL Drehschalter 2 Schaltzustände RASTEND rot;;3,13;Y;8;0;0;40;42;29;29;Y;Y;N;0,05;4,2;2,9;2,9;8536500700
10833;F007-03;4283230485427;V132-TES;Industrieschalter XB2 ZB2 EINZELTEIL Drucktaster SELBSTRÜCKSTELLEND Rot AUS;;3,09;Y;18;0;0;30;29;29;26;Y;Y;N;0,03;2,9;2,9;2,6;8536500700
10832;A036-05;4283230485328;V096-TTI;Spannzangenmutter ER8-Typ A M10x0.75;;5,52;Y;3;0;0;10;27;27;19;Y;N;N;0,01;2,7;2,7;1,9;8466102000
10831;0012-0035;4283230828828;;Überstrom-Schutzschalter 98-3A für Ceylan Netzteil NG3;;0,97;N;0;0;0;0;0;0;0;Y;N;N;0;0;0;0;8536500700
10830;BDE-0027;4283230828729;;Clipper Box XL 58x39x33,5;;0;Y;9;2;0;0;0;0;0;Y;N;N;0;0;0;0;
10829;B035-14;4283230485229;V183-TMS;Schmiernippel M12x1.0 gewinkelt 90°;;1,54;Y;8;2;0;10;21;18;12;Y;Y;N;0,01;2,1;1,8;1,2;7318156290
10828;B030-09;4283230485120;V183-TMS;Schmiernippel M12x1.0 gewinkelt 45°;;1,54;Y;7;2;0;10;25;16;12;Y;Y;N;0,01;2,5;1,6;1,2;7318156290
10827;B002-14;4283230485021;V183-TMS;Schmiernippel M12x1.0 gerade;;1,34;Y;0;0;0;10;21;12;12;Y;Y;N;0,01;2,1;1,2;1,2;7318156290
10826;B032-14;4283230484925;V183-TMS;Schmiernippel M10x1.0 gewinkelt 90°;;1,44;Y;3;0;0;10;21;18;18;Y;Y;N;0,01;2,1;1,8;1,8;7318156290
10825;B038-10;4283230484826;V183-TMS;Schmiernippel M10x1.0 gewinkelt 45°;;1,44;Y;0;0;0;10;25;16;11;Y;Y;N;0,01;2,5;1,6;1,1;7318156290
10824;B026-11;4283230484727;V183-TMS;Schmiernippel M10x1.0 gerade;;1,05;Y;100;9;0;10;19;11;11;Y;Y;N;0,01;1,9;1,1;1,1;7318156290
10823;B031-11;4283230484628;V183-TMS;Schmiernippel M8x1.0 gewinkelt 90°;;1,44;Y;9;4;0;10;21;18;11;Y;Y;N;0,01;2,1;1,8;1,1;7318156290
10822;B036-11;4283230484529;V183-TMS;Schmiernippel M8x1.0 gewinkelt 45°;;1,44;Y;13;2;0;10;25;16;11;Y;Y;N;0,01;2,5;1,6;1,1;7318156290
10821;B029-11;4283230484420;V183-TMS;Schmiernippel M8x1.0 gerade;;0,98;Y;107;12;0;10;16;10;10;Y;Y;N;0,01;1,6;1;1;7318156290
10820;B039-14;4283230484321;V183-TMS;Schmiernippel M6x1.0 gewinkelt 90°;;1,44;Y;1;0;0;10;21;18;11;Y;Y;N;0,01;2,1;1,8;1,1;7318156290
10819;E011-09;4283230484222;V183-TMS;Schmiernippel M6x1.0 gewinkelt 45°;;1,44;Y;132;100;0;10;25;14;11;Y;Y;N;0,01;2,5;1,4;1,1;7318156290
10818;B019-12;4283230484123;V183-TMS;Schmiernippel M6x1.0 gerade;;0,78;Y;210;50;0;10;13;8;8;Y;Y;N;0,01;1,3;0,8;0,8;7318156290
10816;E007-06;4283230484024;V032-TMT;Umlenkrolle glatt Ø37.4-B8-15;;8,69;Y;21;4;0;60;40;40;20;Y;Y;N;0,06;4;4;2;8483508090
10815;B006-02;4283230483928;V032-TMT;Umlenkrolle glatt Ø37.4-B8-10;;7,92;Y;0;0;0;40;40;40;15;Y;Y;N;0,05;4;4;1,5;8483508090
10814;H010-09;4283230483829;V032-TMT;Umlenkrolle HTD 3M-40-Ø37.4-B8-15;;8,17;Y;59;4;0;60;40;40;20;Y;Y;N;0,06;4;4;2;8483508090
10813;B033-05;4283230483720;V032-TMT;Umlenkrolle HTD 3M-40-Ø37.4-B8-10;;8,75;Y;8;2;0;40;40;40;15;Y;Y;N;0,05;4;4;1,5;8483508090
10812;TMT-4283230483621;4283230483621;V032-TMT;Umlenkrolle glatt Ø27.9-B12-15;;7,97;Y;0;0;0;30;30;30;20;Y;Y;N;0,03;3;3;2;8483508090
10811;H007-03;4283230483522;V032-TMT;Umlenkrolle HTD 3M-30-Ø27.9-B12-15;;7,95;Y;41;0;0;20;26;26;19;Y;Y;N;0,02;2,6;2,6;1,9;8483508090
10810;TMT-4283230483423;4283230483423;V032-TMT;Umlenkrolle glatt Ø22.2-B8-15;;7,09;Y;0;0;0;20;26;26;19;Y;Y;N;0,02;2,6;2,6;1,9;8483508090
10809;TMT-4283230483324;4283230483324;V032-TMT;Umlenkrolle HTD 3M-24-Ø22.2-B8-15;;6,11;Y;0;0;0;20;26;26;19;Y;Y;N;0,02;2,6;2,6;1,9;8483508090
10808;J025-07;4283230483225;V032-TMT;Umlenkrolle glatt Ø23.1-B6-15;;5,8;Y;0;13;0;20;26;26;19;Y;Y;N;0,02;2,6;2,6;1,9;8483508090
10807;B038-11;4283230483126;V032-TMT;Umlenkrolle glatt Ø23.1-B8-15;;7,09;Y;16;9;0;20;26;26;20;Y;Y;N;0,02;2,6;2,6;2;8483508090
10806;B010-12;4283230483027;V032-TMT;Umlenkrolle HTD 3M-25-Ø23.1-B6-15;;7,09;Y;10;2;0;20;27;27;20;Y;Y;N;0,02;2,7;2,7;2;8483508090
10805;J011-06;4283230482921;V032-TMT;Umlenkrolle HTD 3M-25-Ø23.1-B8-15;;6,11;Y;7;6;0;20;26;26;20;Y;Y;N;0,02;2,6;2,6;2;8483508090
10804;F022-10;4283230482822;V032-TMT;Umlenkrolle glatt Ø18.3-B8-15;;5,52;Y;27;14;0;10;20;22;22;Y;Y;N;0,01;2;2,2;2,2;8483508090
10803;B011-16;4283230482723;V032-TMT;Umlenkrolle glatt Ø18.3-B8-10;;5,52;Y;8;9;0;10;22;22;14;Y;Y;N;0,01;2,2;2,2;1,4;8483508090
10802;B003-03;4283230482624;V032-TMT;Umlenkrolle HTD 3M-20-Ø18.3-B8-15;;6,35;Y;0;0;0;10;22;22;19;Y;Y;N;0,01;2,2;2,2;1,9;8483508090
10801;B004-16;4283230482525;V032-TMT;Umlenkrolle HTD 3M-20-Ø18.3-B8-10;;6,91;Y;4;2;0;10;22;22;14;Y;Y;N;0,01;2,2;2,2;1,4;8483508090
10800;J021-03;4283230482426;V032-TMT;Umlenkrolle HTD 5M-15-Ø22.5-B8-15;;6,24;Y;12;15;0;20;26;26;20;Y;Y;N;0,02;2,6;2,6;2;8483508090
10799;G014-01;4283230482327;V011-TMT;Festlager FK25 mit C5/HRB Schrägkugellager, passend für SFU3205 3210;;57,58;Y;0;1;0;1430;78;78;59;Y;Y;N;1,5;7,8;7,8;5,9;8483902090
10798;H015-01;4283230482228;V011-TMT;Festlager FK25 mit Rillenkugellager, passend für SFU3205 3210;;57,58;Y;3;0;0;1430;78;78;59;Y;Y;N;1,5;7,8;7,8;5,9;8483902090
10797;F003-01;4283230482129;V011-TMT;Loslager FF25, passend für SFU3205 3210;;29,27;Y;3;2;0;580;79;79;24;Y;Y;N;0,61;7,9;7,9;2,4;8483902090
10796;L010-01;4283230482020;V011-TMT;Festlager EK25 mit C5/HRB Schrägkugellager, passend für SFU3205 3210;;58,12;Y;5;2;0;1800;104;68;62;Y;Y;N;1,89;10,4;6,8;6,2;8483902090
10795;G001-01;4283230481924;V011-TMT;Festlager EK25 mit Rillenkugellager, passend für SFU3205 3210;;46,08;Y;5;0;0;1800;105;68;62;Y;Y;N;1,89;10,5;6,8;6,2;8483902090
10794;M004-03;4283230481825;V011-TMT;Loslager EF25, passend für SFU3205 3210;;27,36;Y;6;2;0;860;105;68;30;Y;Y;N;0,9;10,5;6,8;3;8483902090
10793;L008-01;4283230481726;V011-TMT;Festlager BK25 mit C5/HRB Schrägkugellager, passend für SFU3205 3210;;58,77;Y;3;0;0;2250;106;80;56;Y;Y;N;2,36;10,6;8;5,6;8483902090
10792;D013-01;4283230481627;V011-TMT;Festlager BK25 mit Rillenkugellager, passend für SFU3205 3210;;47,28;Y;7;0;0;2230;106;80;56;Y;Y;N;2,34;10,6;8;5,6;8483902090
10791;C015-01;4283230481528;V011-TMT;Loslager BF25, passend für SFU3205 3210;;30,52;Y;11;2;0;1330;106;80;30;Y;Y;N;1,4;10,6;8;3;8483902090
10790;M006-02;4283230481429;V011-TMT;Festlager FK20 mit C5/HRB Schrägkugellager, passend für SFU2505 2510;;41,07;Y;0;0;0;1000;68;68;55;Y;Y;N;1,05;6,8;6,8;5,5;8483902090
10789;G011-01;4283230481320;V011-TMT;Festlager FK20 mit Rillenkugellager, passend für SFU2505 2510;;31,73;Y;0;0;0;1000;68;68;55;Y;Y;N;1,05;6,8;6,8;5,5;8483902090
10788;L003-01;4283230481221;V011-TMT;Loslager FF20, passend für SFU2505 2510;;19,75;Y;2;0;0;390;68;68;20;Y;Y;N;0,41;6,8;6,8;2;8483902090
10787;G009-01;4283230481122;V011-TMT;Festlager EK20 mit C5/HRB Schrägkugellager, passend für SFU2505 2510;;45,83;Y;6;2;0;1280;94;58;54;Y;Y;N;1,34;9,4;5,8;5,4;8483902090
10786;G020-01;4283230481023;V011-TMT;Festlager EK20 mit Rillenkugellager, passend für SFU2505 2510;;34,23;Y;2;0;0;1260;95;58;55;Y;Y;N;1,32;9,5;5,8;5,5;8483902090
10785;G007-01;4283230480927;V011-TMT;Loslager EF20, passend für SFU2505 2510;;21,39;Y;12;0;0;560;95;58;26;Y;Y;N;0,59;9,5;5,8;2,6;8483902090
10784;G006-01;4283230480828;V011-TMT;Festlager BK20 mit C5/HRB Schrägkugellager, passend für SFU2505 2510;;45,59;Y;1;0;0;1110;88;60;45;Y;Y;N;1,17;8,8;6;4,5;8483902090
10783;M002-01;4283230480729;V011-TMT;Festlager BK20 mit Rillenkugellager, passend für SFU2505 2510;;32,88;Y;15;0;0;1110;88;60;45;Y;Y;N;1,17;8,8;6;4,5;8483902090
10782;H011-01;4283230480620;V011-TMT;Loslager BF20, passend für SFU2505 2510;;21,62;Y;12;0;0;690;88;60;36;Y;Y;N;0,72;8,8;6;3,6;8483902090
10781;F013-02;4283230480521;V011-TMT;Festlager FK15 mit C5/HRB Schrägkugellager, passend für SFU2005 2010;;32,82;Y;0;1;0;370;52;52;35;Y;Y;N;0,39;5,2;5,2;3,5;8483902090
10780;L007-02;4283230480422;V011-TMT;Festlager FK15 mit Rillenkugellager, passend für SFU2005 2010;;19,72;Y;0;0;0;370;52;52;35;Y;Y;N;0,39;5,2;5,2;3,5;8483902090
10779;M007-05;4283230480323;V011-TMT;Loslager FF15, passend für SFU2005 2010;;11,49;Y;7;1;0;170;52;52;18;Y;Y;N;0,18;5,2;5,2;1,8;8483902090
10778;E014-01;4283230480224;V011-TMT;Festlager EK15 mit C5/HRB Schrägkugellager, passend für SFU2005 2010;;33,05;Y;7;2;0;510;80;49;35;Y;Y;N;0,54;8;4,9;3,5;8483902090
10777;H018-01;4283230480125;V011-TMT;Festlager EK15 mit Rillenkugellager, passend für SFU2005 2010;;19,97;Y;8;0;0;510;80;49;35;Y;Y;N;0,54;8;4,9;3,5;8483902090
10776;H022-01;4283230480026;V011-TMT;Loslager EF15, passend für SFU2005 2010;;12,6;Y;11;2;0;340;80;49;20;Y;Y;N;0,36;8;4,9;2;8483902090
10775;G018-01;4283230479921;V011-TMT;Festlager BK15 mit C5/HRB Schrägkugellager, passend für SFU2005 2010;;30,37;Y;11;0;0;540;70;48;34;Y;Y;N;0,57;7;4,8;3,4;8483902090
10774;M003-01;4283230479822;V011-TMT;Festlager BK15 mit Rillenkugellager, passend für SFU2005 2010;;20,02;Y;15;0;0;540;70;48;34;Y;Y;N;0,57;7;4,8;3,4;8483902090
10773;H020-01;4283230479723;V011-TMT;Loslager BF15, passend für SFU2005 2010;;12,6;Y;15;0;0;340;70;48;20;Y;Y;N;0,36;7;4,8;2;8483902090
10772;F010-08;4283230479624;V053-TMT;Linearwelle Ø6mm, Länge 175mm;;4,05;Y;23;15;0;40;175;6;6;Y;Y;N;0,04;17,5;0,6;0,6;7318156290
10771;F001-10;4283230479525;V053-TMT;Linearwelle Ø5mm, Länge 170mm;;4,7;Y;11;11;0;30;170;5;5;Y;Y;N;0,03;17;0,5;0,5;7318156290
10770;J024-04;4283230479426;V053-TMT;Linearwelle Ø8mm, Länge 250mm;;4,68;Y;6;8;0;100;250;8;8;Y;Y;N;0,1;25;0,8;0,8;7318156290
10769;J018-06;4283230479327;V053-TMT;Linearwelle Ø6mm, Länge 250mm;;4,6;Y;17;15;0;60;250;6;6;Y;Y;N;0,06;25;0,6;0,6;7318156290
10768;J009-08;4283230479228;V053-TMT;Linearwelle Ø5mm, Länge 250mm;;6,16;Y;17;10;0;40;250;5;5;Y;Y;N;0,04;25;0,5;0,5;7318156290
10767;G002-09;4283230479129;V053-TMT;Linearwelle Ø8mm, Länge 350mm;;5,92;Y;19;18;0;140;350;8;8;Y;Y;N;0,14;35;0,8;0,8;7318156290
10766;L004-07;4283230479020;V053-TMT;Linearwelle Ø6mm, Länge 350mm;;5,8;Y;13;10;0;80;350;6;6;Y;Y;N;0,08;35;0,6;0,6;7318156290
10765;G016-08;4283230478924;V053-TMT;Linearwelle Ø5mm, Länge 350mm;;7,37;Y;20;16;0;50;350;5;5;Y;Y;N;0,06;35;0,5;0,5;7318156290
10764;M005-08;4283230478825;V121-TMT;Montageplatte für Linearachse DSK45;;13,05;Y;12;9;0;140;87;54;29;Y;Y;N;0,15;8,7;5,4;2,9;8487909090
10763;M006-10;4283230478726;V121-TMT;optisches Sensor Set NPN (2x Lichtschranke + 2x Halter);;35,83;Y;8;0;0;70;80;74;26;Y;Y;N;0,08;8;7,4;2,6;8536500700
10762;I001-05;4283230478627;V121-TMT;Linearachse DSK45, Verfahrweg 1600mm;;246,77;Y;4;0;1;5000;1880;125;100;Y;Y;N;5;188;12,5;10;8487909090
10761;TMT-4283230478528;4283230478528;V121-TMT;Linearachse DSK45, Verfahrweg 900mm;;186,64;Y;0;0;1;3600;1250;130;100;Y;Y;N;3,6;125;13;10;8487909090
10760;TMT-4283230478429;4283230478429;V121-TMT;Linearachse DSK45, Verfahrweg 700mm;;176,2;Y;0;0;1;3060;1200;130;100;Y;Y;N;3,1;120;13;10;8487909090
10759;TMT-4283230478320;4283230478320;V121-TMT;Linearachse DSK45, Verfahrweg 400mm;;158,86;Y;0;0;1;2260;950;130;100;Y;Y;N;2,3;95;13;10;8487909090
10758;I041-02;4283230478221;V121-TMT;Linearachse DSK45, Verfahrweg 300mm;;150,94;Y;0;0;0;2070;650;130;100;Y;Y;N;2,17;65;13;10;8487909090
10757;TMT-4283230478122;4283230478122;V121-TMT;Linearachse DSK45, Verfahrweg 200mm;;142,06;Y;0;0;1;1730;200;130;100;Y;Y;N;1,8;20;13;10;8487909090
10756;TMT-4283230478023;4283230478023;V121-TMT;Linearachse DSK45, Verfahrweg 100mm;;140,26;Y;0;0;1;1460;130;130;100;Y;Y;N;1,5;13;13;10;8487909090
10754;0003-3090;4283230828620;;Kreismesser - 420J2 - 90D - glatt - 0003-3090 ECU - F02 - K011111;;84,03;N;0;0;0;0;0;0;0;Y;N;N;0;0;0;0;8208300000
10752;1100000;4283230828521;;Alkadur Kreismesser  - 1.4112 - 140A - glatt - Alkadur - P08 - K054852;;84,03;N;0;0;0;150;0;0;0;Y;N;N;0,15;0;0;0;8208300000
10748;2000064;4283230419729;;Diamant-Schärfwerkzeug Handschleifer schwarzer Griff, 8mm Feilenbreite, K033333;;2,5;N;0;0;0;0;0;0;0;Y;N;N;0;0;0;0;8203100000
10747;100866;4283230416421;;Litze Schalthebel iCut-1/2 BC, Silikonisolierung schwarz AWG26 130mm, Molex 510650200 einseitig Aderendhülse hellblau 6mm lang - K033333;;0,64;N;0;0;0;0;0;0;0;Y;N;N;0;0;0;0;8544429090
10746;100864;4283230415127;;Litze Schalthebel iCut-3 BC, Silikonisolierung schwarz AWG26 130mm, Molex 510650200 + Molex 532530270 - K033333;;0,8;N;0;0;0;0;0;0;0;Y;N;N;0;0;0;0;8544429090
10745;0012-0101;4283230409928;;Maschinenschalter EIN/AUS für Ausrollmaschine 4 Pins;;5,8;N;0;0;0;0;0;0;0;Y;N;N;0;0;0;0;8536500700
10743;ERS-0050;4283230416322;;Madenschrauben M5*6 schwarz, VPE 1000 Stk 450g;;0;Y;1;0,5;0;0;0;0;0;Y;N;Y;0;0;0;0;7318156290
10737;E003-11;4283230408723;V089-TMT;Trapezgewinde Mutternsitz T10 Alu silber;;10,67;Y;11;2;0;140;42;42;41;Y;Y;N;0,15;4,2;4,2;4,1;8466102000
10736;D017-09;4283230404824;V089-TMT;Trapezgewinde Mutternsitz T8 für normale und für spielfreie Muttern, Alu schwarz;;7,48;Y;18;17;0;70;35,5;28;28;Y;Y;N;0,07;3,55;2,8;2,8;8466102000
10735;D009-09;4283230404725;V089-TMT;Trapezgewinde Mutternsitz T8 für normale und spielfreie Muttern, Alu silber;;7,48;Y;19;15;0;70;46;31;28;Y;Y;N;0,07;4,6;3,1;2,8;8466102000
10727;A001-10;4283230404626;V002-TMT;Zahnriemen HTD3M-1800-10;;9,79;Y;2;0;0;50;78;70;10;Y;Y;N;0,05;7,8;7;1;4010390090
10726;S002-02;4283230403520;V044-TMT;Zahnriemen offen HTD5M-15-PU-white, Meterware;;4,46;Y;20;12;0;60;17,8;18,3;14,6;Y;Y;N;0,07;1,78;1,83;1,46;4010390090
10719;100907;4283230400826;;Litze SIF 0.5mm² LICHTGRAU: 8cm lang, Silikonisolierung, feinardig, flexibel, Enden: Aderendhülse 8mm verzinnt, VPE 500 Stk;;57;N;0;0;0;0;0;0;0;Y;N;N;0;0;0;0;8544499390
9837;0003-2121;4283230828422;;Kreismesser - 420J2 - 120Tz - gezahnt - 0003-2121 ECU - F04 - K011111;;84,03;N;0;0;0;0;0;0;0;Y;N;N;0;0;0;0;8208300000
9836;0003-2120;4283230828323;;Kreismesser - 420J2 - 120T - glatt - 0003-2120 ECU - F04 - K011111;;84,03;N;0;0;0;0;0;0;0;Y;N;N;0;0;0;0;8208300000
9835;0003-4081;4283230828224;;Kreismesser - 420J2 - 80Pz - gezahnt - 0003-4081 ECU - F01 - K011111;;84,03;N;0;0;0;0;0;0;0;Y;N;N;0;0;0;0;8208300000
9834;0003-4080;4283230828125;;Kreismesser - 420J2 - 80P - glatt - 0003-4080 ECU - F01 - K011111;;84,03;N;0;0;0;0;0;0;0;Y;N;N;0;0;0;0;8208300000
9833;0003-1081;4283230828026;;Kreismesser - 420J2 - 80Cz - gezahnt - 0003-1081 ECU - F01 - K011111;;84,03;N;0;0;0;0;0;0;0;Y;N;N;0;0;0;0;8208300000
9832;0003-1080;4283230827920;;Kreismesser - 420J2 - 80C - glatt - 0003-1080 ECU - F01 - K011111;;84,03;N;0;0;0;0;0;0;0;Y;N;N;0;0;0;0;8208300000
9831;G80-100693 in Box;4283230827821;;Kreismesser  - 1.4112 - G80 - glatt - UYAR-100693 - X01 - K033333;;84,03;N;0;0;0;0;0;0;0;Y;N;N;0;0;0;0;8208300000
9830;G80-100727 in Box;4283230827722;;Kreismesser  - 1.4112 - G80 - glatt - unbeschriftet - X01 - K033333;;84,03;N;0;0;0;0;0;0;0;Y;N;N;0;0;0;0;8208300000
9829;G80-100816 in Box;4283230827623;;Kreismesser  - 1.4112 - G80 glatt - EMINP-100816 - X01 - K033333;;84,03;N;0;0;0;0;0;0;0;Y;N;N;0;0;0;0;8208300000
9828;0080-1080;4283230827524;;Kreismesser  - 1.4112 - 80C - glatt -  0080-1080  TG80-C - C02 - K011111;;84,03;N;0;0;0;50;0;0;0;Y;N;N;0,05;0;0;0;8208300000
9827;D01.27.02 in Box;4283230403421;;Kreismesser  - 1.4116 - 80P - glatt - POTIS EcoLine - X01 - K033333;;84,03;N;0;0;0;0;0;0;0;Y;N;N;0;0;0;0;8208300000
9731;G018-08;4283230372222;V002-TMT;Zahnriemen HTD3M-3600-15;;30,7;Y;11;2;0;150;136;103;15;Y;Y;N;0,15;13,6;10,3;1,5;4010390090
9730;J024-05;4283230372123;V002-TMT;Zahnriemen HTD3M-3390-15;;30,67;Y;2;0;0;130;130;94;15;Y;Y;N;0,13;13;9,4;1,5;4010390090
9729;J012-11;4283230372024;V002-TMT;Zahnriemen HTD3M-3225-15;;17,94;Y;10;2;0;140;103;95;15;Y;Y;N;0,14;10,3;9,5;1,5;4010390090
9728;J014-05;4283230371928;V002-TMT;Zahnriemen HTD3M-3000-15;;25,67;Y;2;2;0;120;110;95;15;Y;Y;N;0,12;11;9,5;1,5;4010390090
9727;H019-05;4283230371829;V002-TMT;Zahnriemen HTD3M-1800-15;;13,13;Y;0;0;0;80;78;70;15;Y;Y;N;0,08;7,8;7;1,5;4010390090
9726;A039-16;4283230371720;V002-TMT;Zahnriemen HTD3M-1569-15;;16,35;Y;0;0;0;70;85;68;15;Y;Y;N;0,07;8,5;6,8;1,5;4010390090
9725;H022-04;4283230371621;V002-TMT;Zahnriemen HTD3M-1002-15;;11,31;Y;0;0;0;40;68;55;15;Y;Y;N;0,04;6,8;5,5;1,5;4010390090
9724;H003-10;4283230371522;V002-TMT;Zahnriemen HTD3M-900-15;;10,78;Y;1;0;0;30;58;55;15;Y;Y;N;0,03;5,8;5,5;1,5;4010390090
9723;A028-16;4283230371423;V002-TMT;Zahnriemen HTD3M-801-15;;7,4;Y;0;0;0;30;65;55;15;Y;Y;N;0,03;6,5;5,5;1,5;4010390090
9722;E024-09;4283230371324;V002-TMT;Zahnriemen HTD3M-708-15;;6,97;Y;9;5;0;30;60;55;15;Y;Y;N;0,03;6;5,5;1,5;4010390090
9721;J023-02;4283230371225;V002-TMT;Zahnriemen HTD3M-639-15;;7,19;Y;0;0;0;30;75;52;15;Y;Y;N;0,03;7,5;5,2;1,5;4010390090
9720;J016-02;4283230371126;V002-TMT;Zahnriemen HTD3M-603-15;;7,02;Y;12;0;0;30;75;55;15;Y;Y;N;0,03;7,5;5,5;1,5;4010390090
9719;F026-07;4283230371027;V002-TMT;Zahnriemen HTD3M-600-15;;5,96;Y;11;9;0;30;63;54;15;Y;Y;N;0,03;6,3;5,4;1,5;4010390090
9718;J024-07;4283230370921;V002-TMT;Zahnriemen HTD3M-510-15;;5,42;Y;0;0;0;20;70;55;15;Y;Y;N;0,02;7;5,5;1,5;4010390090
9717;A034-02;4283230370822;V002-TMT;Zahnriemen HTD3M-501-15;;5,32;Y;0;0;0;20;70;55;15;Y;Y;N;0,02;7;5,5;1,5;4010390090
9716;E009-06;4283230370723;V002-TMT;Zahnriemen HTD3M-450-15;;4,89;Y;19;10;0;20;45;37;15;Y;Y;N;0,02;4,5;3,7;1,5;4010390090
9715;J020-09;4283230370624;V002-TMT;Zahnriemen HTD3M-417-15;;6,1;Y;10;0;0;20;73;53;15;Y;Y;N;0,02;7,3;5,3;1,5;4010390090
9714;E012-03;4283230370525;V002-TMT;Zahnriemen HTD3M-405-15;;4,6;Y;14;6;0;20;40;37;15;Y;Y;N;0,02;4;3,7;1,5;4010390090
9713;TMT-4283230370426;4283230370426;V002-TMT;Zahnriemen HTD3M-609-15;;10,58;Y;0;0;1;50;0;0;0;Y;N;N;0,05;0;0;0;4010390090
9712;J002-12;4283230370327;V002-TMT;Zahnriemen HTD3M-402-15;;6,1;Y;0;0;0;20;75;50;15;Y;Y;N;0,02;7,5;5;1,5;4010390090
9711;J011-07;4283230370228;V002-TMT;Zahnriemen HTD3M-390-15;;4,62;Y;0;0;0;20;71;50;15;Y;Y;N;0,02;7,1;5;1,5;4010390090
9710;E017-12;4283230370129;V002-TMT;Zahnriemen HTD3M-384-15;;4,84;Y;2;2;0;20;45;35;15;Y;Y;N;0,02;4,5;3,5;1,5;4010390090
9709;F026-09;4283230370020;V002-TMT;Zahnriemen HTD3M-375-15;;4,3;Y;6;6;0;20;45;37;15;Y;Y;N;0,02;4,5;3,7;1,5;4010390090
9708;J001-09;4283230369925;V002-TMT;Zahnriemen HTD3M-372-15;;5,18;Y;13;6;0;20;75;62;15;Y;Y;N;0,02;7,5;6,2;1,5;4010390090
9707;J013-11;4283230369826;V002-TMT;Zahnriemen HTD3M-354-15;;4,43;Y;0;0;0;20;70;55;15;Y;Y;N;0,02;7;5,5;1,5;4010390090
9706;J022-04;4283230369727;V002-TMT;Zahnriemen HTD3M-351-15;;4,43;Y;0;0;0;20;75;50;15;Y;Y;N;0,02;7,5;5;1,5;4010390090
9705;E028-04;4283230369628;V002-TMT;Zahnriemen HTD3M-345-15;;4,24;Y;13;7;0;20;41;36;15;Y;Y;N;0,02;4,1;3,6;1,5;4010390090
9704;A034-12;4283230369529;V002-TMT;Zahnriemen HTD3M-327-15;;4,16;Y;6;4;0;10;70;50;15;Y;Y;N;0,01;7;5;1,5;4010390090
9703;E027-07;4283230369420;V002-TMT;Zahnriemen HTD3M-315-15;;3,96;Y;3;4;0;10;40;36;15;Y;Y;N;0,01;4;3,6;1,5;4010390090
9702;J002-08;4283230369321;V002-TMT;Zahnriemen HTD3M-309-15;;3,84;Y;6;2;0;20;76;44;15;Y;Y;N;0,02;7,6;4,4;1,5;4010390090
9701;E010-04;4283230369222;V002-TMT;Zahnriemen HTD3M-300-15;;3,8;Y;12;10;0;10;40;36;15;Y;Y;N;0,01;4;3,6;1,5;4010390090
9700;J011-03;4283230369123;V002-TMT;Zahnriemen HTD3M-285-15;;3,68;Y;6;5;0;10;60;55;15;Y;Y;N;0,01;6;5,5;1,5;4010390090
9699;J024-12;4283230369024;V002-TMT;Zahnriemen HTD3M-273-15;;4,57;Y;3;0;0;10;70;50;15;Y;Y;N;0,01;7;5;1,5;4010390090
9698;F007-10;4283230368928;V002-TMT;Zahnriemen HTD3M-270-15;;3,64;Y;16;9;0;10;40;35;15;Y;Y;N;0,01;4;3,5;1,5;4010390090
9697;J016-05;4283230368829;V002-TMT;Zahnriemen HTD3M-261-15;;3,84;Y;0;0;0;10;63;54;15;Y;Y;N;0,01;6,3;5,4;1,5;4010390090
9696;F013-04;4283230368720;V002-TMT;Zahnriemen HTD3M-255-15;;3;Y;18;12;0;10;40;35;15;Y;Y;N;0,01;4;3,5;1,5;4010390090
9695;J018-04;4283230368621;V002-TMT;Zahnriemen HTD3M-252-15;;3,22;Y;7;5;0;10;80;50;15;Y;Y;N;0,01;8;5;1,5;4010390090
9694;E022-07;4283230368522;V002-TMT;Zahnriemen HTD3M-240-15;;3,48;Y;23;22;0;10;37;35;15;Y;Y;N;0,01;3,7;3,5;1,5;4010390090
9693;J006-02;4283230368423;V002-TMT;Zahnriemen HTD3M-228-15;;4,28;Y;4;0;0;10;80;50;15;Y;Y;N;0,01;8;5;1,5;4010390090
9692;F003-06;4283230368324;V002-TMT;Zahnriemen HTD3M-225-15;;3,17;Y;16;11;0;10;45;35;15;Y;Y;N;0,01;4,5;3,5;1,5;4010390090
9691;J014-08;4283230368225;V002-TMT;Zahnriemen HTD3M-213-15;;3,89;Y;0;0;0;10;82;37;15;Y;Y;N;0,01;8,2;3,7;1,5;4010390090
9690;A036-03;4283230368126;V002-TMT;Zahnriemen HTD3M-210-15;;3,87;Y;0;0;0;10;70;35;15;Y;Y;N;0,01;7;3,5;1,5;4010390090
9689;F013-11;4283230368027;V002-TMT;Zahnriemen HTD3M-180-15;;3,43;Y;19;10;0;10;38;36;15;Y;Y;N;0,01;3,8;3,6;1,5;4010390090
9687;TMT-4283230367525;4283230367525;V222-TMT;Zahnriemenscheibe HTD5M-30BF-B19-18+PF;;12,18;Y;0;0;1;260;51;51;31,5;N;N;N;0,27;5,1;5,1;3,15;8483508090
9686;TMT-4283230367426;4283230367426;V222-TMT;Zahnriemenscheibe HTD5M-30BF-B14-18+PF;;12,18;Y;0;0;1;310;52,1;52,1;32,6;N;N;N;0,33;5,21;5,21;3,26;8483508090
9685;TMT-4283230367327;4283230367327;V222-TMT;Zahnriemenscheibe HTD5M-20BF-B14-15+PF;;7,22;Y;0;0;1;110;38;38;31;N;N;N;0,11;3,8;3,8;3,1;8483508090
9684;J024-11;4283230367228;V222-TMT;Zahnriemenscheibe HTD5M-20BF-B12.7-15+PF;;7,22;Y;9;0;1;110;38;38;31,1;Y;N;N;0,12;3,8;3,8;3,11;8483508090
9682;E028-09;4283230367129;V002-TMT;Zahnriemen HTD5M-2000-15;;18,53;Y;4;0;0;130;108;104,2;15;Y;Y;N;0,13;10,8;10,42;1,5;4010390090
9681;R001-07;4283230367020;V002-TMT;Zahnriemen HTD5M-1870-15;;17,9;Y;10;0;0;120;105;85;15;Y;Y;N;0,12;10,5;8,5;1,5;4010390090
9680;H012-10;4283230366924;V002-TMT;Zahnriemen HTD5M-1700-15;;15,8;Y;0;0;0;100;102,4;84,5;15;Y;Y;N;0,11;10,24;8,45;1,5;4010390090
9679;F015-10;4283230366825;V002-TMT;Zahnriemen HTD5M-1400-15;;13,15;Y;9;0;0;90;99,2;84,3;15;Y;Y;N;0,09;9,92;8,43;1,5;4010390090
9678;L007-06;4283230366726;V002-TMT;Zahnriemen HTD5M-1200-15;;12,02;Y;11;7;0;80;93,3;84,8;15;Y;Y;N;0,08;9,33;8,48;1,5;4010390090
9677;F009-12;4283230366627;V002-TMT;Zahnriemen HTD5M-1080-15;;11,9;Y;0;0;0;70;87,5;84,4;15;Y;Y;N;0,08;8,75;8,44;1,5;4010390090
9676;M007-12;4283230366528;V002-TMT;Zahnriemen HTD5M-750-15;;8,56;Y;14;8;0;50;76,2;66,2;15;Y;Y;N;0,05;7,62;6,62;1,5;4010390090
9675;J026-03;4283230366429;V002-TMT;Zahnriemen HTD5M-655-15;;7,58;Y;17;9;0;40;85;74,3;15;Y;Y;N;0,05;8,5;7,43;1,5;4010390090
9671;J004-01;4283230366023;V002-TMT;Zahnriemen HTD5M-390-15;;5,17;Y;14;6;0;30;65;60;15;Y;Y;N;0,03;6,5;6;1,5;4010390090
9670;G015-08;4283230365927;V002-TMT;Zahnriemen HTD5M-370-15;;5,02;Y;13;5;0;30;57,7;55,1;15;Y;Y;N;0,03;5,77;5,51;1,5;4010390090
9668;A032-01;4283230365729;V002-TMT;Zahnriemen HTD5M-295-15;;4,33;Y;0;0;0;20;70;55;15;Y;Y;N;0,02;7;5,5;1,5;4010390090
9667;E018-03;4283230365620;V002-TMT;Zahnriemen HTD5M-280-15;;4,43;Y;12;9;0;20;65,5;55,3;15;Y;Y;N;0,02;6,55;5,53;1,5;4010390090
9666;B036-04;4283230365521;V002-TMT;Zahnriemen HTD5M-275-15;;4,41;Y;0;0;0;20;60;50;15;Y;Y;N;0,02;6;5;1,5;4010390090
9665;G013-07;4283230365422;V002-TMT;Zahnriemen HTD5M-240-15;;3,99;Y;9;6;0;20;58,3;51,6;15;Y;Y;N;0,02;5,83;5,16;1,5;4010390090
9664;B037-08;4283230365323;V002-TMT;Zahnriemen HTD5M-235-15;;3,82;Y;1;0;0;20;50;45;15;Y;Y;N;0,02;5;4,5;1,5;4010390090
9662;J007-12;4283230365224;V007-TMT;Zahnriemenscheibe HTD 5M-15K-B8-15: Zähne 15, Typ K, Bohrung 8mm, Riemenbreite 15mm;;4,56;Y;14;13;0;20;25,5;25,5;25,3;Y;Y;N;0,02;2,55;2,55;2,53;8483508090
9661;J020-12;4283230365125;V007-TMT;Zahnriemenscheibe HTD 5M-18BF-B14-15: Zähne 18, Typ BF, Bohrung 14mm, Riemenbreite 15mm;;4,5;Y;17;17;0;30;32,1;32,1;27;Y;Y;N;0,03;3,21;3,21;2,7;8483508090
9660;F025-12;4283230365026;V007-TMT;Zahnriemenscheibe HTD 5M-18BF-B10-15: Zähne 18, Typ BF, Bohrung 10mm, Riemenbreite 15mm;;4,5;Y;22;21;0;30;32,6;32,6;27;Y;Y;N;0,03;3,26;3,26;2,7;8483508090
9659;E028-03;4283230364920;V007-TMT;Zahnriemenscheibe HTD 5M-18BF-B6-15: Zähne 18, Typ BF, Bohrung 6mm, Riemenbreite 15mm;;4,52;Y;14;7;0;30;32,1;32,1;27;Y;Y;N;0,04;3,21;3,21;2,7;8483508090
9658;D004-02;4283230364821;V007-TMT;Zahnriemenscheibe HTD 5M-80BF-B8-15: Zähne 80, Typ BF, Bohrung 8mm, Riemenbreite 15mm;;42,67;Y;0;0;0;850;131;131;35;Y;Y;N;0,85;13,1;13,1;3,5;8483508090
9657;A003-13;4283230364722;V007-TMT;Zahnriemenscheibe HTD 5M-12K-B6.35-15: Zähne 12, Typ K, Bohrung 6.35mm, Riemenbreite 15mm;;3,39;Y;21;14;0;10;20,6;20,6;25;Y;Y;N;0,01;2,06;2,06;2,5;8483508090
9656;F014-01;4283230364623;V007-TMT;Zahnriemenscheibe HTD 5M-30BF-B10-15: Zähne 30, Typ BF, Bohrung 10mm, Riemenbreite 15mm;;9,72;Y;4;8;0;120;52,1;52,1;32;Y;Y;N;0,12;5,21;5,21;3,2;8483508090
9655;J004-03;4283230364524;V007-TMT;Zahnriemenscheibe HTD 5M-30BF-B8-15: Zähne 30, Typ BF, Bohrung 8mm, Riemenbreite 15mm;;9,72;Y;9;9;0;120;52;52;32;Y;Y;N;0,12;5,2;5,2;3,2;8483508090
9654;J026-12;4283230364425;V007-TMT;Zahnriemenscheibe HTD 5M-22BF-B8-15: Zähne 22, Typ BF, Bohrung 8mm, Riemenbreite 15mm;;4,54;Y;6;4;0;50;37,1;37,1;27;Y;Y;N;0,05;3,71;3,71;2,7;8483508090
9653;D003-06;4283230364326;V007-TMT;Zahnriemenscheibe HTD 5M-60BF-B10-15: Zähne 60, Typ BF, Bohrung 10mm, Riemenbreite 15mm;;21,48;Y;0;0;0;470;100;100;35;Y;Y;N;0,49;10;10;3,5;8483508090
9652;F001-03;4283230364227;V007-TMT;Zahnriemenscheibe HTD 5M-60BF-B8-15: Zähne 60, Typ BF, Bohrung 8mm, Riemenbreite 15mm;;21,48;Y;1;0;0;470;101,1;101,1;35;Y;Y;N;0,49;10,11;10,11;3,5;8483508090
9651;J019-04;4283230364128;V007-TMT;Zahnriemenscheibe HTD 5M-36BF-B8-15: Zähne 36, Typ BF, Bohrung 8mm, Riemenbreite 15mm;;12,64;Y;1;4;0;160;62,1;62,1;32;Y;Y;N;0,17;6,21;6,21;3,2;8483508090
9650;F010-02;4283230364029;V007-TMT;Zahnriemenscheibe HTD 5M-20BF-B5-15: Zähne 20, Typ BF, Bohrung 5mm, Riemenbreite 15mm;;4,54;Y;8;5;0;40;35,1;35,1;28;Y;Y;N;0,05;3,51;3,51;2,8;8483508090
9649;F023-03;4283230363923;V007-TMT;Zahnriemenscheibe HTD 5M-20BF-B14-15: Zähne 20, Typ BF, Bohrung 14mm, Riemenbreite 15mm;;5,98;Y;14;12;0;30;34,1;34,1;27;Y;Y;N;0,03;3,41;3,41;2,7;8483508090
9648;J020-02;4283230363824;V007-TMT;Zahnriemenscheibe HTD 5M-20BF-B10-15: Zähne 20, Typ BF, Bohrung 10mm, Riemenbreite 15mm;;4,52;Y;25;25;0;40;35,1;35,1;28;Y;Y;N;0,04;3,51;3,51;2,8;8483508090
9640;R001-11;4283230367921;V044-TMT;Zahnriemen offen HTD5M-15, Meterware;;8,28;Y;24;16;0;70;23,5;23,2;14,2;Y;Y;N;0,08;2,35;2,32;1,42;4010390090
9639;D001-10;4283230367822;V044-TMT;Zahnriemen offen HTD5M-15-PU, Meterware;;4,46;Y;46;32;0;60;17,8;18,3;14,6;Y;Y;N;0,07;1,78;1,83;1,46;4010390090
9638;D015-10;4283230367723;V044-TMT;Zahnriemen offen HTD3M-15, Meterware;;7,15;Y;0;46;0;50;21;21;15;Y;Y;N;0,05;2,1;2,1;1,5;4010390090
9637;H009-07;4283230367624;V044-TMT;Zahnriemen offen HTD3M-15-PU, Meterware;;4,4;Y;16;17;0;40;18;18;15;Y;Y;N;0,04;1,8;1,8;1,5;4010390090
9632;B019-06;4283230477927;V012-TMT;Trapezgewindemutter T8x2x16, Messing;;2,75;Y;23;15;0;10;21,8;21,8;15;Y;Y;N;0,01;2,18;2,18;1,5;7318156290
9631;B001-09;4283230477828;V012-TMT;Trapezgewindemutter T6x2x12, Messing;;2,75;Y;20;17;0;10;22;22;15;Y;Y;N;0,01;2,2;2,2;1,5;7318156290
9630;B005-08;4283230477729;V012-TMT;Trapezgewindemutter T6x1x4, Messing;;2,75;Y;29;20;0;10;21,8;21,8;15;Y;Y;N;0,01;2,18;2,18;1,5;7318156290
9629;A008-04;4283230477620;V012-TMT;Trapezgewindemutter T6x1x4, POM;;2,02;Y;15;10;1;10;22;22;15;Y;Y;N;0,01;2,2;2,2;1,5;7318156290
9627;B010-07;4283230477422;V012-TMT;Trapezgewindemutter T5x1x1, POM;;2,17;Y;18;14;1;10;19,9;19,9;9,5;Y;Y;N;0,01;1,99;1,99;0,95;7318156290
9626;B006-09;4283230477323;V012-TMT;Trapezgewindemutter T5x1x2, Messing;;2,64;Y;38;39;0;10;19,9;19,8;9,5;Y;Y;N;0,01;1,99;1,98;0,95;7318156290
9625;A003-05;4283230477224;V012-TMT;Trapezgewindemutter T5x1x2, POM;;2,17;Y;25;20;1;10;19,9;19,9;9,5;Y;Y;N;0,01;1,99;1,99;0,95;7318156290
9624;A038-07;4283230477125;V012-TMT;Trapezgewindemutter T5x1x4, Messing;;2,75;Y;70;42;0;10;19,9;19,9;9,5;Y;Y;N;0,01;1,99;1,99;0,95;7318156290
9623;A037-03;4283230477026;V012-TMT;Trapezgewindemutter T5x1x4, POM;;1,88;Y;33;30;1;10;19,9;19,9;9,5;Y;Y;N;0,01;1,99;1,99;0,95;7318156290
9622;A033-13;4283230476920;V012-TMT;Trapezgewindemutter T4x1x1, Messing;;2,64;Y;62;47;0;10;19,9;19,9;9,5;Y;Y;N;0,01;1,99;1,99;0,95;7318156290
9621;B006-06;4283230476821;V012-TMT;Trapezgewindemutter T3.5x1.2x2.4, POM;;1,88;Y;58;41;1;10;19;19;9;Y;Y;N;0,01;1,9;1,9;0,9;7318156290
9620;I038-03;4283230476722;V012-TMT;Trapezgewindespindel T8x2x16-1000, 304 Edelstahl V2A;;22,74;Y;0;0;0;300;1001;8;8;Y;Y;N;0,32;100,1;0,8;0,8;7318156290
9619;I042-04;4283230476623;V012-TMT;Trapezgewindespindel T8x2x16-800, 304 Edelstahl V2A;;18,88;Y;0;0;0;250;801;8;8;Y;Y;N;0,26;80,1;0,8;0,8;7318156290
9618;TMT-4283230476524;4283230476524;V012-TMT;Trapezgewindespindel T8x2x16-700, 304 Edelstahl V2A;;17,2;Y;0;0;0;210;700;8;8;Y;Y;N;0,22;70;0,8;0,8;7318156290
9617;T008-03;4283230476425;V012-TMT;Trapezgewindespindel T8x2x16-600, 304 Edelstahl V2A;;14,79;Y;5;4;0;180;601;8;8;Y;Y;N;0,19;60,1;0,8;0,8;7318156290
9616;TMT-4283230476326;4283230476326;V012-TMT;Trapezgewindespindel T8x2x16-550, 304 Edelstahl V2A;;13,6;Y;0;0;0;170;550;8;8;Y;Y;N;0,17;55;0,8;0,8;7318156290
9615;TMT-4283230476227;4283230476227;V012-TMT;Trapezgewindespindel T8x2x16-500, 304 Edelstahl V2A;;12,42;Y;0;0;0;150;500;8;8;Y;Y;N;0,16;50;0,8;0,8;7318156290
9614;TMT-4283230476128;4283230476128;V012-TMT;Trapezgewindespindel T8x2x16-450, 304 Edelstahl V2A;;11,23;Y;0;0;0;140;450;8;8;Y;Y;N;0,14;45;0,8;0,8;7318156290
9613;D001-04;4283230476029;V012-TMT;Trapezgewindespindel T8x2x16-400, 304 Edelstahl V2A;;11,08;Y;0;0;0;120;401;8;8;Y;Y;N;0,13;40,1;0,8;0,8;7318156290
9612;C018-10;4283230475923;V012-TMT;Trapezgewindespindel T8x2x16-350, 304 Edelstahl V2A;;9,73;Y;8;2;0;110;350;8;8;Y;Y;N;0,11;35;0,8;0,8;7318156290
9611;L009-10;4283230475824;V012-TMT;Trapezgewindespindel T8x2x16-300, 304 Edelstahl V2A;;8,43;Y;13;4;0;100;300;8;8;Y;Y;N;0,1;30;0,8;0,8;7318156290
9610;H008-08;4283230475725;V012-TMT;Trapezgewindespindel T8x2x16-250, 304 Edelstahl V2A;;9,14;Y;11;2;0;760;250;8;8;Y;Y;N;0,78;25;0,8;0,8;7318156290
9609;TMT-4283230475626;4283230475626;V012-TMT;Trapezgewindespindel T8x2x16-200, 304 Edelstahl V2A;;6,52;Y;0;0;0;60;200;8;8;Y;Y;N;0,07;20;0,8;0,8;7318156290
9608;TMT-4283230475527;4283230475527;V012-TMT;Trapezgewindespindel T8x2x16-150, 304 Edelstahl V2A;;5,27;Y;0;0;0;50;150;8;8;Y;Y;N;0,05;15;0,8;0,8;7318156290
9607;TMT-4283230475428;4283230475428;V012-TMT;Trapezgewindespindel T8x2x16-100, 304 Edelstahl V2A;;4,05;Y;0;0;0;30;100;8;8;Y;Y;N;0,03;10;0,8;0,8;7318156290
9606;I041-04;4283230475329;V012-TMT;Trapezgewindespindel T8x2x8-900, 304 Edelstahl V2A;;11,4;Y;0;0;0;280;901;8;8;Y;Y;N;0,29;90,1;0,8;0,8;7318156290
9605;I040-01;4283230475220;V012-TMT;Trapezgewindespindel T8x2x8-700, 304 Edelstahl V2A;;8,98;Y;10;2;0;220;701;8;8;Y;Y;N;0,23;70,1;0,8;0,8;7318156290
9604;TMT-4283230475121;4283230475121;V012-TMT;Trapezgewindespindel T8x2x4-900, 304 Edelstahl V2A;;11,37;Y;0;0;0;260;900;8;8;Y;Y;N;0,27;90;0,8;0,8;7318156290
9603;I023-04;4283230475022;V012-TMT;Trapezgewindespindel T8x2x4-800, 304 Edelstahl V2A;;10,17;Y;0;0;0;250;801;8;8;Y;Y;N;0,26;80,1;0,8;0,8;7318156290
9602;I022-01;4283230474926;V012-TMT;Trapezgewindespindel T8x2x4-700, 304 Edelstahl V2A;;8,98;Y;5;5;0;220;701;8;8;Y;Y;N;0,23;70,1;0,8;0,8;7318156290
9601;T006-04;4283230474827;V012-TMT;Trapezgewindespindel T8x2x4-600, 304 Edelstahl V2A;;8,49;Y;15;6;0;180;601;8;8;Y;Y;N;0,19;60,1;0,8;0,8;7318156290
9600;TMT-4283230474728;4283230474728;V012-TMT;Trapezgewindespindel T8x2x2-900, 304 Edelstahl V2A;;11,33;Y;0;0;0;250;900;8;8;Y;Y;N;0,25;90;0,8;0,8;7318156290
9599;I023-03;4283230474629;V012-TMT;Trapezgewindespindel T8x2x2-800, 304 Edelstahl V2A;;10,17;Y;9;7;0;250;801;8;8;Y;Y;N;0,26;80,1;0,8;0,8;7318156290
9598;I044-01;4283230474520;V012-TMT;Trapezgewindespindel T8x2x2-700, 304 Edelstahl V2A;;8,96;Y;9;8;0;210;701;8;8;Y;Y;N;0,22;70,1;0,8;0,8;7318156290
9597;T001-03;4283230474421;V012-TMT;Trapezgewindespindel T8x2x2-600, 304 Edelstahl V2A;;8,49;Y;9;7;0;180;601;8;8;Y;Y;N;0,19;60,1;0,8;0,8;7318156290
9596;TMT-4283230474124;4283230474124;V012-TMT;Trapezgewindespindel T6x2x12-1000, 304 Edelstahl V2A;;25,89;Y;0;0;0;200;1000;6;6;Y;Y;N;0,2;100;0,6;0,6;7318156290
9595;TMT-4283230473721;4283230473721;V012-TMT;Trapezgewindespindel T6x2x12-500, 304 Edelstahl V2A;;15,24;Y;0;0;0;100;500;6;6;Y;Y;N;0,1;50;0,6;0,6;7318156290
9594;TMT-4283230473622;4283230473622;V012-TMT;Trapezgewindespindel T6x2x12-450, 304 Edelstahl V2A;;13,77;Y;0;0;0;90;450;6;6;Y;Y;N;0,09;45;0,6;0,6;7318156290
9593;TMT-4283230473523;4283230473523;V012-TMT;Trapezgewindespindel T6x2x12-400, 304 Edelstahl V2A;;12,29;Y;0;0;0;80;400;6;6;Y;Y;N;0,08;40;0,6;0,6;7318156290
9592;TMT-4283230473424;4283230473424;V012-TMT;Trapezgewindespindel T6x2x12-350, 304 Edelstahl V2A;;10,81;Y;0;0;0;70;350;6;6;Y;Y;N;0,07;35;0,6;0,6;7318156290
9591;G007-05;4283230473325;V012-TMT;Trapezgewindespindel T6x2x12-300, 304 Edelstahl V2A;;10,28;Y;12;10;0;60;301;6;6;Y;Y;N;0,06;30,1;0,6;0,6;7318156290
9590;TMT-4283230473226;4283230473226;V012-TMT;Trapezgewindespindel T6x2x12-250, 304 Edelstahl V2A;;8,66;Y;0;0;0;50;250;6;6;Y;Y;N;0,05;25;0,6;0,6;7318156290
9589;TMT-4283230473127;4283230473127;V012-TMT;Trapezgewindespindel T6x2x12-200, 304 Edelstahl V2A;;7,68;Y;0;0;0;40;200;6;6;Y;Y;N;0,04;20;0,6;0,6;7318156290
9588;TMT-4283230473028;4283230473028;V012-TMT;Trapezgewindespindel T6x2x12-150, 304 Edelstahl V2A;;6,4;Y;0;0;0;30;150;6;6;Y;Y;N;0,03;15;0,6;0,6;7318156290
9587;TMT-4283230472922;4283230472922;V012-TMT;Trapezgewindespindel T6x2x12-100, 304 Edelstahl V2A;;4,65;Y;0;0;0;20;100;6;6;Y;Y;N;0,02;10;0,6;0,6;7318156290
9586;TMT-4283230472823;4283230472823;V012-TMT;Trapezgewindespindel T6x1x4-1000, 304 Edelstahl V2A;;24,11;Y;0;0;0;200;1000;6;6;Y;Y;N;0,2;100;0,6;0,6;7318156290
9585;TMT-4283230472625;4283230472625;V012-TMT;Trapezgewindespindel T6x1x4-500, 304 Edelstahl V2A;;13,15;Y;0;0;0;100;500;6;6;Y;Y;N;0,1;50;0,6;0,6;7318156290
9584;TMT-4283230472526;4283230472526;V012-TMT;Trapezgewindespindel T6x1x4-450, 304 Edelstahl V2A;;11,88;Y;0;0;0;90;450;6;6;Y;Y;N;0,09;45;0,6;0,6;7318156290
9583;TMT-4283230472427;4283230472427;V012-TMT;Trapezgewindespindel T6x1x4-400, 304 Edelstahl V2A;;10,6;Y;0;0;0;80;400;6;6;Y;Y;N;0,08;40;0,6;0,6;7318156290
9582;C008-03;4283230472328;V012-TMT;Trapezgewindespindel T6x1x4-350, 304 Edelstahl V2A;;10,3;Y;5;0;0;70;350;6;6;Y;Y;N;0,07;35;0,6;0,6;7318156290
9581;L010-09;4283230472229;V012-TMT;Trapezgewindespindel T6x1x4-300, 304 Edelstahl V2A;;8,89;Y;19;17;0;60;301;6;6;Y;Y;N;0,06;30,1;0,6;0,6;7318156290
9580;TMT-4283230472120;4283230472120;V012-TMT;Trapezgewindespindel T6x1x4-250, 304 Edelstahl V2A;;8,21;Y;0;0;0;50;250;6;6;Y;Y;N;0,05;25;0,6;0,6;7318156290
9579;J005-10;4283230472021;V012-TMT;Trapezgewindespindel T6x1x4-200, 304 Edelstahl V2A;;6,59;Y;0;0;0;40;200;6;6;Y;Y;N;0,04;20;0,6;0,6;7318156290
9578;TMT-4283230469526;4283230469526;V012-TMT;Trapezgewindespindel T6x1x4-150, 304 Edelstahl V2A;;5,57;Y;0;0;0;30;150;6;6;Y;Y;N;0,03;15;0,6;0,6;7318156290
9577;TMT-4283230456328;4283230456328;V012-TMT;Trapezgewindespindel T6x1x4-100, 304 Edelstahl V2A;;4,3;Y;0;0;0;20;100;6;6;Y;Y;N;0,02;10;0,6;0,6;7318156290
9576;I019-04;4283230456229;V012-TMT;Trapezgewindespindel T6x1x1-1000, 304 Edelstahl V2A;;23,83;Y;0;0;0;200;1000;6;6;Y;Y;N;0,02;100;0,6;0,6;7318156290
9575;TMT-4283230456021;4283230456021;V012-TMT;Trapezgewindespindel T6x1x1-500, 304 Edelstahl V2A;;13,15;Y;0;0;0;100;500;6;6;Y;Y;N;0,1;50;0,6;0,6;7318156290
9574;TMT-4283230455925;4283230455925;V012-TMT;Trapezgewindespindel T6x1x1-450, 304 Edelstahl V2A;;11,88;Y;0;0;0;90;450;6;6;Y;Y;N;0,09;45;0,6;0,6;7318156290
9573;TMT-4283230455826;4283230455826;V012-TMT;Trapezgewindespindel T6x1x1-400, 304 Edelstahl V2A;;10,6;Y;0;0;0;80;400;6;6;Y;Y;N;0,08;40;0,6;0,6;7318156290
9572;TMT-4283230453129;4283230453129;V012-TMT;Trapezgewindespindel T6x1x1-350, 304 Edelstahl V2A;;10,3;Y;0;0;0;70;350;6;6;Y;Y;N;0,07;35;0,6;0,6;7318156290
9571;L007-07;4283230453020;V012-TMT;Trapezgewindespindel T6x1x1-300, 304 Edelstahl V2A;;8,89;Y;17;20;0;60;301;6;6;Y;Y;N;0,06;30,1;0,6;0,6;7318156290
9570;TMT-4283230452924;4283230452924;V012-TMT;Trapezgewindespindel T6x1x1-250, 304 Edelstahl V2A;;8,21;Y;0;0;0;50;250;6;6;Y;Y;N;0,05;25;0,6;0,6;7318156290
9569;TMT-4283230452825;4283230452825;V012-TMT;Trapezgewindespindel T6x1x1-200, 304 Edelstahl V2A;;6,86;Y;0;0;0;40;200;6;6;Y;Y;N;0,04;20;0,6;0,6;7318156290
9568;TMT-4283230452726;4283230452726;V012-TMT;Trapezgewindespindel T6x1x1-150, 304 Edelstahl V2A;;5,57;Y;0;0;0;30;150;6;6;Y;Y;N;0,03;15;0,6;0,6;7318156290
9567;TMT-4283230452627;4283230452627;V012-TMT;Trapezgewindespindel T6x1x1-100, 304 Edelstahl V2A;;4,3;Y;0;0;0;20;100;6;6;Y;Y;N;0,02;10;0,6;0,6;7318156290
9566;C001-10;4283230452528;V012-TMT;Trapezgewindespindel T5x1x1-500, 304 Edelstahl V2A;;13,07;Y;0;0;0;50;500;5;5;Y;Y;N;0,05;50;0,5;0,5;7318156290
9565;TMT-4283230452429;4283230452429;V012-TMT;Trapezgewindespindel T5x1x1-400, 304 Edelstahl V2A;;10,55;Y;0;0;0;50;400;5;5;Y;Y;N;0,05;40;0,5;0,5;7318156290
9564;C010-02;4283230452320;V012-TMT;Trapezgewindespindel T5x1x1-350, 304 Edelstahl V2A;;10,26;Y;11;2;0;40;350;5;5;Y;Y;N;0,05;35;0,5;0,5;7318156290
9563;TMT-4283230452221;4283230452221;V012-TMT;Trapezgewindespindel T5x1x1-300, 304 Edelstahl V2A;;8,84;Y;0;0;0;30;300;5;5;Y;Y;N;0,03;30;0,5;0,5;7318156290
9562;J017-03;4283230452122;V012-TMT;Trapezgewindespindel T5x1x1-250, 304 Edelstahl V2A;;8,17;Y;42;26;0;30;251;5;5;Y;Y;N;0,03;25,1;0,5;0,5;7318156290
9561;TMT-4283230452023;4283230452023;V012-TMT;Trapezgewindespindel T5x1x1-200, 304 Edelstahl V2A;;6,82;Y;0;0;0;20;200;5;5;Y;Y;N;0,02;20;0,5;0,5;7318156290
9560;TMT-4283230451927;4283230451927;V012-TMT;Trapezgewindespindel T5x1x1-150, 304 Edelstahl V2A;;4,47;Y;0;0;0;60;150;5;5;Y;Y;N;0,06;15;0,5;0,5;7318156290
9559;TMT-4283230451828;4283230451828;V012-TMT;Trapezgewindespindel T5x1x1-100, 304 Edelstahl V2A;;4,39;Y;0;0;0;50;100;5;5;Y;Y;N;0,06;10;0,5;0,5;7318156290
9558;T012-04;4283230451729;V012-TMT;Trapezgewindespindel T5x1x2-500, 304 Edelstahl V2A;;13,07;Y;0;0;0;50;500;5;5;Y;Y;N;0,05;50;0,5;0,5;7318156290
9557;TMT-4283230440921;4283230440921;V012-TMT;Trapezgewindespindel T5x1x2-400, 304 Edelstahl V2A;;10,55;Y;0;0;0;40;400;5;5;Y;Y;N;0,05;40;0,5;0,5;7318156290
9556;D017-06;4283230440426;V012-TMT;Trapezgewindespindel T5x1x2-350, 304 Edelstahl V2A;;10,25;Y;7;2;0;40;350;5;5;Y;Y;N;0,04;35;0,5;0,5;7318156290
9555;TMT-4283230440327;4283230440327;V012-TMT;Trapezgewindespindel T5x1x2-300, 304 Edelstahl V2A;;8,86;Y;0;0;0;30;300;5;5;Y;Y;N;0,04;30;0,5;0,5;7318156290
9554;J019-08;4283230429322;V012-TMT;Trapezgewindespindel T5x1x2-250, 304 Edelstahl V2A;;8,17;Y;30;29;0;30;251;5;5;Y;Y;N;0,03;25,1;0,5;0,5;7318156290
9553;TMT-4283230411723;4283230411723;V012-TMT;Trapezgewindespindel T5x1x2-200, 304 Edelstahl V2A;;6,84;Y;0;0;0;20;200;5;5;Y;Y;N;0,03;20;0,5;0,5;7318156290
9552;TMT-4283230378224;4283230378224;V012-TMT;Trapezgewindespindel T5x1x2-150, 304 Edelstahl V2A;;5,55;Y;0;0;0;20;150;5;5;Y;Y;N;0,02;15;0,5;0,5;7318156290
9551;A004-10;4283230378125;V012-TMT;Trapezgewindespindel T5x1x2-100, 304 Edelstahl V2A;;4,39;Y;0;0;0;60;100;5;5;Y;Y;N;0,06;10;0,5;0,5;7318156290
9550;TMT-4283230378026;4283230378026;V012-TMT;Trapezgewindespindel T5x1x4-500, 304 Edelstahl V2A;;13,09;Y;0;0;0;50;500;5;5;Y;Y;N;0,06;50;0,5;0,5;7318156290
9549;TMT-4283230377920;4283230377920;V012-TMT;Trapezgewindespindel T5x1x4-400, 304 Edelstahl V2A;;10,55;Y;0;0;0;50;400;5;5;Y;Y;N;0,05;40;0,5;0,5;7318156290
9548;C005-04;4283230377821;V012-TMT;Trapezgewindespindel T5x1x4-350, 304 Edelstahl V2A;;10,26;Y;0;0;0;40;350;5;5;Y;Y;N;0,05;35;0,5;0,5;7318156290
9547;TMT-4283230377722;4283230377722;V012-TMT;Trapezgewindespindel T5x1x4-300, 304 Edelstahl V2A;;8,86;Y;0;0;0;40;300;5;5;Y;Y;N;0,04;30;0,5;0,5;7318156290
9546;J004-08;4283230377623;V012-TMT;Trapezgewindespindel T5x1x4-250, 304 Edelstahl V2A;;8,17;Y;27;28;0;30;251;5;5;Y;Y;N;0,03;25,1;0,5;0,5;7318156290
9545;TMT-4283230377524;4283230377524;V012-TMT;Trapezgewindespindel T5x1x4-200, 304 Edelstahl V2A;;6,84;Y;0;0;0;30;200;5;5;Y;Y;N;0,03;20;0,5;0,5;7318156290
9544;TMT-4283230377425;4283230377425;V012-TMT;Trapezgewindespindel T5x1x4-150, 304 Edelstahl V2A;;5,55;Y;0;0;0;20;150;5;5;Y;Y;N;0,02;15;0,5;0,5;7318156290
9543;TMT-4283230377326;4283230377326;V012-TMT;Trapezgewindespindel T5x1x4-100, 304 Edelstahl V2A;;4,3;Y;0;0;0;20;100;5;5;Y;Y;N;0,02;10;0,5;0,5;7318156290
9542;L004-02;4283230377227;V012-TMT;Trapezgewindespindel T4x1x1-300, 304 Edelstahl V2A;;8,82;Y;12;11;0;20;301;4;4;Y;Y;N;0,02;30,1;0,4;0,4;7318156290
9541;TMT-4283230377128;4283230377128;V012-TMT;Trapezgewindespindel T4x1x1-250, 304 Edelstahl V2A;;8,13;Y;0;0;0;10;201;4;4;Y;Y;N;0,01;20,1;0,4;0,4;7318156290
9540;J022-05;4283230377029;V012-TMT;Trapezgewindespindel T4x1x1-200, 304 Edelstahl V2A;;6,8;Y;12;7;0;10;201;4;4;Y;Y;N;0,01;20,1;0,4;0,4;7318156290
9539;TMT-4283230376923;4283230376923;V012-TMT;Trapezgewindespindel T4x1x1-150, 304 Edelstahl V2A;;5,52;Y;0;0;0;10;150;4;4;Y;Y;N;0,01;15;0,4;0,4;7318156290
9538;B013-05;4283230376824;V012-TMT;Trapezgewindespindel T4x1x1-100, 304 Edelstahl V2A;;4,28;Y;31;19;0;10;101;4;4;Y;Y;N;0,01;10,1;0,4;0,4;7318156290
9537;D012-03;4283230376725;V012-TMT;Trapezgewindespindel T3.5x1.2x2.4-350, 304 Edelstahl V2A;;10,21;Y;10;2;0;20;350;3,5;3,5;Y;Y;N;0,02;35;0,35;0,35;7318156290
9536;TMT-4283230376626;4283230376626;V012-TMT;Trapezgewindespindel T3.5x1.2x2.4-250, 304 Edelstahl V2A;;8,13;Y;0;0;0;10;250;3,5;3,5;Y;Y;N;0,01;25;0,35;0,35;7318156290
9535;J022-03;4283230376527;V012-TMT;Trapezgewindespindel T3.5x1.2x2.4-200, 304 Edelstahl V2A;;6,8;Y;19;15;0;10;201;3,5;3,5;Y;Y;N;0,01;20,1;0,35;0,35;7318156290
9534;TMT-4283230376428;4283230376428;V012-TMT;Trapezgewindespindel T3.5x1.2x2.4-150, 304 Edelstahl V2A;;5,52;Y;0;0;0;10;150;3,5;3,5;Y;Y;N;0,01;15;0,35;0,35;7318156290
9533;B028-12;4283230376329;V012-TMT;Trapezgewindespindel T3.5x1.2x2.4-100, 304 Edelstahl V2A;;4,28;Y;22;17;0;10;101;3,5;3,5;Y;Y;N;0,01;10,1;0,35;0,35;7318156290
9532;I036-02;4283230376220;V008-TMT;Kugelgewindetrieb KGT1610-2-L1000;;47,19;Y;7;4;0;1510;1001;49;40;Y;Y;N;1,59;100,1;4,9;4;8483403090
9531;I042-02;4283230376121;V008-TMT;Kugelgewindetrieb KGT1610-2-L800;;40,08;Y;6;6;0;1230;801;49;40;Y;Y;N;1,29;80,1;4,9;4;8483403090
9530;TMT-4283230376022;4283230376022;V008-TMT;Kugelgewindetrieb KGT1610-2-L700;;39,34;Y;0;0;1;1090;701;49;40;Y;Y;N;1,15;70,1;4,9;4;8483403090
9529;T006-01;4283230375926;V008-TMT;Kugelgewindetrieb KGT1610-2-L600;;37,38;Y;0;0;0;950;601;49;40;Y;Y;N;1;60,1;4,9;4;8483403090
9528;T001-01;4283230375827;V008-TMT;Kugelgewindetrieb KGT1610-2-L500;;34,82;Y;2;2;0;810;501;49;40;Y;Y;N;0,85;50,1;4,9;4;8483403090
9527;C012-01;4283230375728;V008-TMT;Kugelgewindetrieb KGT1610-2-L400;;32,86;Y;4;0;0;670;401;49;40;Y;Y;N;0,7;40,1;4,9;4;8483403090
9526;TMT-4283230375629;4283230375629;V008-TMT;Kugelgewindetrieb KGT1610-2-L300;;31,62;Y;0;0;1;530;301;49;40;Y;Y;N;0,56;30,1;4,9;4;8483403090
9525;TMT-4283230375520;4283230375520;V008-TMT;Kugelgewindetrieb KGT1610-2-L250;;30,91;Y;0;0;1;460;251;49;40;Y;Y;N;0,5;25,1;4,9;4;8483403090
9524;TMT-4283230375421;4283230375421;V008-TMT;Kugelgewindetrieb KGT1610-2-L200;;29,58;Y;0;0;1;390;201;49;40;Y;Y;N;0,42;20,1;4,9;4;8483403090
9523;TMT-4283230375322;4283230375322;V008-TMT;Kugelgewindetrieb KGT1610-2-L150;;29,47;Y;0;0;1;320;151;49;40;Y;Y;N;0,35;15,1;4,9;4;8483403090
9522;I041-01;4283230375223;V008-TMT;Kugelgewindetrieb KGT3205-4-L1000;;101,61;Y;3;0;0;6220;1001;81;63;Y;Y;N;6,53;100,1;8,1;6,3;8483403090
9521;I045-01;4283230375124;V008-TMT;Kugelgewindetrieb KGT3205-4-L800;;91,9;Y;0;0;0;5040;801;81;63;Y;Y;N;5,29;80,1;8,1;6,3;8483403090
9520;TMT-4283230375025;4283230375025;V008-TMT;Kugelgewindetrieb KGT3205-4-L700;;86,61;Y;0;0;1;4450;701;81;63;Y;Y;N;4,5;70,1;8,1;6,3;8483403090
9519;T010-01;4283230374929;V008-TMT;Kugelgewindetrieb KGT3205-4-L600;;83,84;Y;3;0;0;3870;601;81;63;Y;Y;N;4,06;60,1;8,1;6,3;8483403090
9518;T005-01;4283230374820;V008-TMT;Kugelgewindetrieb KGT3205-4-L500;;79,09;Y;4;0;0;3270;501;81;63;Y;Y;N;3,43;50,1;8,1;6,3;8483403090
9517;T015-01;4283230374721;V008-TMT;Kugelgewindetrieb KGT3205-4-L400;;74,35;Y;7;2;0;2680;401;81;63;Y;Y;N;2,81;40,1;8,1;6,3;8483403090
9516;TMT-4283230374622;4283230374622;V008-TMT;Kugelgewindetrieb KGT3205-4-L300;;70,79;Y;0;0;1;2090;301;81;63;Y;Y;N;2,15;30,1;8,1;6,3;8483403090
9515;TMT-4283230374523;4283230374523;V008-TMT;Kugelgewindetrieb KGT3205-4-L250;;63,33;Y;0;0;1;1800;251;81;63;Y;Y;N;1,8;25,1;8,1;6,3;8483403090
9514;TMT-4283230374424;4283230374424;V008-TMT;Kugelgewindetrieb KGT3205-4-L200;;62,55;Y;0;0;1;1500;201;81;63;Y;Y;N;1,6;20,1;8,1;6,3;8483403090
9513;TMT-4283230374325;4283230374325;V008-TMT;Kugelgewindetrieb KGT3205-4-L150;;62,07;Y;0;0;1;1210;151;81;63;N;Y;N;1,25;15,1;8,1;6,3;8483403090
9512;I042-01;4283230374226;V008-TMT;Kugelgewindetrieb KGT2505-4-L1000;;65,85;Y;5;4;0;3800;1001;63;48;Y;Y;N;3,99;100,1;6,3;4,8;8483403090
9511;I037-02;4283230374028;V008-TMT;Kugelgewindetrieb KGT2505-4-L800;;60,26;Y;0;0;0;3050;801;63;48;Y;Y;N;3,2;80,1;6,3;4,8;8483403090
9510;TMT-4283230374127;4283230374127;V008-TMT;Kugelgewindetrieb KGT2505-4-L700;;58,54;Y;0;0;1;2700;701;63;48;Y;Y;N;2,75;70,1;6,3;4,8;8483403090
9509;T002-01;4283230373922;V008-TMT;Kugelgewindetrieb KGT2505-4-L600;;56,08;Y;2;0;0;2350;601;63;48;Y;Y;N;2,47;60,1;6,3;4,8;8483403090
9508;T007-01;4283230373823;V008-TMT;Kugelgewindetrieb KGT2505-4-L500;;54,8;Y;7;0;0;2000;501;63;48;Y;Y;N;2,1;50,1;6,3;4,8;8483403090
9507;C013-01;4283230373724;V008-TMT;Kugelgewindetrieb KGT2505-4-L400;;52,16;Y;5;0;0;2700;401;63;48;Y;Y;N;1,73;40,1;6,3;4,8;8483403090
9506;TMT-4283230373625;4283230373625;V008-TMT;Kugelgewindetrieb KGT2505-4-L300;;48,96;Y;0;0;1;1300;301;63;48;Y;Y;N;1,35;30,1;6,3;4,8;8483403090
9505;TMT-4283230373526;4283230373526;V008-TMT;Kugelgewindetrieb KGT2505-4-L250;;47,7;Y;0;0;1;1130;251;63;48;Y;Y;N;1,2;25,1;6,3;4,8;8483403090
9504;TMT-4283230373427;4283230373427;V008-TMT;Kugelgewindetrieb KGT2505-4-L200;;46,88;Y;0;0;1;950;201;63;48;Y;Y;N;1;20,1;6,3;4,8;8483403090
9503;TMT-4283230373328;4283230373328;V008-TMT;Kugelgewindetrieb KGT2505-4-L150;;46,6;Y;0;0;1;780;151;63;48;Y;Y;N;0,8;15,1;6,3;4,8;8483403090
9502;I042-03;4283230373229;V008-TMT;Kugelgewindetrieb KGT2005-4-L1000;;54,42;Y;4;0;0;2470;1001;59;44;Y;Y;N;2,59;100,1;5,9;4,4;8483403090
9501;I033-01;4283230373120;V008-TMT;Kugelgewindetrieb KGT2005-4-L800;;48,45;Y;4;0;0;2010;801;59;44;Y;Y;N;2,11;80,1;5,9;4,4;8483403090
9500;TMT-4283230373021;4283230373021;V008-TMT;Kugelgewindetrieb KGT2005-4-L700;;46,01;Y;0;0;1;1800;701;59;44;Y;Y;N;1,88;70,1;5,9;4,4;8483403090
9499;T004-01;4283230372925;V008-TMT;Kugelgewindetrieb KGT2005-4-L600;;45,62;Y;0;0;0;1570;601;59;44;Y;Y;N;1,65;60,1;5,9;4,4;8483403090
9498;T009-01;4283230372826;V008-TMT;Kugelgewindetrieb KGT2005-4-L500;;43,06;Y;12;2;0;1350;501;59;44;Y;Y;N;1,42;50,1;5,9;4,4;8483403090
9497;D010-01;4283230372727;V008-TMT;Kugelgewindetrieb KGT2005-4-L400;;40,49;Y;7;0;0;1130;401;59;44;Y;Y;N;1,19;40,1;5,9;4,4;8483403090
9496;TMT-4283230372628;4283230372628;V008-TMT;Kugelgewindetrieb KGT2005-4-L300;;37,99;Y;0;0;1;960;300;59;44;Y;Y;N;1;30;5,9;4,4;8483403090
9495;TMT-4283230372529;4283230372529;V008-TMT;Kugelgewindetrieb KGT2005-4-L250;;38,34;Y;0;0;1;850;250;59;44;Y;Y;N;0,86;25;5,9;4,4;8483403090
9494;TMT-4283230372420;4283230372420;V008-TMT;Kugelgewindetrieb KGT2005-4-L200;;36,4;Y;0;0;1;730;200;59;44;Y;Y;N;0,75;20;5,9;4,4;8483403090
9493;TMT-4283230372321;4283230372321;V008-TMT;Kugelgewindetrieb KGT2005-4-L150;;35,57;Y;0;0;1;200;150;59;44;Y;Y;N;0,21;15;5,9;4,4;8483403090
9485;0080-5124;4283230837028;;Kreismesser  - 1.4112 - 120Ub - Teflon - 0080-5124  TG 120-Ub - P03 - K011111;;84,03;N;0;0;0;130;0;0;0;Y;N;N;0,13;0;0;0;8208300000
9484;0080-5122;4283230827227;;Kreismesser  - 1.4112 - 120Uk - Kerben - 0080-5122  TK 120-U - P03 - K011111;;84,03;N;0;0;0;130;0;0;0;Y;N;N;0,13;0;0;0;8208300000
9483;0013-5122;4251840979254;;Kreismesser  - 1.4116 - 120Uk - Kerben - 0013-5122 TK 120-U - B03 - K011111;;84,03;N;0;0;0;130;0;0;0;Y;N;N;0,13;0;0;0;8208300000
9482;0080-4124;4283230826428;;Kreismesser  - 1.4112 - G120b - Teflon - 0080-4124 TG 120-Pb - P06 - K011111;;84,03;N;0;0;0;130;0;0;0;Y;N;N;0,13;0;0;0;8208300000
9481;0080-4122;4283230826121;;Kreismesser  - 1.4112 - K120 - Kerben - 0080-4122 TK 120-P - P06 - K011111;;84,03;N;0;0;0;130;0;0;0;Y;N;N;0,13;0;0;0;8208300000
9480;0013-4122;4283230826022;;Kreismesser  - 1.4116 - K120 - Kerben - 0013-4122 TK120-P - B05 - K011111;;84,03;N;0;0;0;130;0;0;0;Y;N;N;0,13;0;0;0;8208300000
9479;0013-4121;4283230826220;;Kreismesser  - 1.4116 - Z120 - gezahnt - 0013-4121 TZ 120-P - B05 - K011111;;84,03;N;0;0;0;130;0;0;0;Y;N;N;0,13;0;0;0;8208300000
9478;0013-4120;4283230826329;;Kreismesser  - 1.4116 - G120 - glatt - 0013-4120 TG 120-P - B05 - K011111;;84,03;N;0;0;0;130;0;0;0;Y;N;N;0,13;0;0;0;8208300000
9477;0080-5094;4283230827029;;Kreismesser  - 1.4112 - 80Ub - Teflon - 0080-5094  TG 80-Ub - P01 - K011111;;84,03;N;0;0;0;60;0;0;0;Y;N;N;0,06;0;0;0;8208300000
9476;0080-5092;4283230826923;;Kreismesser  - 1.4112 - 80Uk - Kerben - 0080-5092  TK 90-U - P02 - K011111;;84,03;N;0;0;0;60;0;0;0;Y;N;N;0,06;0;0;0;8208300000
9475;0013-5092;4283230826527;;Kreismesser  - 1.4116 - 90Uk - Kerben - 0013-5092  TK 90-U - B02 - K011111;;84,03;N;0;0;0;60;0;0;0;Y;N;N;0,06;0;0;0;8208300000
9474;0080-4094;4283230826824;;Kreismesser  - 1.4112 - 90Pb - Teflon - 0080-4094 TG 90-Pb - P02 - K011111;;84,03;N;0;0;0;60;0;0;0;Y;N;N;0,06;0;0;0;8208300000
9473;0080-4092;4283230826725;;Kreismesser  - 1.4112 - 90Pk - Kerben - 0080-4092  TK 90-P - P02 - K011111;;84,03;N;0;0;0;60;0;0;0;Y;N;N;0,06;0;0;0;8208300000
9472;0080-4091;4283230826626;;Kreismesser  - 1.4112 - 90Pz - gezahnt - 0080-4091  TZ 90-P - P02 - K011111;;84,03;N;0;0;0;60;0;0;0;Y;N;N;0,06;0;0;0;8208300000
9471;0080-4090;4283230855923;;Kreismesser  - 1.4112 - 90P - glatt - 0080-4090  TG 90-P - P02 - K011111;;84,03;N;0;0;0;60;0;0;0;Y;N;N;0,06;0;0;0;8208300000
9470;0013-4092;4283230855824;;Kreismesser  - 1.4116 - 90Pk - Kerben - 0013-4092  TK-80P - B01 - K011111;;84,03;N;0;0;0;60;0;0;0;Y;N;N;0,06;0;0;0;8208300000
9469;0080-5084;4283230836625;;Kreismesser  - 1.4112 - 80Ub - Teflon - 00805084  TG80-Ub - P01 - K011111;;84,03;N;0;0;0;50;0;0;0;Y;N;N;0,05;0;0;0;8208300000
9468;0080-5082;4283230836526;;Kreismesser  - 1.4112 - 80Uk - Kerben - 0080-5082  TK80-U - P01 - K011111;;84,03;N;0;0;0;50;0;0;0;Y;N;N;0,05;0;0;0;8208300000
9467;0013-5082;4251840978820;;Kreismesser -  1.4116 - 80Uk - Kerben - 0013-5082  TK-80U - B01 - K011111;;84,03;N;0;0;0;50;0;0;0;Y;N;N;0,05;0;0;0;8208300000
9466;0080-4084;4283230855626;;Kreismesser  - 1.4112 - 80Cb - Teflon - 0080-1084  TG 80-Cb - P01 - K011111;;84,03;N;0;0;0;50;0;0;0;Y;N;N;0,05;0;0;0;8208300000
9465;0080-1091;4283230855527;;Kreismesser  - 1.4112 - 90Cz - gezahnt - 0080-1091  TZ 90-C - P04 - K011111;;84,03;N;0;0;0;60;0;0;0;Y;N;N;0,06;0;0;0;8208300000
9464;0080-1090;4283230855428;;Kreismesser -  1.4112 - 90C - glatt - 0080-1090  TG 90-C - P04 - K011111;;84,03;N;0;0;0;60;0;0;0;Y;N;N;0,06;0;0;0;8208300000
9463;0080-4082;4283230855329;;Kreismesser  - 1.4112 - 80Pk - Kerben - 0080-4082  TK80-P - P01 - K011111;;84,03;N;0;0;0;50;0;0;0;Y;N;N;0,05;0;0;0;8208300000
9462;GBL-4283230855220;4283230855220;;Kreismesser  - 1.4116 - 100Dz - gezahnt - GT Classic - B05 - GT;;14;Y;0;0;0;80;0;0;0;Y;N;N;0,08;0;0;0;8208300000
9461;4,28323E+12;4283230855121;;Kreismesser  - 1.4112 - 100Dz - gezahnt - GT Premium - P05 - GT;;15,9;Y;0;0;0;80;155;140;20;Y;N;N;0,08;15,5;14;2;8208300000
9459;4,28323E+12;4283230854926;;Kreismesser  - 1.4116 - 120Uk - Kerben - GT Classic - B03 - GT;;15,2;Y;0;0;0;100;155;140;20;Y;N;N;0,1;15,5;14;2;8208300000
9458;4,28323E+12;4283230854827;;Kreismesser  - 1.4116 - 90Uk - Kerben - GT Classic - B02 - GT;;11,5;Y;0;0;0;60;17;14;2;Y;N;N;0,06;1,7;1,4;0,2;8208300000
9457;I009-04;4283230854728;;Kreismesser  - 1.4116 - 80Uk - Kerben - GT Classic - B01 - GT;;11;Y;401;0;0;50;120;110;20;Y;N;N;0,05;12;11;2;8208300000
9456;4,28323E+12;4283230854629;;Kreismesser  - 1.4112 - 90Ub - Teflon - GT Premium - P02 - GT;;14,4;Y;0;0;0;60;0;0;0;Y;N;N;0,06;0;0;0;8208300000
9455;4,28323E+12;4283230854520;;Kreismesser  - 1.4112 - 90Uk - Kerben - GT Premium - P02 - GT;;13,4;Y;0;0;0;60;0;0;0;Y;N;N;0,06;0;0;0;8208300000
9454;4,28323E+12;4283230854223;;Kreismesser  - 1.4112 - 120Uk -Kerben - GT Premium - P03 - GT;;17,6;Y;0;0;0;130;0;0;0;Y;N;N;0,13;0;0;0;8208300000
9453;4,28323E+12;4283230854322;;Kreismesser  - 1.4112 - 80Uk - Kerben - GT Premium - P01 - GT;;12,9;Y;0;5;0;50;0;0;0;Y;N;N;0,05;0;0;0;8208300000
9452;4,28323E+12;4283230854421;;Kreismesser  - 1.4112 - 80Ub - Teflon - GT Premium - P01 - GT;;13,9;Y;0;5;0;50;0;0;0;Y;N;N;0,05;0;0;0;8208300000
9451;4,28323E+12;4283230854124;;Kreismesser  - 1.4112 - 120Ub - Teflon - GT Premium - P03 - GT;;18,4;Y;0;10;0;130;0;0;0;Y;N;N;0,13;0;0;0;8208300000
9449;A024-07;4283230853820;V012-TMT;Trapezgewindemutter T6x1x1, POM;;2,02;Y;6;5;1;10;22;22;15;Y;Y;N;0,01;2,2;2,2;1,5;7318156290
9448;A032-15;4283230466228;V012-TMT;Trapezgewindemutter T5x1x1, Messing;;2,75;Y;40;39;0;10;20;20;10;Y;Y;N;0,01;2;2;1;7318156290
9447;B038-14;4283230466129;V012-TMT;Trapezgewindemutter T6x1x1, Messing;;2,75;Y;40;33;0;10;22;22;15;Y;Y;N;0,01;2,2;2,2;1,5;7318156290
9446;B037-14;4283230466020;V012-TMT;Trapezgewindemutter T6x1x6, Messing;;2,75;Y;14;13;0;10;22;22;15;Y;Y;N;0,01;2,2;2,2;1,5;7318156290
9423;4,28323E+12;4283230854025;;Kreismesser für Döner- / Gyrosmesser TANDIR Ø 120mm  -  gezahnt;;84,03;Y;0;0;1;90;160;144;2,5;Y;N;N;0,1;16;14,4;0,25;8208300000
9420;4,28323E+12;4283230853929;;Kreismesser für Döner- / Gyrosmesser TANDIR Ø 120mm  -  glatt;;84,03;Y;0;0;1;90;160;144;2,5;Y;N;N;0,1;16;14,4;0,25;8208300000
9293;4,28323E+12;4283230853721;;Kreismesser für Dönerroboter ALKADUR/POTIS/Korkmaz Ø 140mm  -  glatt  -  PREMIUM;;0;Y;0;5;1;130;183;165;2,5;Y;Y;N;0,14;18,3;16,5;0,25;8208300000
9292;4,28323E+12;4283230853622;;Kreismesser für Dönerroboter ALKADUR/POTIS/Korkmaz Ø 140mm  -  glatt;;84,03;Y;0;5;1;130;183;165;2,5;Y;N;N;0,14;18,3;16,5;0,25;8208300000
9285;4,28323E+12;4283230852922;;Kreismesser für Döner- / Gyrosmesser TANDIR Ø 140mm  -  glatt  -  PREMIUM;;0;Y;0;0;1;130;183;165;2,5;Y;N;N;0,14;18,3;16,5;0,25;8208300000
9284;4,28323E+12;4283230852823;;Kreismesser für Döner- / Gyrosmesser TANDIR Ø 140mm  -  glatt;;84,03;Y;0;5;1;130;183;165;2,5;Y;N;N;0,14;18,3;16,5;0,25;8208300000
9279;4,28323E+12;4283230852328;;Kreismesser für Döner- / Gyrosmesser TANDIR Ø 100mm  -  gezahnt  -  PREMIUM;;84,03;Y;0;5;1;70;160;144;2,5;Y;N;N;0,08;16;14,4;0,25;8208300000
9278;4,28323E+12;4283230852229;;Kreismesser für Döner- / Gyrosmesser TANDIR Ø 100mm  -  gezahnt;;84,03;Y;0;0;1;70;160;144;2,5;Y;N;N;0,08;16;14,4;0,25;8208300000
9277;4,28323E+12;4283230852120;;Kreismesser für Döner- / Gyrosmesser TANDIR Ø 100mm  -  glatt  -  PREMIUM;;0;Y;0;0;1;70;160;144;2,5;Y;N;N;0,08;16;14,4;0,25;8208300000
9276;4,28323E+12;4283230852021;;Kreismesser für Döner- / Gyrosmesser TANDIR Ø 100mm  -  glatt;;84,03;Y;0;0;1;70;160;144;2,5;Y;N;N;0,08;16;14,4;0,25;8208300000
9272;PKC-4283230851628;4283230851628;;Kreismesser für Döner- / Gyrosmesser DOST Ø 120mm  -  Kerben;;0;Y;0;0;1;90;160;144;2,5;Y;N;N;0,1;16;14,4;0,25;8208300000
9271;4,28323E+12;4283230851529;;Kreismesser für Döner- / Gyrosmesser DOST Ø 120mm  -  gezahnt  -  PREMIUM;;0;Y;0;0;1;90;160;144;2,5;Y;N;N;0,1;16;14,4;0,25;8208300000
9270;4,28323E+12;4283230851420;;Kreismesser für Döner- / Gyrosmesser DOST Ø 120mm  -  gezahnt;;84,03;Y;0;5;1;90;160;144;2,5;Y;N;N;0,1;16;14,4;0,25;8208300000
9269;4,28323E+12;4283230851321;;Kreismesser für Döner- / Gyrosmesser DOST Ø 120mm  -  glatt  -  PREMIUM;;0;Y;0;0;1;90;160;144;2,5;Y;N;N;0,1;16;14,4;0,25;8208300000
9268;4,28323E+12;4283230851222;;Kreismesser für Döner- / Gyrosmesser DOST Ø 120mm  -  glatt;;84,03;Y;0;0;1;90;160;144;2,5;Y;N;N;0,1;16;14,4;0,25;8208300000
9263;4,28323E+12;4283230850720;;Kreismesser für Döner- / Gyrosmesser DOST Ø 100mm  -  gezahnt  -  PREMIUM;;0;Y;0;0;1;70;160;144;2,5;Y;N;N;0,08;16;14,4;0,25;8208300000
9262;PKC-4283230850621;4283230850621;;Kreismesser für Döner- / Gyrosmesser DOST Ø 100mm  -  gezahnt;;0;Y;0;0;1;70;160;144;2,5;Y;N;N;0,08;16;14,4;0,25;8208300000
9261;4,28323E+12;4283230850522;;Kreismesser für Döner- / Gyrosmesser DOST Ø 100mm  -  glatt  -  PREMIUM;;0;Y;0;0;1;70;160;144;2,5;Y;N;N;0,08;16;14,4;0,25;8208300000
9260;4,28323E+12;4283230850423;;Kreismesser für Döner- / Gyrosmesser DOST Ø 100mm  -  glatt;;84,03;Y;0;0;1;70;160;144;2,5;Y;N;N;0,08;16;14,4;0,25;8208300000
9259;4,28323E+12;4283230850324;;Kreismesser für Döner- / Gyrosmesser Ø 120mm  -  glatt Teflon  -  PREMIUM;;0;Y;0;0;1;90;160;144;2,5;Y;N;N;0,1;16;14,4;0,25;8208300000
9257;4,28323E+12;4283230850126;;Kreismesser für Döner- / Gyrosmesser Ø 120mm  -  Kerben  -  PREMIUM;;0;Y;0;0;1;90;160;144;2,5;Y;N;N;0,1;16;14,4;0,25;8208300000
9256;4,28323E+12;4283230850027;;Kreismesser für Döner- / Gyrosmesser Ø 120mm  -  Kerben;;0;Y;0;0;1;90;160;144;2,5;Y;N;N;0,1;16;14,4;0,25;8208300000
9255;4,28323E+12;4283230849922;;Kreismesser für Döner- / Gyrosmesser Ø 120mm  -  gezahnt  -  PREMIUM;;0;Y;0;0;1;90;160;144;2,5;Y;N;N;0,1;16;14,4;0,25;8208300000
9254;4,28323E+12;4283230849823;;Kreismesser für Döner- / Gyrosmesser Ø 120mm  -  gezahnt;;0;Y;0;0;1;90;160;144;2,5;Y;N;N;0,1;16;14,4;0,25;8208300000
9253;4,28323E+12;4283230849724;;Kreismesser für Döner- / Gyrosmesser Ø 120mm  -  glatt  -  PREMIUM;;84,03;Y;0;0;1;90;160;144;2,5;Y;N;N;0,1;16;14,4;0,25;8208300000
9252;4,28323E+12;4283230849625;;Kreismesser für Döner- / Gyrosmesser Ø 120mm  -  glatt;;0;Y;0;0;1;90;160;144;2,5;Y;N;N;0,1;16;14,4;0,25;8208300000
9251;4,28323E+12;4283230849526;;Kreismesser für Döner- / Gyrosmesser Ø 90mm  -  glatt Teflon  -  PREMIUM;;0;Y;0;0;1;60;124;110;2,5;Y;N;N;0,06;12,4;11;0,25;8208300000
9249;4,28323E+12;4283230849328;;Kreismesser für Döner- / Gyrosmesser Ø 90mm  -  Kerben  -  PREMIUM;;0;Y;0;0;1;60;124;110;2,5;Y;N;N;0,06;12,4;11;0,25;8208300000
9248;4,28323E+12;4283230849229;;Kreismesser für Döner- / Gyrosmesser Ø 90mm  -  Kerben;;0;Y;0;0;1;60;124;110;2,5;Y;N;N;0,06;12,4;11;0,25;8208300000
9247;4,28323E+12;4283230849120;;Kreismesser für Döner- / Gyrosmesser Ø 90mm  -  gezahnt  -  PREMIUM;;0;Y;0;0;1;60;124;110;2,5;Y;N;N;0,06;12,4;11;0,25;8208300000
9246;4,28323E+12;4283230849021;;Kreismesser für Döner- / Gyrosmesser Ø 90mm  -  gezahnt;;84,03;Y;0;0;1;60;124;110;2,5;Y;N;N;0,06;12,4;11;0,25;8208300000
9245;4,28323E+12;4283230848925;;Kreismesser für Döner- / Gyrosmesser Ø 90mm  -  glatt  -  PREMIUM;;84,03;Y;0;5;1;60;124;110;2,5;Y;N;N;0,06;12,4;11;0,25;8208300000
9244;4,28323E+12;4283230848826;;Kreismesser für Döner- / Gyrosmesser Ø 90mm  -  glatt;;84,03;Y;0;0;1;60;124;110;2,5;Y;N;N;0,06;12,4;11;0,25;8208300000
9243;4,28323E+12;4283230848727;;Kreismesser für Döner- / Gyrosmesser Ø 80mm  -  glatt Teflon  -  PREMIUM;;0;Y;0;0;1;50;124;110;2,5;Y;N;N;0,05;12,4;11;0,25;8208300000
9241;4,28323E+12;4283230848529;;Kreismesser für Döner- / Gyrosmesser Ø 80mm  -  Kerben  -  PREMIUM;;0;Y;0;0;1;50;124;110;2,5;Y;N;N;0,05;12,4;11;0,25;8208300000
9240;4,28323E+12;4283230848420;;Kreismesser für Döner- / Gyrosmesser Ø 80mm  -  Kerben;;0;Y;0;0;1;50;124;110;2,5;Y;N;N;0,05;12,4;11;0,25;8208300000
9239;4,28323E+12;4283230848321;;Kreismesser für Döner- / Gyrosmesser Ø 80mm  -  gezahnt  -  PREMIUM;;84,03;Y;0;0;1;50;124;110;2,5;Y;N;N;0,05;12,4;11;0,25;8208300000
9238;4,28323E+12;4283230848222;;Kreismesser für Döner- / Gyrosmesser Ø 80mm  -  gezahnt;;84,03;Y;0;0;1;50;124;110;2,5;Y;N;N;0,05;12,4;11;0,25;8208300000
9237;4,28323E+12;4283230848123;;Kreismesser für Döner- / Gyrosmesser Ø 80mm  -  glatt  -  PREMIUM;;84,03;Y;0;0;1;50;124;110;2,5;Y;N;N;0,05;12,4;11;0,25;8208300000
9236;4,28323E+12;4283230466525;;Kreismesser für Döner- / Gyrosmesser Ø 80mm  -  glatt;;84,03;Y;0;0;1;50;124;110;2,5;Y;N;N;0,05;12,4;11;0,25;8208300000
9051;0012-7006;4283230848024;;Adana Kare 6*6*700mm;;1,15;N;0;0;0;0;0;0;0;Y;N;N;0;0;0;0;7326909890
9049;A010-13;4283230323828;V007-TMT;Zahnriemenscheibe HTD 3M-55AF-B8-16: Zähne 55, Typ AF, Bohrung 8mm, Riemenbreite 16mm;;10,58;Y;4;0;1;110;54;54;21;Y;N;N;0,11;5,4;5,4;2,1;8483508090
9048;J013-05;4283230323729;V007-TMT;Zahnriemenscheibe HTD 3M-55AF-B8-15: Zähne 55, Typ AF, Bohrung 8mm, Riemenbreite 15mm;;10,58;Y;0;0;1;110;54;54;21;Y;N;N;0,11;5,4;5,4;2,1;8483508090
9047;A031-03;4283230322722;V007-TMT;Zahnriemenscheibe HTD 3M-40AF-B12-16: Zähne 40, Typ AF, Bohrung 12mm, Riemenbreite 16mm;;7,16;Y;10;2;0;70;42;42;21;Y;Y;N;0,07;4,2;4,2;2,1;8483508090
9046;A012-06;4283230322524;V007-TMT;Zahnriemenscheibe HTD 3M-36AF-B12-16: Zähne 36, Typ AF, Bohrung 12mm, Riemenbreite 16mm;;5,5;Y;6;0;0;50;36;36;21;Y;Y;N;0,05;3,6;3,6;2,1;8483508090
9045;A013-10;4283230322326;V007-TMT;Zahnriemenscheibe HTD 3M-36AF-B10-16: Zähne 36, Typ AF, Bohrung 10mm, Riemenbreite 16mm;;6,07;Y;0;0;0;50;35;35;21;Y;Y;N;0,05;3,5;3,5;2,1;8483508090
9044;A031-11;4283230321428;V007-TMT;Zahnriemenscheibe HTD 3M-32AF-B12-10: Zähne 32, Typ AF, Bohrung 12mm, Riemenbreite 10mm;;4,22;Y;3;4;0;20;32;32;14;Y;Y;N;0,02;3,2;3,2;1,4;8483508090
9043;A025-16;4283230321329;V007-TMT;Zahnriemenscheibe HTD 3M-32AF-B10-10: Zähne 32, Typ AF, Bohrung 10mm, Riemenbreite 10mm;;4,22;Y;0;0;0;20;33;33;14;Y;Y;N;0,02;3,3;3,3;1,4;8483508090
9042;A038-02;4283230321220;V007-TMT;Zahnriemenscheibe HTD 3M-32AF-B8-10: Zähne 32, Typ AF, Bohrung 8mm, Riemenbreite 10mm;;5,26;Y;10;6;0;20;32;32;14;Y;Y;N;0,02;3,2;3,2;1,4;8483508090
9041;A001-01;4283230321121;V007-TMT;Zahnriemenscheibe HTD 3M-24AF-B12-25: Zähne 24, Typ AF, Bohrung 12mm, Riemenbreite 25mm;;4,49;Y;3;0;0;20;29;25;25;Y;Y;N;0,02;2,9;2,5;2,5;8483508090
9040;B015-06;4283230321022;V007-TMT;Zahnriemenscheibe HTD 3M-24AF-B10-25: Zähne 24, Typ AF, Bohrung 10mm, Riemenbreite 25mm;;4,97;Y;4;4;0;20;29;26;26;Y;Y;N;0,02;2,9;2,6;2,6;8483508090
9039;A011-09;4283230318923;V007-TMT;Zahnriemenscheibe HTD 3M-24AF-B8-25: Zähne 24, Typ AF, Bohrung 8mm, Riemenbreite 25mm;;4,49;Y;7;2;0;20;29;25;25;Y;Y;N;0,02;2,9;2,5;2,5;8483508090
9038;A030-09;4283230318725;V007-TMT;Zahnriemenscheibe HTD 3M-24AF-B12-16: Zähne 24, Typ AF, Bohrung 12mm, Riemenbreite 16mm;;3,9;Y;10;2;0;20;26;26;21;Y;Y;N;0,02;2,6;2,6;2,1;8483508090
9037;A025-07;4283230316622;V007-TMT;Zahnriemenscheibe HTD 3M-24AF-B10-16: Zähne 24, Typ AF, Bohrung 10mm, Riemenbreite 16mm;;3,9;Y;0;0;0;20;25;25;20;Y;Y;N;0,02;2,5;2,5;2;8483508090
9036;A035-12;4283230316523;V007-TMT;Zahnriemenscheibe HTD 3M-24AF-B8-16: Zähne 24, Typ AF, Bohrung 8mm, Riemenbreite 16mm;;4,34;Y;3;0;0;20;26;20;20;Y;Y;N;0,02;2,6;2;2;8483508090
9035;A017-11;4283230316424;V007-TMT;Zahnriemenscheibe HTD 3M-24AF-B14-15: Zähne 24, Typ AF, Bohrung 14mm, Riemenbreite 15mm;;4,2;Y;8;7;0;10;26;26;19;Y;Y;N;0,01;2,6;2,6;1,9;8483508090
9034;A039-12;4283230316325;V007-TMT;Zahnriemenscheibe HTD 3M-24AF-B12-15: Zähne 24, Typ AF, Bohrung 12mm, Riemenbreite 15mm;;3,88;Y;0;0;0;10;25;25;19;Y;Y;N;0,01;2,5;2,5;1,9;8483508090
9033;A021-03;4283230316226;V007-TMT;Zahnriemenscheibe HTD 3M-24AF-B10-15: Zähne 24, Typ AF, Bohrung 10mm, Riemenbreite 15mm;;3,9;Y;11;7;0;20;25;25;19;Y;Y;N;0,02;2,5;2,5;1,9;8483508090
9032;A028-07;4283230316127;V007-TMT;Zahnriemenscheibe HTD 3M-24AF-B8-15: Zähne 24, Typ AF, Bohrung 8mm, Riemenbreite 15mm;;4,34;Y;12;12;0;20;26;26;19;Y;Y;N;0,02;2,6;2,6;1,9;8483508090
9031;A007-10;4283230316028;V007-TMT;Zahnriemenscheibe HTD 3M-18AF-B7-15: Zähne 18, Typ AF, Bohrung 7mm, Riemenbreite 15mm;;3,88;Y;23;2;0;10;20;20;19;Y;Y;N;0,01;2;2;1,9;8483508090
9030;B009-10;4283230315922;V007-TMT;Zahnriemenscheibe HTD 3M-18AF-B6.35-15: Zähne 18, Typ AF, Bohrung 6.35mm, Riemenbreite 15mm;;3,88;Y;8;4;0;10;20;20;19;Y;Y;N;0,01;2;2;1,9;8483508090
9029;A017-04;4283230315823;V007-TMT;Zahnriemenscheibe HTD 3M-24K-B12-25: Zähne 24, Typ K, Bohrung 12mm, Riemenbreite 25mm;;4,24;Y;7;2;0;30;35;25;25;Y;Y;N;0,03;3,5;2,5;2,5;8483508090
9028;A028-09;4283230315724;V007-TMT;Zahnriemenscheibe HTD 3M-24K-B8-25: Zähne 24, Typ K, Bohrung 8mm, Riemenbreite 25mm;;4,8;Y;10;2;0;30;35;25;25;Y;Y;N;0,03;3,5;2,5;2,5;8483508090
9027;A003-06;4283230315625;V007-TMT;Zahnriemenscheibe HTD 3M-24K-B14-15: Zähne 24, Typ K, Bohrung 14mm, Riemenbreite 15mm;;3,9;Y;10;4;0;20;25;25;25;Y;Y;N;0,02;2,5;2,5;2,5;8483508090
9026;J021-10;4283230315526;V007-TMT;Zahnriemenscheibe HTD 3M-24K-B12-15: Zähne 24, Typ K, Bohrung 12mm, Riemenbreite 15mm;;4,62;Y;12;4;0;200;25;25;25;Y;Y;N;0,22;2,5;2,5;2,5;8483508090
9025;B019-14;4283230315427;V007-TMT;Zahnriemenscheibe HTD 3M-24K-B10-15: Zähne 24, Typ K, Bohrung 10mm, Riemenbreite 15mm;;3,9;Y;21;12;0;20;25;25;25;Y;Y;N;0,02;2,5;2,5;2,5;8483508090
9024;A027-08;4283230315328;V007-TMT;Zahnriemenscheibe HTD 3M-24K-B8-15: Zähne 24, Typ K, Bohrung 8mm, Riemenbreite 15mm;;4,34;Y;8;4;0;20;25;25;25;Y;Y;N;0,02;2,5;2,5;2,5;8483508090
9023;B022-06;4283230315229;V007-TMT;Zahnriemenscheibe HTD 3M-24K-B6.35-15: Zähne 24, Typ K, Bohrung 6.35mm, Riemenbreite 15mm;;4,36;Y;13;9;0;30;25;25;25;Y;Y;N;0,03;2,5;2,5;2,5;8483508090
9022;A036-15;4283230315120;V007-TMT;Zahnriemenscheibe HTD 3M-24K-B6-15: Zähne 24, Typ K, Bohrung 6mm, Riemenbreite 15mm;;3,92;Y;20;2;0;30;25;25;25;Y;Y;N;0,03;2,5;2,5;2,5;8483508090
9021;A038-13;4283230315021;V007-TMT;Zahnriemenscheibe HTD 3M-24K-B5-15: Zähne 24, Typ K, Bohrung 5mm, Riemenbreite 15mm;;3,92;Y;14;0;0;30;25;25;25;Y;Y;N;0,03;2,5;2,5;2,5;8483508090
9020;E026-02;4283230314925;V007-TMT;Zahnriemenscheibe HTD 3M-72BF-B14-15: Zähne 72, Typ BF, Bohrung 14mm, Riemenbreite 15mm;;16,33;Y;0;0;0;210;73;73;30;Y;Y;N;0,21;7,3;7,3;3;8483508090
9019;F005-03;4283230314826;V007-TMT;Zahnriemenscheibe HTD 3M-72BF-B12-15: Zähne 72, Typ BF, Bohrung 12mm, Riemenbreite 15mm;;14,61;Y;7;7;0;220;73;73;30;Y;Y;N;0,22;7,3;7,3;3;8483508090
9018;F005-12;4283230314727;V007-TMT;Zahnriemenscheibe HTD 3M-72BF-B10-15: Zähne 72, Typ BF, Bohrung 10mm, Riemenbreite 15mm;;16,35;Y;15;6;0;220;73;73;30;Y;Y;N;0,22;7,3;7,3;3;8483508090
9017;F004-10;4283230314628;V007-TMT;Zahnriemenscheibe HTD 3M-72BF-B6.35-15: Zähne 72, Typ BF, Bohrung 6.35mm, Riemenbreite 15mm;;14,61;Y;6;2;0;220;73;73;30;Y;Y;N;0,22;7,3;7,3;3;8483508090
9016;E011-01;4283230314529;V007-TMT;Zahnriemenscheibe HTD 3M-60BF-B12-15: Zähne 60, Typ BF, Bohrung 12mm, Riemenbreite 15mm;;12,62;Y;0;0;0;160;62;62;30;Y;Y;N;0,16;6,2;6,2;3;8483508090
9015;E022-03;4283230314420;V007-TMT;Zahnriemenscheibe HTD 3M-60BF-B10-15: Zähne 60, Typ BF, Bohrung 10mm, Riemenbreite 15mm;;12,61;Y;0;0;0;150;62;62;29;Y;Y;N;0,15;6,2;6,2;2,9;8483508090
9014;E018-08;4283230314321;V007-TMT;Zahnriemenscheibe HTD 3M-60BF-B8-15: Zähne 60, Typ BF, Bohrung 8mm, Riemenbreite 15mm;;14,12;Y;0;0;0;150;62;62;28;Y;Y;N;0,15;6,2;6,2;2,8;8483508090
9013;E027-05;4283230314222;V007-TMT;Zahnriemenscheibe HTD 3M-60BF-B6.35-15: Zähne 60, Typ BF, Bohrung 6.35mm, Riemenbreite 15mm;;14,13;Y;12;2;0;160;62;62;28;Y;Y;N;0,16;6,2;6,2;2,8;8483508090
9012;E023-05;4283230314123;V007-TMT;Zahnriemenscheibe HTD 3M-60BF-B6-15: Zähne 60, Typ BF, Bohrung 6mm, Riemenbreite 15mm;;12,62;Y;11;2;0;160;62;62;28;Y;Y;N;0,16;6,2;6,2;2,8;8483508090
9011;E028-02;4283230314024;V007-TMT;Zahnriemenscheibe HTD 3M-60BF-B8-10: Zähne 60, Typ BF, Bohrung 8mm, Riemenbreite 10mm;;11,1;Y;5;4;0;130;63;63;25;Y;Y;N;0,13;6,3;6,3;2,5;8483508090
9010;E008-06;4283230313928;V007-TMT;Zahnriemenscheibe HTD 3M-60BF-B6.35-10: Zähne 60, Typ BF, Bohrung 6.35mm, Riemenbreite 10mm;;11,1;Y;8;0;0;130;62;62;25;Y;Y;N;0,13;6,2;6,2;2,5;8483508090
9009;A033-05;4283230313829;V007-TMT;Zahnriemenscheibe HTD 3M-48BF-B14-15: Zähne 48, Typ BF, Bohrung 14mm, Riemenbreite 15mm;;8,03;Y;2;2;0;100;48;48;29;Y;Y;N;0,1;4,8;4,8;2,9;8483508090
9008;F023-04;4283230313720;V007-TMT;Zahnriemenscheibe HTD 3M-48BF-B12-15: Zähne 48, Typ BF, Bohrung 12mm, Riemenbreite 15mm;;8,03;Y;0;0;0;100;48;48;28;Y;Y;N;0,1;4,8;4,8;2,8;8483508090
9007;J021-04;4283230313621;V007-TMT;Zahnriemenscheibe HTD 3M-48BF-B10-15: Zähne 48, Typ BF, Bohrung 10mm, Riemenbreite 15mm;;8,03;Y;6;6;0;100;48;48;29;Y;Y;N;0,1;4,8;4,8;2,9;8483508090
9006;F001-12;4283230313522;V007-TMT;Zahnriemenscheibe HTD 3M-48BF-B8-15: Zähne 48, Typ BF, Bohrung 8mm, Riemenbreite 15mm;;9,27;Y;3;0;0;100;48;48;29;Y;Y;N;0,1;4,8;4,8;2,9;8483508090
9005;A033-03;4283230313423;V007-TMT;Zahnriemenscheibe HTD 3M-48BF-B6.35-15: Zähne 48, Typ BF, Bohrung 6.35mm, Riemenbreite 15mm;;8,05;Y;0;0;0;110;48;48;29;Y;Y;N;0,11;4,8;4,8;2,9;8483508090
9004;F008-01;4283230313324;V007-TMT;Zahnriemenscheibe HTD 3M-48BF-B6-15: Zähne 48, Typ BF, Bohrung 6mm, Riemenbreite 15mm;;8,05;Y;10;2;0;110;48;48;48;Y;Y;N;0,11;4,8;4,8;4,8;8483508090
9003;A027-03;4283230313225;V007-TMT;Zahnriemenscheibe HTD 3M-45BF-B8-10: Zähne 45, Typ BF, Bohrung 8mm, Riemenbreite 10mm;;7,99;Y;2;0;0;70;48;48;22;Y;Y;N;0,07;4,8;4,8;2,2;8483508090
9002;A025-02;4283230313126;V007-TMT;Zahnriemenscheibe HTD 3M-40BF-B6.35-10: Zähne 40, Typ BF, Bohrung 6.35mm, Riemenbreite 10mm;;6,02;Y;16;0;0;50;40;40;22;Y;Y;N;0,05;4;4;2,2;8483508090
9001;A029-05;4283230313027;V007-TMT;Zahnriemenscheibe HTD 3M-32BF-B6.35-9: Zähne 32, Typ BF, Bohrung 6.35mm, Riemenbreite 9mm;;6,07;Y;17;2;0;30;32;32;20;Y;Y;N;0,03;3,2;3,2;2;8483508090
9000;A022-05;4283230312921;V007-TMT;Zahnriemenscheibe HTD 3M-28BF-B10-15: Zähne 28, Typ BF, Bohrung 10mm, Riemenbreite 15mm;;4,24;Y;1;0;0;30;29;29;26;Y;Y;N;0,03;2,9;2,9;2,6;8483508090
8999;A021-07;4283230312822;V007-TMT;Zahnriemenscheibe HTD 3M-28BF-B14-10: Zähne 28, Typ BF, Bohrung 14mm, Riemenbreite 10mm;;4,22;Y;11;4;0;20;30;30;23;Y;Y;N;0,02;3;3;2,3;8483508090
8998;A037-01;4283230312723;V007-TMT;Zahnriemenscheibe HTD 3M-28BF-B12-10: Zähne 28, Typ BF, Bohrung 12mm, Riemenbreite 10mm;;4,49;Y;16;0;0;20;29;29;21;Y;Y;N;0,02;2,9;2,9;2,1;8483508090
8997;A039-09;4283230312624;V007-TMT;Zahnriemenscheibe HTD 3M-28BF-B10-10: Zähne 28, Typ BF, Bohrung 10mm, Riemenbreite 10mm;;4,22;Y;14;7;0;20;30;30;23;Y;Y;N;0,02;3;3;2,3;8483508090
8996;E006-06;4283230312525;V007-TMT;Zahnriemenscheibe HTD 3M-28BF-B8-10: Zähne 28, Typ BF, Bohrung 8mm, Riemenbreite 10mm;;4,22;Y;40;28;0;20;29;29;21;Y;Y;N;0,02;2,9;2,9;2,1;8483508090
8995;A032-13;4283230312426;V007-TMT;Zahnriemenscheibe HTD 3M-28BF-B6.35-10: Zähne 28, Typ BF, Bohrung 6.35mm, Riemenbreite 10mm;;4,22;Y;12;6;0;20;30;30;21;Y;Y;N;0,02;3;3;2,1;8483508090
8994;A023-04;4283230312327;V007-TMT;Zahnriemenscheibe HTD 3M-28BF-B6-10: Zähne 28, Typ BF, Bohrung 6mm, Riemenbreite 10mm;;4,24;Y;0;0;0;30;30;30;21;Y;Y;N;0,03;3;3;2,1;8483508090
8993;A039-14;4283230312228;V007-TMT;Zahnriemenscheibe HTD 3M-28BF-B5-10: Zähne 28, Typ BF, Bohrung 5mm, Riemenbreite 10mm;;4,24;Y;13;4;0;30;28;28;21;Y;Y;N;0,03;2,8;2,8;2,1;8483508090
8992;A036-13;4283230312129;V007-TMT;Zahnriemenscheibe HTD 3M-26BF-B12-10: Zähne 26, Typ BF, Bohrung 12mm, Riemenbreite 10mm;;4,22;Y;1;0;0;20;27;27;21;Y;Y;N;0,02;2,7;2,7;2,1;8483508090
8991;A031-12;4283230312020;V007-TMT;Zahnriemenscheibe HTD 3M-25BF-B7-10: Zähne 25, Typ BF, Bohrung 7mm, Riemenbreite 10mm;;3,9;Y;11;0;0;20;26;26;21;Y;Y;N;0,02;2,6;2,6;2,1;8483508090
8990;A009-02;4283230311924;V007-TMT;Zahnriemenscheibe HTD 3M-24BF-B10-15: Zähne 24, Typ BF, Bohrung 10mm, Riemenbreite 15mm;;3,9;Y;14;15;0;20;27;26;26;Y;Y;N;0,02;2,7;2,6;2,6;8483508090
8989;B021-05;4283230311825;V007-TMT;Zahnriemenscheibe HTD 3M-24BF-B8-15: Zähne 24, Typ BF, Bohrung 8mm, Riemenbreite 15mm;;4,34;Y;21;12;0;20;26;26;26;Y;Y;N;0,02;2,6;2,6;2,6;8483508090
8988;A013-12;4283230311726;V007-TMT;Zahnriemenscheibe HTD 3M-24BF-B6.35-15: Zähne 24, Typ BF, Bohrung 6.35mm, Riemenbreite 15mm;;4,34;Y;16;12;0;20;27;27;27;Y;Y;N;0,02;2,7;2,7;2,7;8483508090
8987;A025-11;4283230311627;V007-TMT;Zahnriemenscheibe HTD 3M-24BF-B6-15: Zähne 24, Typ BF, Bohrung 6mm, Riemenbreite 15mm;;4,22;Y;7;0;0;20;26;26;26;Y;Y;N;0,02;2,6;2,6;2,6;8483508090
8986;B004-05;4283230311528;V007-TMT;Zahnriemenscheibe HTD 3M-24BF-B5-15: Zähne 24, Typ BF, Bohrung 5mm, Riemenbreite 15mm;;3,9;Y;7;0;0;20;26;26;26;Y;Y;N;0,02;2,6;2,6;2,6;8483508090
8985;B008-03;4283230311429;V007-TMT;Zahnriemenscheibe HTD 3M-20BF-B8-9: Zähne 20, Typ BF, Bohrung 8mm, Riemenbreite 9mm;;3,88;Y;6;5;0;10;22;22;20;Y;Y;N;0,01;2,2;2,2;2;8483508090
8984;B014-05;4283230311320;V007-TMT;Zahnriemenscheibe HTD 3M-20BF-B6-9: Zähne 20, Typ BF, Bohrung 6mm, Riemenbreite 9mm;;3,76;Y;15;7;0;10;22;22;20;Y;Y;N;0,01;2,2;2,2;2;8483508090
8983;B009-16;4283230311221;V007-TMT;Zahnriemenscheibe HTD 3M-30AF-B12-15: Zähne 30, Typ AF, Bohrung 12mm, Riemenbreite 15mm;;4,28;Y;17;8;0;30;33;33;20;Y;Y;N;0,03;3,3;3,3;2;8483508090
8982;B011-12;4283230311122;V007-TMT;Zahnriemenscheibe HTD 3M-30AF-B8-15: Zähne 30, Typ AF, Bohrung 8mm, Riemenbreite 15mm;;5,28;Y;16;16;0;30;33;33;20;Y;Y;N;0,03;3,3;3,3;2;8483508090
8981;A030-11;4283230311023;V007-TMT;Zahnriemenscheibe HTD 3M-18AF-B10-15: Zähne 18, Typ AF, Bohrung 10mm, Riemenbreite 15mm;;3,48;Y;12;12;0;10;20;20;19;Y;Y;N;0,01;2;2;1,9;8483508090
8980;A030-16;4283230310927;V007-TMT;Zahnriemenscheibe HTD 3M-18AF-B8-15: Zähne 18, Typ AF, Bohrung 8mm, Riemenbreite 15mm;;3,88;Y;24;15;0;10;20;20;19;Y;Y;N;0,01;2;2;1,9;8483508090
8979;A030-14;4283230310828;V007-TMT;Zahnriemenscheibe HTD 3M-18AF-B8-10: Zähne 18, Typ AF, Bohrung 8mm, Riemenbreite 10mm;;3,48;Y;13;6;0;10;20;20;15;Y;Y;N;0,01;2;2;1,5;8483508090
8978;A033-15;4283230310729;V007-TMT;Zahnriemenscheibe HTD 3M-18K-B8-15: Zähne 18, Typ K, Bohrung 8mm, Riemenbreite 15mm;;3,88;Y;19;17;0;10;26;26;20;Y;Y;N;0,01;2,6;2,6;2;8483508090
8977;A032-14;4283230310620;V007-TMT;Zahnriemenscheibe HTD 3M-18K-B8-10: Zähne 18, Typ K, Bohrung 8mm, Riemenbreite 10mm;;3,88;Y;14;8;0;10;21;21;20;Y;Y;N;0,01;2,1;2,1;2;8483508090
8976;A027-16;4283230310521;V007-TMT;Zahnriemenscheibe HTD 3M-15K-B8-15: Zähne 15, Typ K, Bohrung 8mm, Riemenbreite 15mm;;3,76;Y;34;29;0;10;25;25;18;Y;Y;N;0,01;2,5;2,5;1,8;8483508090
8975;A027-11;4283230310422;V007-TMT;Zahnriemenscheibe HTD 3M-15K-B6.35-15: Zähne 15, Typ K, Bohrung 6.35mm, Riemenbreite 15mm;;3,76;Y;33;22;0;10;25;25;18;Y;Y;N;0,01;2,5;2,5;1,8;8483508090
8974;A024-15;4283230310323;V007-TMT;Zahnriemenscheibe HTD 3M-15K-B6-15: Zähne 15, Typ K, Bohrung 6mm, Riemenbreite 15mm;;3,26;Y;13;12;0;10;25;25;18;Y;Y;N;0,01;2,5;2,5;1,8;8483508090
8973;A028-11;4283230310224;V007-TMT;Zahnriemenscheibe HTD 3M-15K-B8-10: Zähne 15, Typ K, Bohrung 8mm, Riemenbreite 10mm;;3,6;Y;39;21;0;10;21;21;16;Y;Y;N;0,01;2,1;2,1;1,6;8483508090
8972;A026-16;4283230310125;V007-TMT;Zahnriemenscheibe HTD 3M-15K-B6.35-10: Zähne 15, Typ K, Bohrung 6.35mm, Riemenbreite 10mm;;3,6;Y;11;6;0;10;21;21;16;Y;Y;N;0,01;2,1;2,1;1,6;8483508090
8971;A025-09;4283230310026;V007-TMT;Zahnriemenscheibe HTD 3M-15K-B6-10: Zähne 15, Typ K, Bohrung 6mm, Riemenbreite 10mm;;3,6;Y;7;7;0;10;20;20;16;Y;Y;N;0,01;2;2;1,6;8483508090
8970;A021-09;4283230309921;V007-TMT;Zahnriemenscheibe HTD 3M-15K-B5-10: Zähne 15, Typ K, Bohrung 5mm, Riemenbreite 10mm;;3,6;Y;13;12;0;10;20;20;18;Y;Y;N;0,01;2;2;1,8;8483508090
8969;A018-11;4283230309822;V007-TMT;Zahnriemenscheibe HTD 3M-15K-B4-10: Zähne 15, Typ K, Bohrung 4mm, Riemenbreite 10mm;;2,88;Y;3;0;0;10;20;20;16;Y;Y;N;0,01;2;2;1,6;8483508090
8968;A009-16;4283230309723;V007-TMT;Zahnriemenscheibe HTD 3M-12K-B5-15: Zähne 12, Typ K, Bohrung 5mm, Riemenbreite 15mm;;2,63;Y;13;6;0;10;25;25;15;Y;Y;N;0,01;2,5;2,5;1,5;8483508090
8967;A015-07;4283230309624;V007-TMT;Zahnriemenscheibe HTD 3M-12K-B6.35-10: Zähne 12, Typ K, Bohrung 6.35mm, Riemenbreite 10mm;;2,54;Y;0;0;0;10;20;15;15;Y;Y;N;0,01;2;1,5;1,5;8483508090
8966;A013-16;4283230309525;V007-TMT;Zahnriemenscheibe HTD 3M-12K-B6-10: Zähne 12, Typ K, Bohrung 6mm, Riemenbreite 10mm;;2,54;Y;12;6;0;10;20;15;15;Y;Y;N;0,01;2;1,5;1,5;8483508090
8965;A009-08;4283230309426;V007-TMT;Zahnriemenscheibe HTD 3M-12K-B5-10: Zähne 12, Typ K, Bohrung 5mm, Riemenbreite 10mm;;2,54;Y;9;7;0;10;20;14;14;Y;Y;N;0,01;2;1,4;1,4;8483508090
8964;A004-16;4283230309327;V007-TMT;Zahnriemenscheibe HTD 3M-12K-B4-10: Zähne 12, Typ K, Bohrung 4mm, Riemenbreite 10mm;;2,76;Y;12;5;0;10;20;20;14;Y;Y;N;0,01;2;2;1,4;8483508090
8963;E019-04;4283230309228;V007-TMT;Zahnriemenscheibe HTD 3M-80BF-B10-10: Zähne 80, Typ BF, Bohrung 10mm, Riemenbreite 10mm;;19,12;Y;8;7;0;210;81;81;25;Y;Y;N;0,22;8,1;8,1;2,5;8483508090
8962;E007-02;4283230309129;V007-TMT;Zahnriemenscheibe HTD 3M-72BF-B6-15: Zähne 72, Typ BF, Bohrung 6mm, Riemenbreite 15mm;;14,63;Y;4;0;0;220;74;74;30;Y;Y;N;0,23;7,4;7,4;3;8483508090
8961;G017-08;4283230309020;V007-TMT;Zahnriemenscheibe HTD 3M-72BF-B10-10: Zähne 72, Typ BF, Bohrung 10mm, Riemenbreite 10mm;;14,15;Y;0;0;0;170;74;74;25;Y;Y;N;0,17;7,4;7,4;2,5;8483508090
8960;H019-06;4283230308924;V007-TMT;Zahnriemenscheibe HTD 3M-60BF-B14-15: Zähne 60, Typ BF, Bohrung 14mm, Riemenbreite 15mm;;12,62;Y;8;4;0;150;62;62;28;Y;Y;N;0,16;6,2;6,2;2,8;8483508090
8959;E013-10;4283230308825;V007-TMT;Zahnriemenscheibe HTD 3M-60BF-B10-10: Zähne 60, Typ BF, Bohrung 10mm, Riemenbreite 10mm;;12,59;Y;15;6;0;130;63;63;25;Y;Y;N;0,14;6,3;6,3;2,5;8483508090
8958;H022-07;4283230308726;V007-TMT;Zahnriemenscheibe HTD 3M-48BF-B10-10: Zähne 48, Typ BF, Bohrung 10mm, Riemenbreite 10mm;;8,02;Y;19;0;0;90;49;49;25;Y;Y;N;0,09;4,9;4,9;2,5;8483508090
8957;E028-05;4283230308627;V007-TMT;Zahnriemenscheibe HTD 3M-40BF-B14-15: Zähne 40, Typ BF, Bohrung 14mm, Riemenbreite 15mm;;6,38;Y;12;14;0;60;43;43;28;Y;Y;N;0,07;4,3;4,3;2,8;8483508090
8956;B016-12;4283230308528;V007-TMT;Zahnriemenscheibe HTD 3M-40BF-B12-15: Zähne 40, Typ BF, Bohrung 12mm, Riemenbreite 15mm;;6,38;Y;7;6;0;70;43;43;28;Y;Y;N;0,07;4,3;4,3;2,8;8483508090
8955;B014-15;4283230308429;V007-TMT;Zahnriemenscheibe HTD 3M-40BF-B10-15: Zähne 40, Typ BF, Bohrung 10mm, Riemenbreite 15mm;;7,24;Y;13;8;0;50;40;40;27;Y;Y;N;0,05;4;4;2,7;8483508090
8954;E013-05;4283230308320;V007-TMT;Zahnriemenscheibe HTD 3M-40BF-B8-15: Zähne 40, Typ BF, Bohrung 8mm, Riemenbreite 15mm;;7;Y;15;9;0;70;42;42;28;Y;Y;N;0,07;4,2;4,2;2,8;8483508090
8953;B020-14;4283230308221;V007-TMT;Zahnriemenscheibe HTD 3M-40BF-B6-15: Zähne 40, Typ BF, Bohrung 6mm, Riemenbreite 15mm;;6,11;Y;2;0;0;60;41;41;27;Y;Y;N;0,07;4,1;4,1;2,7;8483508090
8952;B017-14;4283230308122;V007-TMT;Zahnriemenscheibe HTD 3M-40BF-B12.7-10: Zähne 40, Typ BF, Bohrung 12.7mm, Riemenbreite 10mm;;6,79;Y;0;0;0;50;43;43;21;Y;Y;N;0,05;4,3;4,3;2,1;8483508090
8951;B014-12;4283230308023;V007-TMT;Zahnriemenscheibe HTD 3M-40BF-B10-10: Zähne 40, Typ BF, Bohrung 10mm, Riemenbreite 10mm;;6,81;Y;14;10;0;60;42;42;25;Y;Y;N;0,06;4,2;4,2;2,5;8483508090
8950;F024-07;4283230307927;V007-TMT;Zahnriemenscheibe HTD 3M-40BF-B8-10: Zähne 40, Typ BF, Bohrung 8mm, Riemenbreite 10mm;;6,02;Y;17;9;0;50;41;41;22;Y;Y;N;0,05;4,1;4,1;2,2;8483508090
8949;B001-14;4283230307828;V007-TMT;Zahnriemenscheibe HTD 3M-36BF-B8-15: Zähne 36, Typ BF, Bohrung 8mm, Riemenbreite 15mm;;6,09;Y;0;0;0;50;36;36;28;Y;Y;N;0,06;3,6;3,6;2,8;8483508090
8948;B014-08;4283230307729;V007-TMT;Zahnriemenscheibe HTD 3M-30BF-B8-15: Zähne 30, Typ BF, Bohrung 8mm, Riemenbreite 15mm;;5,28;Y;22;22;0;30;31;31;26;Y;Y;N;0,03;3,1;3,1;2,6;8483508090
8947;D010-05;4283230307620;V007-TMT;Zahnriemenscheibe HTD 3M-30BF-B10-10: Zähne 30, Typ BF, Bohrung 10mm, Riemenbreite 10mm;;4,5;Y;220;200;0;20;31;31;21;Y;Y;N;0,03;3,1;3,1;2,1;8483508090
8946;B032-12;4283230307521;V007-TMT;Zahnriemenscheibe HTD 3M-20BF-B8-15: Zähne 20, Typ BF, Bohrung 8mm, Riemenbreite 15mm;;3,88;Y;42;23;0;10;26;26;22;Y;Y;N;0,01;2,6;2,6;2,2;8483508090
8945;B031-16;4283230307422;V007-TMT;Zahnriemenscheibe HTD 3M-20BF-B6.35-15: Zähne 20, Typ BF, Bohrung 6.35mm, Riemenbreite 15mm;;4,08;Y;11;10;0;10;26;26;22;Y;Y;N;0,01;2,6;2,6;2,2;8483508090
8944;B027-14;4283230307323;V007-TMT;Zahnriemenscheibe HTD 3M-20BF-B6-15: Zähne 20, Typ BF, Bohrung 6mm, Riemenbreite 15mm;;3,9;Y;7;4;0;10;26;26;22;Y;Y;N;0,02;2,6;2,6;2,2;8483508090
8943;B031-14;4283230307224;V007-TMT;Zahnriemenscheibe HTD 3M-20BF-B8-10: Zähne 20, Typ BF, Bohrung 8mm, Riemenbreite 10mm;;3,39;Y;29;28;0;10;22;22;22;Y;Y;N;0,01;2,2;2,2;2,2;8483508090
8942;H020-08;4283230307125;V007-TMT;Zahnriemenscheibe HTD 3M-20BF-B6.35-10: Zähne 20, Typ BF, Bohrung 6.35mm, Riemenbreite 10mm;;3,88;Y;110;100;0;10;22;22;22;Y;Y;N;0,01;2,2;2,2;2,2;8483508090
8941;B027-11;4283230307026;V007-TMT;Zahnriemenscheibe HTD 3M-20BF-B6-10: Zähne 20, Typ BF, Bohrung 6mm, Riemenbreite 10mm;;3,76;Y;11;7;0;10;22;22;21;Y;Y;N;0,01;2,2;2,2;2,1;8483508090
8940;B024-14;4283230306920;V007-TMT;Zahnriemenscheibe HTD 3M-20BF-B5-10: Zähne 20, Typ BF, Bohrung 5mm, Riemenbreite 10mm;;3,39;Y;11;17;0;10;22;22;21;Y;Y;N;0,01;2,2;2,2;2,1;8483508090
8938;G120-100730;4283230847126;;Kreismesser  - 1.4112 - G120 - glatt - unbeschriftet - F04 - K033333;;84,03;N;0;0;0;130;0;0;0;Y;N;N;0,13;0;0;0;8208300000
8937;G100-100729;4283230847225;;Kreismesser  - 1.4112 - G100 - glatt - unbeschriftet - F03 - K033333;;84,03;N;0;0;0;80;0;0;0;Y;N;N;0,08;0;0;0;8208300000
8936;G90-100728;4283230847423;;Kreismesser  - 1.4112 - G90 - glatt - unbeschriftet - F02 - K033333;;84,03;N;0;0;0;60;0;0;0;Y;N;N;0,06;0;0;0;8208300000
8935;G80-100727;4283230847324;;Kreismesser  - 1.4112 - G80 - glatt - unbeschriftet - F01 - K033333;;84,03;N;0;0;0;50;0;0;0;Y;N;N;0,05;0;0;0;8208300000
8934;0013-3101;4251840971029;;Kreismesser  - 1.4116 - 100Dz - gezahnt - 0013-3101  TZ100-D - B05 - K011111;;84,03;N;0;0;0;70;0;0;0;Y;N;N;0,07;0;0;0;8208300000
8933;Z120-100854;4283230846921;;Kreismesser  - 1.4112 - Z120 - gezahnt - EMINP-100854 - F04 - K033333;;12,2;N;0;0;0;130;0;0;0;Y;N;N;0,13;0;0;0;8208300000
8932;Z100-100852;4283230846822;;Kreismesser  - 1.4112 - Z100 - gezahnt - EMINP-100852 - F03 - K033333;;10,3;N;0;0;0;80;0;0;0;Y;N;N;0,08;0;0;0;8208300000
8931;Z90-100850;4283230846723;;Kreismesser  - 1.4112 - Z90 - gezahnt - EMINP-100850 - F02 - K033333;;8,9;N;0;0;0;60;0;0;0;Y;N;N;0,06;0;0;0;8208300000
8930;Z80-100848;4283230846624;;Kreismesser  - 1.4112 - Z80 - gezahnt - EMINP-100848 - F01 - K033333;;7,6;N;0;0;0;50;0;0;0;Y;N;N;0,05;0;0;0;8208300000
8929;D05.22.00;4283230846525;;Litze SIF 0.5mm² SCHWARZ: 8cm lang, Silikonisolierung, feinardig, flexibel, Enden: Aderendhülse weiß 8mm verzinnt, VPE 500 Stk;;57;N;0;0;0;0;0;0;0;Y;N;N;0;0;0;0;8544499390
8928;D05.21.00;4283230846426;;Litze SIF 0.5mm² GRÜN: 8cm lang, Silikonisolierung, feinardig, flexibel, Enden: Aderendhülse 8mm verzinnt, VPE 500 Stk;;57;N;0;0;0;0;0;0;0;Y;N;N;0;0;0;0;8544499390
8927;D05.20.00;4283230846327;;Litze SIF 0.5mm² ROT: 8cm lang, Silikonisolierung, feinardig, flexibel, Enden: Aderendhülse 8mm verzinnt, VPE 500 Stk;;57;N;0;0;0;0;0;0;0;Y;N;N;0;0;0;0;8544499390
8926;0013-4082;4251840907547;;Kreismesser  - 1.4116 - 80Pk - Kerben - 0013-4082  TK80-P - B01 - K011111;;84,03;N;0;0;0;50;0;0;0;Y;N;N;0,05;0;0;0;8208300000
8925;0012-0030;4283230846129;;DIN660 Ø3*20mm Bolzen mit Nut Ø2.3*0.65mm Edelstahl K011111;;0,2;N;0;0;0;0;0;0;0;Y;N;N;0;0;0;0;7318156290
8924;0080-4121;4283230165626;;Kreismesser  - 1.4112 - Z120 - gezahnt - 0080-4121  TZ120-P - P06 - K011111;;84,03;N;0;0;0;130;0;0;0;Y;N;N;0,13;0;0;0;8208300000
8923;0080-4120;4283230165527;;Kreismesser  - 1.4112 - G120 - glatt - 0080-4120  TG120-P - P06 - K011111;;84,03;N;0;0;0;130;0;0;0;Y;N;N;0,13;0;0;0;8208300000
8922;L011-05;4283230846020;V017-TEW;Kabelverschraubung Knickschutz, Kunststoff schwarz, M20 x 1.5, Menge 1 Stk;;1,82;Y;49;34;0;20;91;26;26;Y;Y;N;0,02;9,1;2,6;2,6;8487909090
8921;4,28323E+12;4283230847522;;Kreismesser  - 1.4112 - 80U - glatt - GT Premium - P01 - GT;;12;Y;0;0;0;50;0;0;0;Y;N;N;0,05;0;0;0;8208300000
8920;J026-01;4283230856821;V007-TMT;Zahnriemenscheibe 2GT-30BF-B6-10: Zähne 30, Typ BF, Bohrung 6mm, Riemenbreite 10mm;;3,39;Y;17;10;0;10;21;21;21;Y;Y;N;0,01;2,1;2,1;2,1;8483508090
8917;H012-09;4283230856623;V223-TMS;Blind- Nietmuttern M12x24mm, VPE Menge 2 Stk;;3,24;Y;10;0;0;220;37;23;19;Y;N;Y;0,24;3,7;2,3;1,9;7318156290
8916;B008-15;4283230856524;V223-TMS;Blind- Nietmuttern M10x12.8x21mm Flansch Ø17x1.7mm, VPE Menge 2 Stk;;1,85;Y;3;0;0;20;30;22;16;Y;N;Y;0,02;3;2,2;1,6;7318156290
8915;B035-15;4283230856425;V223-TMS;Blind- Nietmuttern M8x10.9x18mm Flansch Ø15x1.4mm, VPE Menge 5 Stk;;2,23;Y;10;0;0;30;43;36;15;Y;N;Y;0,03;4,3;3,6;1,5;7318156290
8914;B009-15;4283230856326;V223-TMS;Blind- Nietmuttern M6x8.9x15mm Flansch Ø13x1.3mm, VPE Menge 10 Stk;;3,05;Y;9;0;0;40;80;60;13;Y;N;Y;0,04;8;6;1,3;7318156290
8913;B006-15;4283230856227;V223-TMS;Blind- Nietmuttern M5x6.9x13mm Flansch Ø10x1mm VPE Menge 10 Stk;;2,83;Y;8;0;0;40;13;10;10;Y;N;Y;0,04;1,3;1;1;7318156290
8912;B007-15;4283230856128;V223-TMS;Blind- Nietmuttern M4x5.9x11mm Flansch Ø9x1mm, VPE Menge 10 Stk;;2,26;Y;12;0;0;40;11;9;9;Y;N;Y;0,04;1,1;0,9;0,9;7318156290
8911;A029-09;4283230856029;V223-TMS;Blind- Nietmuttern M3, VPE Menge 10 Stk;;3,64;Y;3;0;0;40;9;7;7;Y;N;Y;0,06;0,9;0,7;0,7;7318156290
8909;C014-06;4283230467928;V271-TLE;Netzteil AC-DC im Gehäuse 12Vdc 100W;;27,72;Y;1;0;0;470;250;75;25;Y;N;N;0,5;25;7,5;2,5;8504403000
8908;L001-03;4283230467423;V225-TLE;DC-DC Wandler offen Buck 4-30Vin 2-30Vout 8A;;9,24;Y;5;0;0;80;60;51;20;Y;N;N;0,08;6;5,1;2;8504403000
8907;Z120-100777;4283230949028;;Kreismesser   - 1.4112 - Z120 - gezahnt - POTIS MT12030 - F04 - K033333;;12,2;N;0;0;0;130;0;0;0;Y;N;N;0,13;0;0;0;8208300000
8906;G120-100775;4283230948922;;Kreismesser  - 1.4112 - G120 - glatt - POTIS MT12020 - F04 - K033333;;84,03;N;0;0;0;130;0;0;0;Y;N;N;0,13;0;0;0;8208300000
8905;G120-100822;4283230948823;;Kreismesser  - 1.4112 - G120 - glatt - EMINP-100822 - F04 - K033333;;84,03;N;0;0;0;130;0;0;0;Y;N;N;0,13;0;0;0;8208300000
8904;G100-100820;4283230948724;;Kreismesser  - 1.4112 - G100 - glatt - EMINP-100820 - F03 - K033333;;84,03;N;0;0;0;80;0;0;0;Y;N;N;0,08;0;0;0;8208300000
8903;G90-100818;4283230948625;;Kreismesser  - 1.4112 - G90 - glatt - EMINP-100818 - F02 - K033333;;84,03;N;0;0;0;60;0;0;0;Y;N;N;0,06;0;0;0;8208300000
8902;G80-100816;4283230948526;;Kreismesser  - 1.4112 - G80 glatt - EMINP-100816 - F01 - K033333;;84,03;N;0;0;0;50;0;0;0;Y;N;N;0,05;0;0;0;8208300000
8901;Z120-100500;4283230948427;;Kreismesser  - 1.4112 - Z120 - gezahnt - UYAR-100500 - F04 - K033333;;12,2;N;0;0;0;130;0;0;0;Y;N;N;0,13;0;0;0;8208300000
8900;Z100-100499;4283230948328;;Kreismesser  - 1.4112 - Z100 - gezahnt - UYAR-100499 - F03 - K033333;;10,3;N;0;0;0;80;0;0;0;Y;N;N;0,08;0;0;0;8208300000
8899;Z90-100498;4283230948229;;Kreismesser  - 1.4112 - Z90 - gezahnt - UYAR-100498 - F02 - K033333;;8,9;N;0;0;0;60;0;0;0;Y;N;N;0,06;0;0;0;8208300000
8898;Z80-100497;4283230857927;;Kreismesser  - 1.4112 - Z80 - gezahnt - UYAR-100497 - F01 - K033333;;7,6;N;0;0;0;50;0;0;0;Y;N;N;0,05;0;0;0;8208300000
8897;GT120-100496;4283230857828;;Kreismesser  - 1.4112 - GT120 - Teflon - UYAR-100496 - F04 - K033333;;84,03;N;0;0;0;130;0;0;0;Y;N;N;0,13;0;0;0;8208300000
8896;GT100-100495;4283230857729;;Kreismesser  - 1.4112 - GT100 - Teflon - UYAR-100495 - F03 - K033333;;84,03;N;0;0;0;80;0;0;0;Y;N;N;0,08;0;0;0;8208300000
8895;GT90-100485;4283230857620;;Kreismesser  - 1.4112 - GT90 - Teflon - UYAR-100485 - F02 - K033333;;84,03;N;0;0;0;60;0;0;0;Y;N;N;0,06;0;0;0;8208300000
8894;GT80-100484;4283230857521;;Kreismesser  - 1.4112 - GT80 - Teflon - UYAR-100484 - F01 - K033333;;84,03;N;0;0;0;50;0;0;0;Y;N;N;0,05;0;0;0;8208300000
8893;G120-100696;4283230857422;;Kreismesser  - 1.4112 - G120 - glatt - UYAR-100696 - F04 - K033333;;84,03;N;0;0;0;130;0;0;0;Y;N;N;0,13;0;0;0;8208300000
8892;G100-100695;4283230857323;;Kreismesser  - 1.4112 - G100 - glatt - UYAR-100695 - F03 - K033333;;84,03;N;0;0;0;80;0;0;0;Y;N;N;0,08;0;0;0;8208300000
8877;I001-04;4283230949325;;Kreismesser  - 1.4112 - 120T - glatt - GT Premium - P05 - GT;;16,5;Y;50;0;0;100;155;140;20;Y;N;N;0,12;15,5;14;2;8208300000
8876;4,28323E+12;4283230949226;;Kreismesser  - 1.4112 - 140T - glatt - GT Premium - B07 - GT;;23;Y;0;0;0;140;0;0;0;Y;N;N;0,14;0;0;0;8208300000
8874;4,28323E+12;4283230960825;;Kreismesser  - 1.4112 - 100T - glatt - GT Premium - P05 - GT;;14,5;Y;0;0;0;80;0;0;0;Y;N;N;0,08;0;0;0;8208300000
8873;4,28323E+12;4283230847928;;Kreismesser  - 1.4112 - 140P - glatt - GT Premium - B07 - GT;;23;Y;0;0;0;150;0;0;0;Y;N;N;0,15;0;0;0;8208300000
8872;4,28323E+12;4283230950420;;Kreismesser  - 1.4112 - 120Dz - gezahnt - GT Premium - P05 - GT;;17,9;Y;0;0;0;100;150;140;3;Y;N;N;0,11;15;14;0,3;8208300000
8871;4,28323E+12;4283230950321;;Kreismesser  - 1.4112 - 120D - glatt - GT Premium - P05 - GT;;16,5;Y;0;0;0;130;0;0;0;Y;N;N;0,13;0;0;0;8208300000
8870;4,28323E+12;4283230950222;;Kreismesser  - 1.4112 - 100D - glatt - GT Premium - P05 - GT;;14,5;Y;0;0;0;80;155;140;20;Y;N;N;0,08;15,5;14;2;8208300000
8869;4,28323E+12;4283230950123;;Kreismesser  - 1.4116 - 120Uz - gezahnt - GT Classic - B03 - GT;;16;Y;0;0;0;130;0;0;0;Y;N;N;0,13;0;0;0;8208300000
8868;I009-01;4283230950024;;Kreismesser  - 1.4116 - 120U - glatt - GT Classic - B03 - GT;;14;Y;173;44;0;130;0;0;0;Y;N;N;0,13;0;0;0;8208300000
8867;4,28323E+12;4283230949929;;Kreismesser  - 1.4112 - 120Uz - gezahnt - GT Premium - P03 - GT;;17,9;Y;0;0;0;120;0;0;0;Y;N;N;0,12;0;0;0;8208300000
8866;4,28323E+12;4283230949820;;Kreismesser  - 1.4112 - 90Uz - gezahnt - GT Premium - P02 - GT;;14,4;Y;0;0;0;60;0;0;0;Y;N;N;0,06;0;0;0;8208300000
8836;A038-03;4283230827326;V260-TEW;Steckverbinder 2EDGRCM-7.62 PCB-Montage Leiterplatten-Stiftleiste 90° gewinkelt 3-Pin MÄNNLICH schraubbar;;1,01;Y;6;0;0;0;33;12;12;Y;N;N;0;3,3;1,2;1,2;8536901000
8834;D011-06;4283230467720;V271-TLE;Netzteil AC-DC im Gehäuse 12Vdc 80W;;25,37;Y;1;0;0;330;250;75;25;Y;N;N;0,34;25;7,5;2,5;8504403000
8824;A037-12;4283230471826;V113-TMT;Motorhalter flach 42er Motor für Aluprofil 2040, schwarz;;3,11;Y;13;11;0;20;61;42;4;Y;Y;N;0,02;6,1;4,2;0,4;8466102000
8802;F014-05;4283230471727;V132-TES;Industrieschalter XB2 ZB2 EINZELTEIL Verriegelungsmodul Umstellung Taster SELBSTRÜCKSTELLUND zu Schalter RASTEND;;3,32;Y;54;2;0;10;30;25;16;Y;Y;N;0,01;3;2,5;1,6;8536500700
8801;C010-03;4283230471628;V132-TES;Industrieschalter XB2 ZB2 EINZELTEIL Montagesockel Zinkguss;;1,73;Y;942;7;0;20;40;30;11;Y;Y;N;0,02;4;3;1,1;8536500700
8800;F024-01;4283230471529;V132-TES;Industrieschalter XB2 ZB2 EINZELTEIL Drucktaster SELBSTRÜCKSTELLEND grün EIN;;4,11;Y;6;2;0;30;29;29;26;Y;Y;N;0,03;2,9;2,9;2,6;8536500700
8799;F004-07;4283230471420;V132-TES;Industrieschalter XB2 ZB2 EINZELTEIL Drucktaster SELBSTRÜCKSTELLEND weiß, schwarzer Pfeil;;3,09;Y;28;0;0;30;29;29;27;Y;Y;N;0,03;2,9;2,9;2,7;8536500700
8798;F004-03;4283230471321;V132-TES;Industrieschalter XB2 ZB2 EINZELTEIL Drucktaster SELBSTRÜCKSTELLEND schwarz, weißer Pfeil;;3,09;Y;18;0;0;30;29;29;27;Y;Y;N;0,03;2,9;2,9;2,7;8536500700
8797;TES-4283230471222;4283230471222;V132-TES;Industrieschalter XB2 ZB2 EINZELTEIL Drehschalter 3 Schaltzustände SELBSTRÜCKSTELLEND rot;;2,68;Y;0;0;0;40;45;29;29;Y;Y;N;0,04;4,5;2,9;2,9;8536500700
8796;F026-05;4283230471123;V132-TES;Industrieschalter XB2 ZB2 EINZELTEIL Drehschalter 3 Schaltzustände SELBSTRÜCKSTELLEND;;2,68;Y;7;2;0;40;45;29;29;Y;Y;N;0,04;4,5;2,9;2,9;8536500700
8795;F017-01;4283230471024;V132-TES;Industrieschalter XB2 ZB2 EINZELTEIL Drehschalter 2 Schaltzustände SELBSTRÜCKSTELLEND;;2,68;Y;10;2;0;40;42;29;29;Y;Y;N;0,04;4,2;2,9;2,9;8536500700
8794;TES-4283230470928;4283230470928;V132-TES;Industrieschalter XB2 ZB2 EINZELTEIL Schlüsselschalter 3 Schaltzustände SELBSTRÜCKSTELLEND;;4,55;Y;0;0;0;60;38;29;29;Y;Y;N;0,06;3,8;2,9;2,9;8536500700
8793;F025-05;4283230470829;V132-TES;Industrieschalter XB2 ZB2 EINZELTEIL Schlüsselschalter 2 Schaltzustände SELBSTRÜCKSTELLEND;;4,55;Y;5;2;0;60;38;29;29;Y;Y;N;0,06;3,8;2,9;2,9;8536500700
8792;F022-11;4283230470720;V132-TES;Industrieschalter XB2 ZB2 EINZELTEIL Schlüsselschalter 3 Schaltzustände RASTEND;;4,56;Y;9;2;0;60;35;29;29;Y;Y;N;0,07;3,5;2,9;2,9;8536500700
8791;F018-03;4283230470621;V132-TES;Industrieschalter XB2 ZB2 EINZELTEIL Schlüsselschalter 2 Schaltzustände RASTEND;;4,55;Y;20;2;0;60;38;29;29;Y;Y;N;0,06;3,8;2,9;2,9;8536500700
8790;F012-04;4283230470522;V132-TES;Industrieschalter XB2 ZB2 EINZELTEIL Pilzdrucktaster groß Ø60mm SELBSTRÜCKSTELLEND schwarz;;4,95;Y;7;2;0;50;60;60;46;Y;Y;N;0,05;6;6;4,6;8536500700
8789;C006-01;4283230470423;V132-TES;Industrieschalter XB2 ZB2 EINZELTEIL Pilzdrucktaster groß Ø60mm SELBSTRÜCKSTELLEND rot;;4,06;Y;35;2;0;50;60;60;45;Y;Y;N;0,05;6;6;4,5;8536500700
8788;C014-07;4283230470324;V132-TES;Industrieschalter XB2 ZB2 EINZELTEIL Pilzdrucktaster groß Ø60mm SELBSTRÜCKSTELLEND grün;;4,07;Y;41;2;0;50;60;60;46;Y;Y;N;0,05;6;6;4,6;8536500700
8787;F019-02;4283230470225;V132-TES;Industrieschalter XB2 ZB2 EINZELTEIL EIN-AUS, SELBSTRÜCKSTELLEND;;3,99;Y;15;0;0;50;42;30;29,7;Y;Y;N;0,05;4,2;3;2,97;8536500700
8786;F005-06;4283230470126;V132-TES;Industrieschalter XB2 ZB2 EINZELTEIL Not-Aus Schalter Ø40mm Drehverriegelung GELB;;3,13;Y;10;0;0;50;47;40;40;Y;Y;N;0,05;4,7;4;4;8536500700
8785;F008-02;4283230470027;V132-TES;Industrieschalter XB2 ZB2 EINZELTEIL Not-Aus Schalter Ø40mm Drehverriegelung SCHWARZ;;3,13;Y;9;0;0;50;46;40;40;Y;Y;N;0,05;4,6;4;4;8536500700
8784;F011-05;4283230469922;V132-TES;Industrieschalter XB2 ZB2 EINZELTEIL Not-Aus SCHLÜSSEL Schalter Ø40mm Drehverriegelung rot;;4,56;Y;18;2;0;70;46;40;40;Y;Y;N;0,07;4,6;4;4;8536500700
8783;F017-08;4283230469823;V132-TES;Industrieschalter XB2 ZB2 EINZELTEIL Not-Aus Schalter Ø40mm ZUGENTRIEGELUNG rot;;4,56;Y;15;0;0;60;44;40;40;Y;Y;N;0,07;4,4;4;4;8536500700
8782;G007-08;4283230469724;V132-TES;Industrieschalter XB2 ZB2 EINZELTEIL Not-Aus Schalter klein Drehverriegelung rot;;4,53;Y;26;2;0;40;47;30;30;Y;Y;N;0,05;4,7;3;3;8536500700
8781;H002-02;4283230469625;V132-TES;Industrieschalter XB2 ZB2 EINZELTEIL Not-Aus Schalter groß Ø60mm Drehverriegelung rot;;4,21;Y;45;2;0;50;59;59;47;Y;Y;N;0,06;5,9;5,9;4,7;8536500700
8779;G015-03;4283230469427;V214-TMS;Rändelschraube M3x4.5mm Kopf Ø7.5mm;;0,66;Y;1991;0;0;0;13;7;7;Y;N;N;0;1,3;0,7;0,7;7318156290
8778;G011-05;4283230469328;V214-TMS;Rändelmutter M4x10x9mm Sackloch 7.5mm tief;;1,58;Y;860;0;0;10;10;10;9;Y;N;N;0,01;1;1;0,9;7318156290
8769;TLE-4283230468628;4283230468628;V271-TLE;Netzteil AC-DC im Gehäuse 24Vdc 400W;;72,68;Y;0;0;0;0;0;0;0;N;N;N;0;0;0;0;8504403000
8768;TLE-4283230468529;4283230468529;V271-TLE;Netzteil AC-DC im Gehäuse 12Vdc 400W;;72,68;Y;0;0;0;0;0;0;0;N;N;N;0;0;0;0;8504403000
8767;TLE-4283230468420;4283230468420;V271-TLE;Netzteil AC-DC im Gehäuse 24Vdc 250W;;50,66;Y;0;0;0;0;0;0;0;N;N;N;0;0;0;0;8504403000
8766;TLE-4283230468321;4283230468321;V271-TLE;Netzteil AC-DC im Gehäuse 12Vdc 250W;;50,66;Y;0;0;0;0;0;0;0;N;N;N;0;0;0;0;8504403000
8765;TLE-4283230468222;4283230468222;V271-TLE;Netzteil AC-DC im Gehäuse 24Vdc 150W;;36,8;Y;0;0;0;0;0;0;0;N;N;N;0;0;0;0;8504403000
8764;TLE-4283230468123;4283230468123;V271-TLE;Netzteil AC-DC im Gehäuse 12Vdc 150W;;36,8;Y;0;0;0;0;0;0;0;N;N;N;0;0;0;0;8504403000
8763;TLE-4283230468024;4283230468024;V271-TLE;Netzteil AC-DC im Gehäuse 24Vdc 100W;;29,91;Y;0;0;0;0;0;0;0;N;N;N;0;0;0;0;8504403000
8762;TLE-4283230467829;4283230467829;V271-TLE;Netzteil AC-DC im Gehäuse 24Vdc 80W;;25,37;Y;0;0;0;0;0;0;0;N;N;N;0;0;0;0;8504403000
8761;TLE-4283230467621;4283230467621;V271-TLE;Netzteil AC-DC im Gehäuse 24Vdc 60W;;24,19;Y;0;0;0;0;0;0;0;N;N;N;0;0;0;0;8504403000
8760;L010-02;4283230467522;V271-TLE;Netzteil AC-DC im Gehäuse 12Vdc 60W;;24,19;Y;2;0;0;260;180;65;25;Y;N;N;0,27;18;6,5;2,5;8504403000
8758;J008-11;4283230467324;V225-TLE;DC-DC Wandler offen Buck 6-40Vin 2-35Vout 15A;;13,86;Y;3;0;0;90;60;54;31;Y;N;N;0,09;6;5,4;3,1;8504403000
8757;TLE-4283230467225;4283230467225;V225-TLE;DC-DC Wandler offen Buck 4-40Vin 2-36Vout 5A;;6,13;Y;0;0;0;50;60;40;28;N;N;N;0,05;6;4;2,8;8504403000
8756;F021-04;4283230467126;V225-TLE;DC-DC Wandler offen mit Abdeckung Buck 8-60Vin 2-36Vout 10A;;15,62;Y;4;0;0;80;72;39;30;Y;N;N;0,08;7,2;3,9;3;8504403000
8752;H012-08;4283230466921;V289-TMT;Motorbremse power-off 86mm NEMA34 24V;;58,44;Y;3;0;0;740;85;85;45;Y;N;N;0,78;8,5;8,5;4,5;8501109958
8751;H013-04;4283230466822;V289-TMT;Motorbremse power-off 57mm NEMA23 24V;;46,31;Y;1;0;0;400;70;70;35;Y;N;N;0,4;7;7;3,5;8501109958
8750;F023-10;4283230466723;V289-TMT;Motorbremse power-off 42mm NEMA17 24V;;42,93;Y;1;0;0;190;70;70;30;Y;N;N;0,19;7;7;3;8501109958
8746;B013-07;4283230466426;V012-TMT;Trapezgewindemutter T6x1x6, POM;;2,17;Y;7;6;1;10;22;22;15;Y;Y;N;0,01;2,2;2,2;1,5;7318156290
8745;B026-15;4283230466327;V012-TMT;Trapezgewindemutter T6x2x12, POM;;1,88;Y;31;23;1;10;22;22;15;Y;Y;N;0,01;2,2;2,2;1,5;7318156290
8741;I024-04;4283230465924;V012-TMT;Trapezgewindespindel T6x1x1-550, 304 Edelstahl V2A;;14,43;Y;13;7;0;100;550;6;6;Y;Y;N;0,11;55;0,6;0,6;7318156290
8740;I021-03;4283230465825;V012-TMT;Trapezgewindespindel T6x1x6-550, 304 Edelstahl V2A;;14,43;Y;9;4;0;100;550;6;6;Y;Y;N;0,11;55;0,6;0,6;7318156290
8739;T003-03;4283230465726;V012-TMT;Trapezgewindespindel T6x2x12-550, 304 Edelstahl V2A;;16,68;Y;9;0;0;90;550;6;6;Y;Y;N;0,09;55;0,6;0,6;7318156290
8737;B012-16;4283230465627;;Trapezgewindemutter T12x2x4, Messing;;6,62;Y;12;11;0;60;36;36;24;Y;Y;N;0,06;3,6;3,6;2,4;7318156290
8736;I020-01;4283230465528;;Trapezgewindespindel T12x2x4-600;;13,28;Y;7;4;0;460;600;12;12;Y;Y;N;0,48;60;1,2;1,2;7318156290
8735;I034-04;4283230465429;;Trapezgewindespindel T12x2x4-800;;17,56;Y;0;0;0;610;800;12;12;Y;Y;N;0,64;80;1,2;1,2;7318156290
8734;I027-04;4283230465320;;Trapezgewindespindel T12x2x4-1000;;20,41;Y;4;0;0;760;1000;12;12;Y;Y;N;0,8;100;1,2;1,2;7318156290
8732;E028-12;4283230465221;;Trapezgewindemutter T10x2x8, Messing;;4,84;Y;27;12;0;40;32;32;19;Y;Y;N;0,04;3,2;3,2;1,9;7318156290
8731;T009-02;4283230465122;;Trapezgewindespindel T10x2x8-550;;10,14;Y;0;0;0;270;550;10;10;Y;Y;N;0,28;55;1;1;7318156290
8730;D002-07;4283230465023;;Trapezgewindespindel T10x2x8-300;;6,84;Y;12;6;0;150;300;10;10;Y;Y;N;0,16;30;1;1;7318156290
8729;B009-11;4283230464927;;Trapezgewindemutter T10x2x4, Messing;;4,84;Y;15;15;0;40;32;32;19;Y;Y;N;0,04;3,2;3,2;1,9;7318156290
8728;T006-02;4283230464828;;Trapezgewindespindel T10x2x4-550;;10,1;Y;8;7;0;250;550;10;10;Y;Y;N;0,26;55;1;1;7318156290
8727;D008-04;4283230464729;;Trapezgewindespindel T10x2x4-300;;6,84;Y;9;7;0;150;300;10;10;Y;Y;N;0,16;30;1;1;7318156290
8726;B009-09;4283230464620;;Trapezgewindemutter T10x2x2, Messing;;4,84;Y;37;23;0;40;32;32;19;Y;Y;N;0,04;3,2;3,2;1,9;7318156290
8725;T004-02;4283230464521;;Trapezgewindespindel T10x2x2-550;;10,21;Y;8;6;0;300;550;10;10;Y;Y;N;0,32;55;1;1;7318156290
8724;D012-07;4283230464422;;Trapezgewindespindel T10x2x2-300;;6,84;Y;15;10;0;150;300;10;10;Y;Y;N;0,16;30;1;1;7318156290
8722;E025-12;4283230464323;;Trapezgewindemutter T16x4x8, Messing;;7,69;Y;8;6;0;80;40;40;28;Y;Y;N;0,09;4;4;2,8;7318156290
8721;I045-03;4283230464224;;Trapezgewindespindel T16x4x8-1000;;33,19;Y;0;0;0;1200;1000;16;16;Y;Y;N;1,26;100;1,6;1,6;7318156290
8720;H010-02;4283230464125;;Trapezgewindemutter T16x4x4, Messing;;8,34;Y;66;54;0;80;40;40;28;Y;Y;N;0,09;4;4;2,8;7318156290
8719;T007-03;4283230464026;;Trapezgewindespindel T16x4x4-600;;20,31;Y;11;10;0;700;600;16;16;Y;Y;N;0,74;60;1,6;1,6;7318156290
8718;I019-03;4283230463920;;Trapezgewindespindel T16x4x4-850;;26,41;Y;0;0;0;1000;850;16;16;Y;Y;N;1,05;85;1,6;1,6;7318156290
8717;I035-02;4283230463821;;Trapezgewindespindel T16x4x4-1000;;30,95;Y;5;4;0;1150;1000;16;16;Y;Y;N;1,21;100;1,6;1,6;7318156290
8671;TEW-4283230459428;4283230459428;V263-TEW;Steckverbinder M12 Leitung 12-Loch WEIBLICH Zuleitung 2m, 12-polig  90° gewinkelt;;47,98;Y;0;0;1;110;140;130;15;N;N;N;0,11;14;13;1,5;8536901000
8670;TEW-4283230459329;4283230459329;V263-TEW;Steckverbinder M12 Leitung 8-Loch WEIBLICH Zuleitung 2m, 8-polig  90° gewinkelt;;17,82;Y;0;0;1;110;140;130;15;N;N;N;0,11;14;13;1,5;8536901000
8669;TEW-4283230459220;4283230459220;V263-TEW;Steckverbinder M12 Leitung 5-Loch WEIBLICH Zuleitung 2m, 5-polig  90° gewinkelt;;8,58;Y;0;0;1;110;140;130;15;N;N;N;0,11;14;13;1,5;8536901000
8668;TEW-4283230459121;4283230459121;V263-TEW;Steckverbinder M12 Leitung 4-Loch WEIBLICH Zuleitung 2m, 4-polig  90° gewinkelt;;7,93;Y;0;0;1;110;140;130;15;N;N;N;0,11;14;13;1,5;8536901000
8667;TEW-4283230459022;4283230459022;V263-TEW;Steckverbinder M12 Leitung 12-Pin MÄNNLICH Zuleitung 2m, 12-polig  90° gewinkelt;;47,99;Y;0;0;0;100;144;121;17;N;N;N;0,11;14,4;12,1;1,7;8536901000
8666;TEW-4283230458926;4283230458926;V263-TEW;Steckverbinder M12 Leitung 8-Pin MÄNNLICH  Zuleitung 2m, 8-polig  90° gewinkelt;;17,83;Y;0;0;0;100;144;121;17;N;N;N;0,11;14,4;12,1;1,7;8536901000
8665;E023-08;4283230458827;V263-TEW;Steckverbinder M12 Leitung 5-Pin MÄNNLICH Zuleitung 2m, 5-polig  90° gewinkelt;;8,58;Y;2;0;0;110;140;130;15;Y;N;N;0,11;14;13;1,5;8536901000
8664;TEW-4283230458728;4283230458728;V263-TEW;Steckverbinder M12 Leitung 4-Pin MÄNNLICH Zuleitung 2m, 4-polig  90° gewinkelt;;7,93;Y;0;0;0;110;140;130;15;N;N;N;0,11;14;13;1,5;8536901000
8663;TEW-4283230458629;4283230458629;V263-TEW;Steckverbinder M12 Leitung 12-Loch WEIBLICH Zuleitung 2m, 12-polig gerade;;47,99;Y;0;0;0;100;144;121;17;N;N;N;0,11;14,4;12,1;1,7;8536901000
8662;TEW-4283230458520;4283230458520;V263-TEW;Steckverbinder M12 Leitung 8-Loch WEIBLICH Zuleitung 2m, 8-polig gerade;;17,83;Y;0;0;0;100;144;121;17;N;N;N;0,11;14,4;12,1;1,7;8536901000
8661;TEW-4283230458421;4283230458421;V263-TEW;Steckverbinder M12 Leitung 5-Loch WEIBLICH Zuleitung 2m, 5-polig gerade;;8,59;Y;0;0;0;110;145;130;15;N;N;N;0,11;14,5;13;1,5;8536901000
8660;TEW-4283230458322;4283230458322;V263-TEW;Steckverbinder M12 Leitung 4-Loch WEIBLICH Zuleitung 2m, 4-polig gerade;;7,93;Y;0;0;0;110;145;130;15;N;N;N;0,11;14,5;13;1,5;8536901000
8659;TEW-4283230458223;4283230458223;V263-TEW;Steckverbinder M12 Leitung 12-Pin MÄNNLICH Zuleitung 2m, 12-polig gerade;;47,99;Y;0;0;0;100;144;121;17;N;N;N;0,11;14,4;12,1;1,7;8536901000
8658;TEW-4283230458124;4283230458124;V263-TEW;Steckverbinder M12 Leitung 8-Pin MÄNNLICH Zuleitung 2m, 8-polig gerade;;17,83;Y;0;0;0;100;144;121;17;N;N;N;0,11;14,4;12,1;1,7;8536901000
8657;TEW-4283230458025;4283230458025;V263-TEW;Steckverbinder M12 Leitung 5-Pin MÄNNLICH Zuleitung 2m, 5-polig gerade;;8,6;Y;0;0;0;100;144;121;17;N;N;N;0,11;14,4;12,1;1,7;8536901000
8656;TEW-4283230457929;4283230457929;V263-TEW;Steckverbinder M12 Leitung 4-Pin MÄNNLICH Zuleitung 2m, 4-polig gerade;;7,9;Y;0;0;0;100;128;115;17;N;N;N;0,1;12,8;11,5;1,7;8536901000
8654;TEW-4283230457820;4283230457820;V184-TEW;Steckverbinder SM2.54 Leitung 8-polig Stecker+Buchse, Länge 600mm;;1,5;Y;0;0;0;20;82;70;15;N;N;N;0,02;8,2;7;1,5;8536901000
8653;G016-02;4283230457721;V184-TEW;Steckverbinder SM2.54 Leitung 7-polig Stecker+Buchse, Länge 600mm;;1,34;Y;35;0;0;10;82;70;15;Y;N;N;0,01;8,2;7;1,5;8536901000
8652;TEW-4283230457622;4283230457622;V184-TEW;Steckverbinder SM2.54 Leitung 6-polig Stecker+Buchse, Länge 600mm;;1,17;Y;0;0;0;10;82;70;15;N;N;N;0,01;8,2;7;1,5;8536901000
8651;TEW-4283230457523;4283230457523;V184-TEW;Steckverbinder SM2.54 Leitung 5-polig Stecker+Buchse, Länge 600mm;;1;Y;0;0;0;10;82;70;15;N;N;N;0,01;8,2;7;1,5;8536901000
8650;TEW-4283230457424;4283230457424;V184-TEW;Steckverbinder SM2.54 Leitung 4-polig Stecker+Buchse, Länge 600mm;;0,83;Y;0;0;0;10;65;65;10;N;N;N;0,01;6,5;6,5;1;8536901000
8649;G016-03;4283230457325;V184-TEW;Steckverbinder SM2.54 Leitung 3-polig Stecker+Buchse, Länge 600mm;;0,66;Y;1;0;0;0;46;46;7,3;Y;N;N;0;4,6;4,6;0,73;8536901000
8648;TEW-4283230457226;4283230457226;V184-TEW;Steckverbinder SM2.54 Leitung 2-polig Stecker+Buchse, Länge 600mm;;0,5;Y;0;0;0;0;46;46;7,5;N;N;N;0;4,6;4,6;0,75;8536901000
8646;B039-15;4283230457127;V232-TEW;Steckverbinder Serielle SchnittstelleDIDC-DB37 Stecker Crimp Typ 37-pin;;4,34;Y;9;0;0;20;70;22;12;Y;N;N;0,02;7;2,2;1,2;8536901000
8645;TEW-4283230457028;4283230457028;V232-TEW;Steckverbinder Serielle SchnittstelleDIDC-DB25 Stecker Crimp Typ 25-pin;;2,47;Y;0;0;0;10;50;22;13;N;N;N;0,01;5;2,2;1,3;8536901000
8644;B037-15;4283230456922;V232-TEW;Steckverbinder Serielle SchnittstelleDIDC-DB15 Stecker Crimp Typ 15-pin;;2,12;Y;5;0;0;10;40;22;13;Y;N;N;0,01;4;2,2;1,3;8536901000
8643;B036-15;4283230456823;V232-TEW;Steckverbinder Serielle SchnittstelleDIDC-DB9 Stecker Crimp Typ 9-pin;;1,71;Y;11;0;0;10;31;21;13;Y;N;N;0,01;3,1;2,1;1,3;8536901000
8642;B039-16;4283230456724;V232-TEW;Steckverbinder Serielle SchnittstelleDIDC-DB37 Buchse Crimp Typ 37-Loch;;4,34;Y;11;0;0;20;70;22;13;Y;N;N;0,02;7;2,2;1,3;8536901000
8641;B038-16;4283230456625;V232-TEW;Steckverbinder Serielle SchnittstelleDIDC-DB25 Buchse Crimp Typ 25-Loch;;2,47;Y;30;0;0;10;53;22;13;Y;N;N;0,01;5,3;2,2;1,3;8536901000
8640;B037-16;4283230456526;V232-TEW;Steckverbinder Serielle SchnittstelleDIDC-DB15 Buchse Crimp Typ 15-Loch;;2,12;Y;5;0;0;10;39;22;12;Y;N;N;0,01;3,9;2,2;1,2;8536901000
8639;B036-16;4283230456427;V232-TEW;Steckverbinder Serielle SchnittstelleDIDC-DB9 Buchse Crimp Typ 9-Loch;;1,71;Y;12;0;0;10;31;22;13;Y;N;N;0,01;3,1;2,2;1,3;8536901000
8631;H013-01;4283230455727;V262-TEW;Kabel Verbindungsleitung UL10007 30cm Grün, VPE Menge 500 Stk;;24,19;Y;5;0;0;760;202;156;43;Y;N;Y;0,8;20,2;15,6;4,3;8544429090
8630;E029-01;4283230455628;V262-TEW;Kabel Verbindungsleitung UL10007 30cm Blau, VPE Menge 500 Stk;;24,19;Y;1;0;0;760;202;156;43;Y;N;Y;0,8;20,2;15,6;4,3;8544429090
8629;E028-01;4283230455529;V262-TEW;Kabel Verbindungsleitung UL10007 30cm Weiß, VPE Menge 500 Stk;;24,19;Y;2;0;0;760;202;156;43;Y;N;Y;0,8;20,2;15,6;4,3;8544429090
8628;E029-02;4283230455420;V262-TEW;Kabel Verbindungsleitung UL10007 30cm Gelb, VPE Menge 500 Stk;;24,19;Y;2;0;0;760;202;156;43;Y;N;Y;0,8;20,2;15,6;4,3;8544429090
8627;M010-05;4283230455321;V262-TEW;Kabel Verbindungsleitung UL10007 30cm Schwarz, VPE Menge 500 Stk;;24,19;Y;20;0;0;760;202;156;43;Y;N;Y;0,8;20,2;15,6;4,3;8544429090
8626;E029-03;4283230455222;V262-TEW;Kabel Verbindungsleitung UL10007 30cm Rot, VPE Menge 500 Stk;;24,19;Y;2;0;0;760;202;156;43;Y;N;Y;0,8;20,2;15,6;4,3;8544429090
8624;J021-05;4283230455123;V060-TEW;Steckverbinder XLR Tafelmontage 7-Pin MÄNNLICH;;4,28;Y;7;0;0;20;31;27;26;Y;N;N;0,02;3,1;2,7;2,6;8536901000
8623;J016-11;4283230455024;V060-TEW;Steckverbinder XLR Tafelmontage 6-Pin MÄNNLICH;;4,46;Y;9;0;0;20;31;27;26;Y;N;N;0,02;3,1;2,7;2,6;8536901000
8622;J012-12;4283230454928;V060-TEW;Steckverbinder XLR Tafelmontage 5-Pin MÄNNLICH;;3,16;Y;20;0;0;20;31;27;26;Y;N;N;0,02;3,1;2,7;2,6;8536901000
8621;J017-05;4283230454829;V060-TEW;Steckverbinder XLR Tafelmontage 5-Pin MÄNNLICH;;3,16;Y;20;0;0;20;31;27;26;Y;N;N;0,02;3,1;2,7;2,6;8536901000
8620;J008-06;4283230454720;V060-TEW;Steckverbinder XLR Tafelmontage 4-Pin MÄNNLICH;;3,03;Y;15;0;0;20;31;27;26;Y;N;N;0,02;3,1;2,7;2,6;8536901000
8619;J015-05;4283230454621;V060-TEW;Steckverbinder XLR Tafelmontage 4-Pin MÄNNLICH;;3,03;Y;19;0;0;20;31;27;26;Y;N;N;0,02;3,1;2,7;2,6;8536901000
8618;L005-04;4283230454522;V060-TEW;Steckverbinder XLR Tafelmontage 3-Pin MÄNNLICH, Einbau 22x36mm;;2,49;Y;51;0;0;20;35;25;22;Y;N;N;0,02;3,5;2,5;2,2;8536901000
8617;L007-04;4283230454423;V060-TEW;Steckverbinder XLR Tafelmontage 3-Pin MÄNNLICH;;2,49;Y;47;0;0;20;31;28;26;Y;N;N;0,02;3,1;2,8;2,6;8536901000
8616;L005-05;4283230454324;V060-TEW;Steckverbinder XLR Tafelmontage 3-Pin MÄNNLICH;;2,49;Y;97;0;0;20;31;27;26;Y;N;N;0,02;3,1;2,7;2,6;8536901000
8615;TEW-4283230454225;4283230454225;V060-TEW;Steckverbinder XLR Tafelmontage 7-Loch WEIBLICH;;4,88;Y;0;0;0;20;32;31;26;N;N;N;0,02;3,2;3,1;2,6;8536901000
8614;E015-12;4283230454126;V060-TEW;Steckverbinder XLR Tafelmontage 6-Loch WEIBLICH;;4,46;Y;9;0;0;20;32;30;26;Y;N;N;0,02;3,2;3;2,6;8536901000
8613;J018-08;4283230454027;V060-TEW;Steckverbinder XLR Tafelmontage 5-Loch WEIBLICH;;3,63;Y;10;0;0;20;28;31;26;Y;N;N;0,02;2,8;3,1;2,6;8536901000
8612;J006-05;4283230453921;V060-TEW;Steckverbinder XLR Tafelmontage 5-Loch WEIBLICH;;3,63;Y;20;0;0;20;32;32;26;Y;N;N;0,02;3,2;3,2;2,6;8536901000
8611;J015-11;4283230453822;V060-TEW;Steckverbinder XLR Tafelmontage 4-Loch WEIBLICH;;3,59;Y;5;0;0;20;32;32;26;Y;N;N;0,02;3,2;3,2;2,6;8536901000
8610;J007-11;4283230453723;V060-TEW;Steckverbinder XLR Tafelmontage 4-Loch WEIBLICH;;3,59;Y;18;0;0;20;32;32;26;Y;N;N;0,02;3,2;3,2;2,6;8536901000
8609;L004-10;4283230453624;V060-TEW;Steckverbinder XLR Tafelmontage 3-Loch WEIBLICH, Kunststoff, PCB;;1,19;Y;48;0;0;10;32;30;23;Y;N;N;0,01;3,2;3;2,3;8536901000
8608;L008-05;4283230453525;V060-TEW;Steckverbinder XLR Tafelmontage 3-Loch WEIBLICH, Kunststoff, gerade Lötkontakte;;1,25;Y;48;0;0;10;32;30;26;Y;N;N;0,01;3,2;3;2,6;8536901000
8607;L006-10;4283230453426;V060-TEW;Steckverbinder XLR Tafelmontage 3-Loch WEIBLICH;;2,56;Y;49;0;0;30;38;35;26;Y;N;N;0,03;3,8;3,5;2,6;8536901000
8606;L004-05;4283230453327;V060-TEW;Steckverbinder XLR Tafelmontage 3-Loch WEIBLICH;;2,63;Y;49;0;0;20;32;29;26;Y;N;N;0,02;3,2;2,9;2,6;8536901000
8605;L004-09;4283230453228;V060-TEW;Steckverbinder XLR Tafelmontage 3-Loch WEIBLICH;;2,63;Y;98;0;0;20;32;29;26;Y;N;N;0,02;3,2;2,9;2,6;8536901000
8588;J021-08;4283230451620;V148-TES;Industrieschalter LA38S LED weiß 220-240Vac;;2,97;Y;21;0;0;10;47;34;9,6;Y;N;N;0,01;4,7;3,4;0,96;8536500700
8587;J024-06;4283230451521;V148-TES;Industrieschalter LA38S LED weiß 24Vdc;;2,97;Y;29;21;0;10;47;34;9,6;Y;N;N;0,01;4,7;3,4;0,96;8536500700
8586;J020-06;4283230451422;V148-TES;Industrieschalter LA38S LED weiß 12Vdc;;2,97;Y;20;2;0;10;47;34;9,5;Y;N;N;0,01;4,7;3,4;0,95;8536500700
8585;D011-02;4283230451323;V148-TES;Industrieschalter LA38S Kontaktblock rot 1NC Öffner;;1,73;Y;215;22;0;10;34;27;9,6;Y;N;N;0,01;3,4;2,7;0,96;8536500700
8584;D009-02;4283230451224;V148-TES;Industrieschalter LA38S Kontaktblock blau 1NO Schließer;;1,73;Y;40;38;0;10;34;27;9,5;Y;N;N;0,01;3,4;2,7;0,95;8536500700
8583;H020-09;4283230451125;V148-TES;Industrieschalter LA38S Schalterkopf -11BN DRUCK, RASTEND, GRÜN;;3,51;Y;4;6;0;20;45;41;30;Y;N;N;0,02;4,5;4,1;3;8536500700
8582;H002-10;4283230451026;V148-TES;Industrieschalter LA38S Schalterkopf -11BN DRUCK, RASTEND, ROT;;3,51;Y;28;6;0;20;45;41;30;Y;N;N;0,02;4,5;4,1;3;8536500700
8581;D010-02;4283230450920;V148-TES;Industrieschalter LA38S Schalterkopf -10D DRUCK, SELBSTRÜCKSTELLEND, weiß;;2,78;Y;0;6;0;20;45;38;29;Y;N;N;0,02;4,5;3,8;2,9;8536500700
8580;J012-02;4283230450821;V148-TES;Industrieschalter LA38S Schalterkopf -10D DRUCK, SELBSTRÜCKSTELLEND, BLAU;;2,93;Y;13;10;0;210;45;42;29;Y;Y;N;0,23;4,5;4,2;2,9;8536500700
8579;H010-08;4283230450722;V148-TES;Industrieschalter LA38S Schalterkopf -10D DRUCK, SELBSTRÜCKSTELLEND, GELB;;3,24;Y;5;6;0;200;45;42;29;Y;Y;N;0,22;4,5;4,2;2,9;8536500700
8578;R001-04;4283230450623;V148-TES;Industrieschalter LA38S Schalterkopf -10D DRUCK, SELBSTRÜCKSTELLEND, GRÜN;;2,78;Y;35;10;0;20;45;41;29;Y;Y;N;0,02;4,5;4,1;2,9;8536500700
8577;H011-04;4283230450524;V148-TES;Industrieschalter LA38S Schalterkopf -10D DRUCK, SELBSTRÜCKSTELLEND, ROT;;2,78;Y;19;11;0;20;45;38;29;Y;N;N;0,02;4,5;3,8;2,9;8536500700
8576;H020-03;4283230450425;V148-TES;Industrieschalter LA38S Schalterkopf -10Y31 SCHLÜSSEL 3 Schaltzustände, RASTEND;;7,16;Y;26;10;0;40;76;38;29;Y;Y;N;0,04;7,6;3,8;2,9;8536500700
8575;F016-03;4283230450326;V148-TES;Industrieschalter LA38S Schalterkopf -10Y21 SCHLÜSSEL 2 Schaltzustände, RASTEND;;7,17;Y;13;10;0;40;77;38;29;Y;Y;N;0,05;7,7;3,8;2,9;8536500700
8574;H018-03;4283230450227;V148-TES;Industrieschalter LA38S Schalterkopf -10X31 DREH 3 Schaltzustände, RASTEND;;4,26;Y;20;10;0;20;56;38;29;Y;Y;N;0,02;5,6;3,8;2,9;8536500700
8573;H013-03;4283230450128;V148-TES;Industrieschalter LA38S Schalterkopf -10X21 DREH 2 Schaltzustände, RASTEND;;4,26;Y;15;10;0;20;55;39;29;Y;Y;N;0,02;5,5;3,9;2,9;8536500700
8572;D007-10;4283230450029;V148-TES;Industrieschalter LA38S Schalterkopf -10DRG ON-OFF EIN-AUS;;6,64;Y;50;2;0;60;54;50;30;Y;N;N;0,06;5,4;5;3;8536500700
8571;R003-04;4283230449924;V148-TES;Industrieschalter LA38S Schalterkopf -01ZS NOT-AUS mit weißen Pfeilen;;4,63;Y;51;10;0;30;57;41;39;Y;Y;N;0,03;5,7;4,1;3,9;8536500700
8569;H001-03;4283230449825;V013-TES;Industrieschalter LA38C DRUCK, SELBSTRÜCKSTELLEND, 1 Schließer + 1 Öffner gelb;;2,83;Y;21;0;0;40;67;42;28;Y;N;N;0,05;6,7;4,2;2,8;8536500700
8568;TES-4283230449726;4283230449726;V013-TES;Industrieschalter LA38C DRUCK, SELBSTRÜCKSTELLEND, 1 Schließer + 1 Öffner rot;;2,83;Y;0;0;0;40;67;42;28;Y;N;N;0,05;6,7;4,2;2,8;8536500700
8567;TES-4283230449627;4283230449627;V013-TES;Industrieschalter LA38C DRUCK, SELBSTRÜCKSTELLEND, 1 Schließer + 1 Öffner grün;;2,83;Y;0;0;0;40;67;42;28;Y;N;N;0,05;6,7;4,2;2,8;8536500700
8566;G017-05;4283230449528;V013-TES;Industrieschalter LA38C DRUCK, RASTEND, 1 Schließer + 1 Öffner gelb;;3,54;Y;15;0;0;40;66;42;28,5;Y;N;N;0,04;6,6;4,2;2,85;8536500700
8565;R001-05;4283230449429;V013-TES;Industrieschalter LA38C DRUCK, RASTEND, 1 Schließer + 1 Öffner rot;;3,55;Y;52;0;0;40;67;42;28;Y;N;N;0,05;6,7;4,2;2,8;8536500700
8564;G016-10;4283230449320;V013-TES;Industrieschalter LA38C DRUCK, RASTEND, 1 Schließer + 1 Öffner grün;;3,54;Y;3;0;0;40;66;42;28,5;Y;N;N;0,04;6,6;4,2;2,85;8536500700
8563;G018-02;4283230449221;V013-TES;Industrieschalter LA38C DREH 3 Schaltzustände, SELBSTRÜCKSTELLEND, 2 Schließer;;4,14;Y;5;0;0;50;89;48;33,5;Y;N;N;0,05;8,9;4,8;3,35;8536500700
8562;G015-09;4283230449122;V013-TES;Industrieschalter LA38C DREH 2 Schaltzustände, SELBSTRÜCKSTELLEND, 1 Schließer + 1 Öffner;;4,09;Y;17;0;0;40;83;42;29;Y;N;N;0,05;8,3;4,2;2,9;8536500700
8561;R001-06;4283230449023;V013-TES;Industrieschalter LA38C DREH 3 Schaltzustände, RASTEND, 2 Schließer;;3,37;Y;0;0;0;50;77;39;28;Y;N;N;0,05;7,7;3,9;2,8;8536500700
8560;J023-01;4283230448927;V013-TES;Industrieschalter LA38C DREH 2 Schaltzustände, RASTEND, 1 Schließer + 1 Öffner;;3,38;Y;4;0;0;50;77;43;28;Y;N;N;0,05;7,7;4,3;2,8;8536500700
8558;B025-16;4283230448828;V245-TES;Infraot Lichtschranke Sender und Empfänger für 1m Entfernung 5VDC 30cm Kabel KB874;;5,45;Y;1;0;0;10;91;48;11;N;N;N;0,01;9,1;4,8;1,1;8536500700
8557;TES-4283230448729;4283230448729;V245-TES;Infrarot Lichtschranke Sender und Empfänger mit Interferenztrennung 5VDC SIS-PT05;;9,32;Y;0;0;0;40;60;45;18;N;N;N;0,04;6;4,5;1,8;8536500700
8556;TES-4283230448620;4283230448620;V245-TES;Infrarot Näherungsschalter digitaler Abstandssensor 3-80cm 5VDC E18D80NK Einbau Ø18mm NPN;;5,29;Y;0;0;0;30;114;93;18;N;N;N;0,03;11,4;9,3;1,8;8536500700
8555;B027-16;4283230448521;V245-TES;Infrarot Näherungsschalter analoger Abstandssensor 10-80cm 5VDC GP2Y0A21K0F GP2D12 45x13x14mm LA 37/Ø3mm;;9,91;Y;1;0;0;10;54;35;14;Y;N;N;0,01;5,4;3,5;1,4;8536500700
8553;H019-04;4283230448422;V211-TES;"Voltmeter digital Mini, 3-Drahtmessung 0-100VDC, Einbau 23x10mm, LED Anzeige 0.28"" rot";;2,22;Y;3;0;0;20;45;26;10;Y;N;N;0,02;4,5;2,6;1;8536500700
8552;G017-10;4283230448323;V211-TES;"Voltmeter Lithium Batterieanzeige digital 2-Drahtmessung Gleichspannung 12-60VDC, Einbau 46x27mm, LED Anzeige 0.56"" ROT";;2,69;Y;21;0;0;20;48;30;22;Y;N;N;0,02;4,8;3;2,2;8536500700
8551;H018-08;4283230448224;V211-TES;"Amperemeter und Voltmeter digital Gleichspannung 0-100VDC bis 10Amax, Einbau 46x27mm, LED Anzeige 0.56"" A: blau V: rot";;3,63;Y;22;0;0;20;48;29;23;Y;N;N;0,02;4,8;2,9;2,3;8536500700
8550;H020-07;4283230448125;V211-TES;"Voltmeter digital 2-Drahtmessung Gleichspannung 4.5-30VDC, Einbau 46x27mm, LED Anzeige 0.56"" rot";;2,04;Y;2;0;0;20;48;30;21;Y;N;N;0,02;4,8;3;2,1;8536500700
8549;H020-04;4283230448026;V211-TES;"Voltmeter digital 2-Drahtmessung Wechselspannung 70-500VAC, Einbau 46x27mm, LED Anzeige 0.56"" rot";;4,38;Y;10;0;0;20;48;30;21;Y;N;N;0,02;4,8;3;2,1;8536500700
8547;J021-12;4283230447920;V233-TES;Verschlusskappe Blindstopfen für LA38 LA39 XB2 ZB2 usw. Schalter- / AD usw. Leuchtmelder- Öffnung Ø30mm lichtgrau;;0,41;Y;8;0;0;10;38;38;20;Y;N;N;0,01;3,8;3,8;2;8487909090
8546;G007-03;4283230447821;V233-TES;Verschlusskappe Blindstopfen für LA38 LA39 XB2 ZB2 usw. Schalter- / AD usw. Leuchtmelder- Öffnung Ø22mm lichtgrau;;0,87;Y;168;0;0;30;28;28;19;Y;N;N;0,03;2,8;2,8;1,9;8487909090
8545;J021-01;4283230447722;V233-TES;Verschlusskappe Blindstopfen für LA38 LA39 XB2 ZB2 usw. Schalter- / AD usw. Leuchtmelder- Öffnung Ø16mm lichtgrau;;1,02;Y;42;0;0;30;22;22;20;Y;N;N;0,03;2,2;2,2;2;8487909090
8543;TMT-4283230447623;4283230447623;V186-TMT;Kurvenrolle KRV40 / CF18 - Ø40mm M18x1.5;;8,39;Y;0;0;0;300;62;42;42;N;N;N;0,32;6,2;4,2;4,2;8482101010
8542;F010-12;4283230447524;V186-TMT;Kurvenrolle KRV35 / CF16 - Ø35mm M16x1.5;;7,57;Y;13;0;0;200;56;36;36;Y;N;N;0,21;5,6;3,6;3,6;8482101010
8541;P012-01;4283230447425;V186-TMT;Kurvenrolle KRV32 / CF12-1 - Ø32mm M12x1.5;;5,61;Y;3;0;0;120;41;32;32;Y;N;N;0,12;4,1;3,2;3,2;8482101010
8540;F016-01;4283230447326;V186-TMT;Kurvenrolle KRV30 / CF12 - Ø30mm M12x1.5;;5,28;Y;10;0;0;110;40;30;30;Y;N;N;0,11;4;3;3;8482101010
8539;G002-03;4283230447227;V186-TMT;Kurvenrolle KRV26 / CF10-1 - Ø26mm M10x1.25;;4,59;Y;13;0;0;70;36;26;26;Y;N;N;0,07;3,6;2,6;2,6;8482101010
8538;P015-01;4283230447128;V186-TMT;Kurvenrolle KRV22 / CF10 - Ø22mm M10x1.25;;4,49;Y;13;0;0;60;36;22;22;Y;N;N;0,06;3,6;2,2;2,2;8482101010
8537;A025-06;4283230447029;V186-TMT;Kurvenrolle KRV19 / CF8 - Ø19mm M8x1.25;;3,94;Y;2;0;0;40;34;19;19;Y;N;N;0,04;3,4;1,9;1,9;8482101010
8536;TMT-4283230446923;4283230446923;V186-TMT;Kurvenrolle KRV16 / CF6 - Ø16mm M6x1.0;;3,34;Y;0;0;0;20;29;16;16;N;N;N;0,02;2,9;1,6;1,6;8482101010
8535;A035-14;4283230446824;V186-TMT;Kurvenrolle KRV13 / CF5 - Ø13mm M5x0.8;;3,31;Y;44;0;0;10;24;13;13;Y;N;N;0,01;2,4;1,3;1,3;8482101010
8533;F017-02;4283230446725;V209-TLE;Impulsgenerator NE555 5 Bereiche, 0.6Hz bis 200kHz;;3,57;Y;0;0;0;10;43;27;11;N;N;N;0,01;4,3;2,7;1,1;8504403000
8532;F014-10;4283230446626;V209-TLE;Impulsgenerator NE555 4 Bereiche, 1Hz bis 200kHz;;2,06;Y;3;0;0;10;31;22;15;Y;N;N;0,01;3,1;2,2;1,5;8504403000
8531;G018-03;4283230446527;V209-TLE;Impulsgenerator NE555, 2kHz bis 25kHz;;1,83;Y;21;0;0;10;27;14;13;Y;N;N;0,01;2,7;1,4;1,3;8504403000
8529;TEW-4283230446428;4283230446428;V261-TEW;Lautsprecherterminal 2x rot 2x schwarz Doppel-Kabelklemmen bis 1.5mm² AWG16 Lochabstand 55mm / Ø3.2mm eckig 64.5x19.5mm;;1,04;Y;0;0;0;10;64;23;20;N;Y;N;0,01;6,4;2,3;2;8536901000
8528;TEW-4283230446329;4283230446329;V261-TEW;Lautsprecherterminal rot schwarz Kabelklemmen bis 1.5mm² AWG16 Lochabstand 30mm / Ø3.2mm eckig 53x24mm WP2-4;;1,12;Y;0;0;0;10;38;20;19;N;Y;N;0,01;3,8;2;1,9;8536901000
8527;TEW-4283230446220;4283230446220;V261-TEW;Lautsprecherterminal rot schwarz Kabelklemmen bis 2mm² AWG14 Lochabstand 45mm / Ø3.4mm eckig 53x24mm WP2-1;;1,44;Y;0;0;0;10;53;31;23;N;Y;N;0,01;5,3;3,1;2,3;8536901000
8526;TEW-4283230446121;4283230446121;V261-TEW;Lautsprecherterminal rot schwarz Kabelklemmen bis 2mm² AWG14 Einbau Ø47mm Lochabstand 43.5mm / Ø3.4mm eckig  57x57mm WP2-7;;1,37;Y;0;0;0;20;57;57;31;N;Y;N;0,02;5,7;5,7;3,1;8536901000
8525;TEW-4283230446022;4283230446022;V261-TEW;Lautsprecherterminal rot schwarz Kabelklemmen bis 2mm² AWG14 Einbau Ø48mm rund Ø56mm WP2-9;;1,23;Y;0;0;0;20;56;56;32;N;Y;N;0,02;5,6;5,6;3,2;8536901000
8516;F014-07;4283230445223;V173-TEW;Netzkabel EU Schutzkontakt 3-polig auf C5 Kleeblatt 3x0.75mm² AD Ø8.8mm Kabel schwarz 1.5m;;1,84;Y;4;0;0;0;0;0;0;Y;N;N;0;0;0;0;8544429090
8515;C005-03;4283230445124;V173-TEW;Netzkabel EU Schutzkontakt 3-polig auf C13 3x0.75mm² AD Ø8.8mm Kabel schwarz 1.5m;;2,34;Y;6;0;0;150;200;59;36;Y;N;N;0,15;20;5,9;3,6;8544429090
8513;TEW-4283230445025;4283230445025;V204-TEW;Steckverbinder DC Leitung DC5.5x2.1 Buchse auf Stecker 2x0.75mm² (18AWG);;21,5;Y;0;0;0;0;0;0;0;N;N;N;0;0;0;0;8544499390
8512;TEW-4283230444929;4283230444929;V204-TEW;Steckverbinder DC Leitung DC5.5x2.1 Buchse auf Stecker 2x0.75mm² (18AWG);;17,47;Y;0;0;0;0;0;0;0;N;N;N;0;0;0;0;8544499390
8511;TEW-4283230444820;4283230444820;V204-TEW;Steckverbinder DC Leitung DC5.5x2.1 Buchse auf Stecker 2x0.75mm² (18AWG);;13,86;Y;0;0;0;0;0;0;0;N;N;N;0;0;0;0;8544499390
8510;TEW-4283230444721;4283230444721;V204-TEW;Steckverbinder DC Leitung DC5.5x2.1 Buchse auf Stecker 2x0.75mm² (18AWG);;10,24;Y;0;0;0;0;0;0;0;N;N;N;0;0;0;0;8544499390
8509;TEW-4283230444622;4283230444622;V204-TEW;Steckverbinder DC Leitung DC5.5x2.1 Buchse auf Stecker 2x0.75mm² (18AWG);;8,73;Y;0;0;0;0;0;0;0;N;N;N;0;0;0;0;8544499390
8508;TEW-4283230444523;4283230444523;V204-TEW;Steckverbinder DC Leitung DC5.5x2.1 Buchse auf Stecker 2x0.75mm² (18AWG);;6,38;Y;0;0;0;0;0;0;0;N;N;N;0;0;0;0;8544499390
8507;TEW-4283230444424;4283230444424;V204-TEW;Steckverbinder DC Leitung DC5.5x2.1 Buchse auf Stecker 2x0.75mm² (18AWG);;21,5;Y;0;0;0;0;0;0;0;N;N;N;0;0;0;0;8544499390
8506;TEW-4283230444325;4283230444325;V204-TEW;Steckverbinder DC Leitung DC5.5x2.1 Buchse auf Stecker 2x0.75mm² (18AWG);;17,47;Y;0;0;0;0;0;0;0;N;N;N;0;0;0;0;8544499390
8505;TEW-4283230444226;4283230444226;V204-TEW;Steckverbinder DC Leitung DC5.5x2.1 Buchse auf Stecker 2x0.75mm² (18AWG);;13,86;Y;0;0;0;0;0;0;0;N;N;N;0;0;0;0;8544499390
8504;TEW-4283230444127;4283230444127;V204-TEW;Steckverbinder DC Leitung DC5.5x2.1 Buchse auf Stecker 2x0.75mm² (18AWG);;10,24;Y;0;0;0;0;0;0;0;N;N;N;0;0;0;0;8544499390
8503;TEW-4283230444028;4283230444028;V204-TEW;Steckverbinder DC Leitung DC5.5x2.1 Buchse auf Stecker 2x0.75mm² (18AWG);;8,73;Y;0;0;0;0;0;0;0;N;N;N;0;0;0;0;8544499390
8502;TEW-4283230443922;4283230443922;V204-TEW;Steckverbinder DC Leitung DC5.5x2.1 Buchse auf Stecker 2x0.75mm² (18AWG);;6,38;Y;0;0;0;0;0;0;0;N;N;N;0;0;0;0;8544499390
8501;TEW-4283230443823;4283230443823;V204-TEW;Steckverbinder DC Leitung DC5.5x2.1 Buchse auf Buchse 2x0.34mm² (22AWG);;1,76;Y;0;0;0;0;0;0;0;N;N;N;0;0;0;0;8544499390
8500;TEW-4283230443724;4283230443724;V204-TEW;Steckverbinder DC Leitung DC5.5x2.1 Stecker auf Stecker 2x0.34mm² (22AWG);;2,18;Y;0;0;0;0;0;0;0;N;N;N;0;0;0;0;8544429090
8499;G018-10;4283230443625;V204-TEW;Steckverbinder DC Leitung DC5.5x2.1 Stecker auf Stecker 2x0.34mm² (22AWG);;1,76;Y;3;0;0;30;107;19;12;Y;N;N;0,04;10,7;1,9;1,2;8544429090
8498;F020-02;4283230443526;V204-TEW;Steckverbinder DC Leitung DC5.5x2.1 Stecker auf Stecker 2x0.34mm² (22AWG);;1,25;Y;28;0;0;20;88;55;12;Y;N;N;0,02;8,8;5,5;1,2;8544429090
8497;TEW-4283230443427;4283230443427;V204-TEW;Steckverbinder DC Leitung DC5.5x2.1 Buchse auf Stecker gewinkelt 2x0.34mm² (22AWG);;1,08;Y;0;0;0;0;0;0;0;N;N;N;0;0;0;0;8544429090
8496;TEW-4283230443328;4283230443328;V204-TEW;Steckverbinder DC Leitung DC5.5x2.1 Buchse auf Stecker 2x0.34mm² (22AWG);;2,6;Y;0;0;0;0;0;0;0;N;N;N;0;0;0;0;8544429090
8495;G018-09;4283230443229;V204-TEW;Steckverbinder DC Leitung DC5.5x2.1 Buchse auf Stecker 2x0.34mm² (22AWG);;1,92;Y;10;0;0;40;108;50;24;Y;N;N;0,04;10,8;5;2,4;8544499390
8494;TEW-4283230443120;4283230443120;V204-TEW;Steckverbinder DC Leitung DC5.5x2.1 Buchse auf Stecker 2x0.34mm² (22AWG);;1,25;Y;0;0;0;0;0;0;0;N;N;N;0;0;0;0;8544429090
8492;TMS-4283230443021;4283230443021;V286-TMS;Drahtseilschlaufe, 16er;;4,61;Y;0;0;0;0;0;0;0;N;N;N;0;0;0;0;7318156290
8491;TMS-4283230442925;4283230442925;V286-TMS;Drahtseilschlaufe, 12er;;1,92;Y;0;0;0;0;0;0;0;N;N;N;0;0;0;0;7318156290
8490;TMS-4283230442826;4283230442826;V286-TMS;Drahtseilschlaufe, 10er;;1,42;Y;0;0;0;0;0;0;0;N;N;N;0;0;0;0;7318156290
8489;TMS-4283230442727;4283230442727;V286-TMS;Drahtseilschlaufe, 8er;;1,17;Y;0;0;0;0;0;0;0;N;N;N;0;0;0;0;7318156290
8488;TMS-4283230442628;4283230442628;V286-TMS;Drahtseilschlaufe, 6er;;0,66;Y;0;0;0;0;0;0;0;N;N;N;0;0;0;0;7318156290
8487;TMS-4283230442529;4283230442529;V286-TMS;Drahtseilschlaufe, 5er;;0,58;Y;0;0;0;0;0;0;0;N;N;N;0;0;0;0;7318156290
8486;TMS-4283230442420;4283230442420;V286-TMS;Drahtseilschlaufe, 4er;;0,5;Y;0;0;0;0;0;0;0;N;N;N;0;0;0;0;7318156290
8485;B024-16;4283230442321;V286-TMS;Drahtseilschlaufe, 3er;;0,5;Y;51;0;0;0;23;14;5;Y;N;N;0;2,3;1,4;0,5;7318156290
8484;TMS-4283230442222;4283230442222;V286-TMS;Drahtseilschlaufe, 2.5er;;0,41;Y;0;0;0;0;0;0;0;N;N;N;0;0;0;0;7318156290
8483;B021-16;4283230442123;V286-TMS;Drahtseilschlaufe, 2er;;0,41;Y;45;0;0;0;17,5;11;4;Y;N;N;0;1,75;1,1;0,4;7318156290
8481;B013-15;4283230442024;V200-TMS;Seilklemme 2er Lochbreite 4mm für Ø2mm Seil;;0,92;Y;9;0;0;10;17;16;0,9;Y;N;N;0,01;1,7;1,6;0,09;7318156290
8480;B010-15;4283230441928;V200-TMS;Seilklemme 3er Lochbreite 5.5mm für Ø2.5mm Seil;;1;Y;10;0;0;10;21;18;0,9;Y;N;N;0,01;2,1;1,8;0,09;7318156290
8479;B011-15;4283230441829;V200-TMS;Seilklemme 4er Lochbreite 5.5mm für Ø3mm Seil;;1,08;Y;8;0;0;10;23;20;9;Y;N;N;0,01;2,3;2;0,9;7318156290
8478;B019-15;4283230441720;V200-TMS;Seilklemme 5er Lochbreite 7mm für Ø3.5mm Seil;;1,25;Y;10;0;0;20;28;22;10;Y;N;N;0,02;2,8;2,2;1;7318156290
8477;J026-11;4283230441621;V200-TMS;Seilklemme 6er Lochbreite 7mm für Ø3.5mm Seil;;1,42;Y;10;0;0;30;33;27;12;Y;N;N;0,03;3,3;2,7;1,2;7318156290
8476;B020-15;4283230441522;V200-TMS;Seilklemme 8er Lochbreite 10mm für Ø5mm Seil;;1,5;Y;10;0;0;30;34;28;13;Y;N;N;0,03;3,4;2,8;1,3;7318156290
8475;B016-15;4283230441423;V200-TMS;Seilklemme 10er Lochbreite 11mm für Ø5.5mm Seil;;2,18;Y;10;0;0;60;44;33;14;Y;N;N;0,06;4,4;3,3;1,4;7318156290
8474;B017-15;4283230441324;V200-TMS;Seilklemme 12er Lochbreite 14mm für Ø7mm Seil;;3,27;Y;4;0;0;110;54;39;18;Y;N;N;0,11;5,4;3,9;1,8;7318156290
8473;J022-01;4283230441225;V200-TMS;Seilklemme 16er Lochbreite 18mm für Ø9mm Seil;;6,04;Y;4;0;0;210;64;50;25;Y;N;N;0,22;6,4;5;2,5;7318156290
8464;A037-06;4283230440228;V165-TES;Signalleuchte XD 10-3 Einbau Ø10mm mit 20cm Kabel 12Vdc blau;;1,42;Y;9;0;0;0;85;49;20;Y;N;N;0;8,5;4,9;2;8536500700
8463;E024-07;4283230440129;V165-TES;Signalleuchte XD 10-3 Einbau Ø10mm mit 20cm Kabel 12Vdc gelb;;1,42;Y;8;0;0;0;85;49;20;Y;N;N;0;8,5;4,9;2;8536500700
8462;A012-10;4283230440020;V165-TES;Signalleuchte XD 10-3 Einbau Ø10mm mit 20cm Kabel 12Vdc weiß;;1,42;Y;5;0;0;0;85;49;20;Y;N;N;0;8,5;4,9;2;8536500700
8461;E010-11;4283230439925;V165-TES;Signalleuchte XD 10-3 Einbau Ø10mm mit 20cm Kabel 12Vdc grün;;1,42;Y;13;0;0;0;85;49;20;Y;N;N;0;8,5;4,9;2;8536500700
8460;TES-4283230439826;4283230439826;V165-TES;Signalleuchte XD 10-3 Einbau Ø10mm mit 20cm Kabel 12Vdc rot;;1,42;Y;0;0;0;0;85;49;20;N;N;N;0;8,5;4,9;2;8536500700
8458;N003-05;4283230439727;V014-TSC;Wellenkupplung Alu flex D15L20 Ø8 auf Ø8mm;;4,01;Y;10;4;0;10;19;15;15;Y;Y;N;0,01;1,9;1,5;1,5;8483608090
8457;TSC-4283230439628;4283230439628;V014-TSC;Wellenkupplung Alu flex D15L20 Ø7 auf Ø8mm;;4,01;Y;0;0;0;10;19;15;15;Y;Y;N;0,01;1,9;1,5;1,5;8483608090
8456;TSC-4283230439529;4283230439529;V014-TSC;Wellenkupplung Alu flex D15L20 Ø7 auf Ø7mm;;4,01;Y;0;0;0;10;19;15;15;Y;Y;N;0,01;1,9;1,5;1,5;8483608090
8455;N019-01;4283230439420;V014-TSC;Wellenkupplung Alu flex D15L20 Ø6.35 auf Ø8mm;;4,01;Y;10;4;0;10;19;15;15;Y;Y;N;0,01;1,9;1,5;1,5;8483608090
8454;TSC-4283230439321;4283230439321;V014-TSC;Wellenkupplung Alu flex D15L20 Ø6.35 auf Ø7mm;;4,01;Y;0;0;0;10;19;15;15;Y;Y;N;0,01;1,9;1,5;1,5;8483608090
8453;N024-02;4283230439222;V014-TSC;Wellenkupplung Alu flex D15L20 Ø6.35 auf Ø6.35mm;;4,01;Y;7;2;0;10;19;15;15;Y;Y;N;0,01;1,9;1,5;1,5;8483608090
8452;N010-05;4283230439123;V014-TSC;Wellenkupplung Alu flex D15L20 Ø6 auf Ø8mm;;4,01;Y;22;6;0;10;19;15;15;Y;Y;N;0,01;1,9;1,5;1,5;8483608090
8451;TSC-4283230439024;4283230439024;V014-TSC;Wellenkupplung Alu flex D15L20 Ø6 auf Ø7mm;;4,01;Y;0;0;0;10;19;15;15;Y;Y;N;0,01;1,9;1,5;1,5;8483608090
8450;N012-03;4283230438928;V014-TSC;Wellenkupplung Alu flex D15L20 Ø6 auf Ø6.35mm;;4,01;Y;8;0;0;10;19;15;15;Y;Y;N;0,01;1,9;1,5;1,5;8483608090
8449;N017-04;4283230438829;V014-TSC;Wellenkupplung Alu flex D15L20 Ø6 auf Ø6mm;;4,01;Y;24;15;0;10;19;15;15;Y;Y;N;0,01;1,9;1,5;1,5;8483608090
8448;N005-02;4283230438720;V014-TSC;Wellenkupplung Alu flex D15L20 Ø5 auf Ø8mm;;4,01;Y;1;0;0;10;19;15;15;Y;Y;N;0,01;1,9;1,5;1,5;8483608090
8447;TSC-4283230438621;4283230438621;V014-TSC;Wellenkupplung Alu flex D15L20 Ø5 auf Ø7mm;;4,01;Y;0;0;0;10;19;15;15;Y;Y;N;0,01;1,9;1,5;1,5;8483608090
8446;N021-01;4283230438522;V014-TSC;Wellenkupplung Alu flex D15L20 Ø5 auf Ø6.35mm;;4,01;Y;0;0;0;10;19;15;15;Y;Y;N;0,01;1,9;1,5;1,5;8483608090
8445;N008-02;4283230438423;V014-TSC;Wellenkupplung Alu flex D15L20 Ø5 auf Ø6mm;;4,01;Y;12;7;0;10;19;15;15;Y;Y;N;0,01;1,9;1,5;1,5;8483608090
8444;B023-12;4283230438324;V014-TSC;Wellenkupplung Alu flex D15L20 Ø5 auf Ø5mm;;4,01;Y;4;4;0;10;20;15;15;Y;Y;N;0,01;2;1,5;1,5;8483608090
8443;N010-01;4283230438225;V014-TSC;Wellenkupplung Alu flex D15L20 Ø4 auf Ø8mm;;4,01;Y;13;4;0;10;19;15;15;Y;Y;N;0,01;1,9;1,5;1,5;8483608090
8442;N022-02;4283230438126;V014-TSC;Wellenkupplung Alu flex D15L20 Ø4 auf Ø6.35mm;;4,01;Y;1;0;0;10;19;15;15;Y;Y;N;0,01;1,9;1,5;1,5;8483608090
8441;TSC-4283230438027;4283230438027;V014-TSC;Wellenkupplung Alu flex D15L20 Ø4 auf Ø6mm;;4,01;Y;0;0;0;10;19;15;15;Y;Y;N;0,01;1,9;1,5;1,5;8483608090
8440;N019-03;4283230437921;V014-TSC;Wellenkupplung Alu flex D15L20 Ø4 auf Ø5mm;;4,01;Y;19;10;0;10;19;15;15;Y;Y;N;0,01;1,9;1,5;1,5;8483608090
8439;N018-02;4283230437822;V014-TSC;Wellenkupplung Alu flex D15L20 Ø4 auf Ø4mm;;4,01;Y;14;5;0;10;19;15;15;Y;Y;N;0,01;1,9;1,5;1,5;8483608090
8438;TSC-4283230437723;4283230437723;V014-TSC;Wellenkupplung Alu flex D15L20 Ø3.175 auf Ø8mm;;4,01;Y;0;0;0;10;20;15;15;Y;Y;N;0,01;2;1,5;1,5;8483608090
8437;TSC-4283230437624;4283230437624;V014-TSC;Wellenkupplung Alu flex D15L20 Ø3.175 auf Ø6mm;;4,01;Y;0;0;0;10;20;15;15;Y;Y;N;0,01;2;1,5;1,5;8483608090
8436;TSC-4283230437525;4283230437525;V014-TSC;Wellenkupplung Alu flex D15L20 Ø3.175 auf Ø5mm;;4,01;Y;0;0;0;10;20;15;15;Y;Y;N;0,01;2;1,5;1,5;8483608090
8435;A003-12;4283230437426;V014-TSC;Wellenkupplung Alu flex D15L20 Ø3.175 auf Ø4mm;;4,01;Y;6;0;0;10;20;15;15;Y;Y;N;0,01;2;1,5;1,5;8483608090
8434;N008-06;4283230437327;V014-TSC;Wellenkupplung Alu flex D15L20 Ø3 auf Ø8mm;;4,01;Y;0;0;0;10;19;15;15;Y;Y;N;0,01;1,9;1,5;1,5;8483608090
8433;TSC-4283230437228;4283230437228;V014-TSC;Wellenkupplung Alu flex D15L20 Ø3 auf Ø6.35mm;;4,01;Y;0;0;0;10;19;15;15;Y;Y;N;0,01;1,9;1,5;1,5;8483608090
8432;N006-04;4283230437129;V014-TSC;Wellenkupplung Alu flex D15L20 Ø3 auf Ø6mm;;4,01;Y;10;0;0;10;19;15;15;Y;Y;N;0,01;1,9;1,5;1,5;8483608090
8431;TSC-4283230437020;4283230437020;V014-TSC;Wellenkupplung Alu flex D15L20 Ø3 auf Ø5mm;;4,01;Y;0;0;0;10;19;15;15;Y;Y;N;0,01;1,9;1,5;1,5;8483608090
8430;N011-02;4283230436924;V014-TSC;Wellenkupplung Alu flex D15L20 Ø3 auf Ø4mm;;4,01;Y;14;6;0;10;19;15;15;Y;Y;N;0,01;1,9;1,5;1,5;8483608090
8429;N023-03;4283230436825;V014-TSC;Wellenkupplung Alu flex D15L20 Ø3 auf Ø3.17mm;;4,01;Y;8;4;0;10;19;15;15;Y;Y;N;0,01;1,9;1,5;1,5;8483608090
8428;N008-04;4283230436726;V014-TSC;Wellenkupplung Alu flex D15L20 Ø3 auf Ø3mm;;4,01;Y;0;0;0;10;19;15;15;Y;Y;N;0,01;1,9;1,5;1,5;8483608090
8427;TSC-4283230436627;4283230436627;V014-TSC;Wellenkupplung Alu flex D15L20 Ø2 auf Ø8mm;;4,01;Y;0;0;0;10;19;15;15;Y;Y;N;0,01;1,9;1,5;1,5;8483608090
8426;TSC-4283230436528;4283230436528;V014-TSC;Wellenkupplung Alu flex D15L20 Ø2 auf Ø7mm;;4,01;Y;0;0;0;10;19;15;15;Y;Y;N;0,01;1,9;1,5;1,5;8483608090
8425;N015-01;4283230436429;V014-TSC;Wellenkupplung Alu flex D15L20 Ø2 auf Ø6mm;;4,01;Y;0;0;0;10;19;15;15;Y;Y;N;0,01;1,9;1,5;1,5;8483608090
8424;TSC-4283230436320;4283230436320;V014-TSC;Wellenkupplung Alu flex D15L20 Ø2 auf Ø5mm;;4,01;Y;0;0;0;10;20;15;15;Y;Y;N;0,01;2;1,5;1,5;8483608090
8423;TSC-4283230436221;4283230436221;V014-TSC;Wellenkupplung Alu flex D15L20 Ø2 auf Ø4mm;;4,01;Y;0;0;0;10;20;15;15;Y;Y;N;0,01;2;1,5;1,5;8483608090
8422;TSC-4283230436122;4283230436122;V014-TSC;Wellenkupplung Alu flex D15L20 Ø2 auf Ø3mm;;4,01;Y;0;0;0;10;20;15;15;Y;Y;N;0,01;2;1,5;1,5;8483608090
8421;TSC-4283230436023;4283230436023;V014-TSC;Wellenkupplung Alu flex D15L20 Ø2 auf Ø2mm;;4,01;Y;0;0;0;10;20;15;15;Y;Y;N;0,01;2;1,5;1,5;8483608090
8419;TEW-4283230435927;4283230435927;V196-TEW;Steckverbinder M12 Kabelmontage, 8-Loch weiblich, 8-polig gewinkelt;;11,75;Y;0;0;1;30;55;20;20;N;N;N;0,03;5,5;2;2;8536901000
8418;TEW-4283230435828;4283230435828;V196-TEW;Steckverbinder M12 Kabelmontage, 8-Loch weiblich, 8-polig gerade;;11,75;Y;0;0;1;30;55;20;20;N;N;N;0,03;5,5;2;2;8536901000
8417;E013-01;4283230435729;V196-TEW;Steckverbinder M12 Kabelmontage, 5-Loch weiblich, 5-polig gewinkelt;;7,76;Y;11;0;0;30;40;36;20;Y;N;N;0,03;4;3,6;2;8536901000
8416;E016-02;4283230435620;V196-TEW;Steckverbinder M12 Kabelmontage, 5-Loch weiblich, 5-polig gerade;;7,76;Y;4;0;0;30;55;20;20;Y;N;N;0,03;5,5;2;2;8536901000
8415;TEW-4283230435521;4283230435521;V196-TEW;Steckverbinder M12 Kabelmontage, 4-Loch weiblich, 4-polig gewinkelt;;7,03;Y;0;0;0;30;40;36;20;N;N;N;0,03;4;3,6;2;8536901000
8414;TEW-4283230435422;4283230435422;V196-TEW;Steckverbinder M12 Kabelmontage, 4-Loch weiblich, 4-polig gerade;;7,03;Y;0;0;0;30;55;20;20;N;N;N;0,03;5,5;2;2;8536901000
8413;TEW-4283230435323;4283230435323;V196-TEW;Steckverbinder M12 Kabelmontage, 8-Pin männlich, 8-polig gewinkelt;;11,75;Y;0;0;0;30;55;20;20;N;N;N;0,03;5,5;2;2;8536901000
8412;TEW-4283230435224;4283230435224;V196-TEW;Steckverbinder M12 Kabelmontage, 8-Pin männlich, 8-polig gerade;;11,75;Y;0;0;0;30;55;20;20;N;N;N;0,03;5,5;2;2;8536901000
8411;E001-03;4283230435125;V196-TEW;Steckverbinder M12 Kabelmontage, 5-Pin männlich, 5-polig gewinkelt;;7,76;Y;4;0;0;20;41;39;20;Y;N;N;0,03;4,1;3,9;2;8536901000
8410;TEW-4283230435026;4283230435026;V196-TEW;Steckverbinder M12 Kabelmontage, 5-Pin männlich, 5-polig gerade;;7,74;Y;0;0;0;20;63;20;20;N;N;N;0,02;6,3;2;2;8536901000
8409;TEW-4283230434920;4283230434920;V196-TEW;Steckverbinder M12 Kabelmontage, 4-Pin männlich, 4-polig gewinkelt;;7,03;Y;0;0;0;20;40;40;20;N;N;N;0,03;4;4;2;8536901000
8408;TEW-4283230434821;4283230434821;V196-TEW;Steckverbinder M12 Kabelmontage, 4-Pin männlich, 4-polig gerade;;7,01;Y;0;0;0;20;62;20;20;N;N;N;0,02;6,2;2;2;8536901000
8402;B021-14;4283230434326;V170-TEW;Steckverbinder M12 Tafelmontage, 5-Pin männlich, Mutter rückseitig, 5-polig;;6,09;Y;1;0;0;10;25;17;17;Y;N;N;0,01;2,5;1,7;1,7;8536901000
8401;B018-12;4283230434227;V170-TEW;Steckverbinder M12 Tafelmontage, 5-Pin männlich, Mutter vorne, 5-polig;;6,09;Y;14;0;0;10;25;17;17;Y;N;N;0,01;2,5;1,7;1,7;8536901000
8400;B008-11;4283230434128;V170-TEW;Steckverbinder M12 Tafelmontage, 4-Pin männlich, Mutter rückseitig, 4-polig;;5,63;Y;2;0;0;10;25;17;17;Y;N;N;0,01;2,5;1,7;1,7;8536901000
8399;B003-14;4283230434029;V170-TEW;Steckverbinder M12 Tafelmontage, 4-Pin männlich, Mutter vorne, 4-polig;;5,63;Y;12;0;0;10;25;17;17;Y;N;N;0,01;2,5;1,7;1,7;8536901000
8394;B011-06;4283230433527;V170-TEW;Steckverbinder M12 Tafelmontage, 5-Loch weiblich, Mutter rückseitig, 5-polig;;6,09;Y;23;0;0;10;24;17;17;Y;N;N;0,01;2,4;1,7;1,7;8536901000
8393;TEW-4283230433428;4283230433428;V170-TEW;Steckverbinder M12 Tafelmontage, 5-Loch weiblich, Mutter vorne, 5-polig;;6,11;Y;0;0;0;20;25;18;18;N;N;N;0,02;2,5;1,8;1,8;8536901000
8392;B009-08;4283230433329;V170-TEW;Steckverbinder M12 Tafelmontage, 4-Loch weiblich, Mutter rückseitig, 4-polig;;5,63;Y;18;0;0;10;24;17;17;Y;N;N;0,01;2,4;1,7;1,7;8536901000
8391;B010-16;4283230433220;V170-TEW;Steckverbinder M12 Tafelmontage, 4-Loch weiblich, Mutter vorne, 4-polig;;5,65;Y;4;0;0;20;25;18;18;Y;N;N;0,02;2,5;1,8;1,8;8536901000
8389;H017-07;4283230433121;V188-TEW;Steckverbinder GX12 Leitung 6-Loch weiblich, mit 1m Kabel 6x0.3mm² AD Ø8.3mm, 6-polig;;10,2;Y;2;0;0;60;148;112;15;Y;N;N;0,06;14,8;11,2;1,5;8536901000
8388;TEW-4283230433022;4283230433022;V188-TEW;Steckverbinder GX12 Leitung 5-Loch weiblich, mit 1m Kabel 5x0.3mm² AD Ø5.6mm, 5-polig;;8,84;Y;0;0;0;50;148;112;15;N;N;N;0,05;14,8;11,2;1,5;8536901000
8387;TEW-4283230432926;4283230432926;V188-TEW;Steckverbinder GX12 Leitung 4-Loch weiblich, mit 1m Kabel 4x0.3mm² AD Ø5.1mm, 4-polig;;8,07;Y;0;0;0;40;148;112;15;N;N;N;0,05;14,8;11,2;1,5;8536901000
8386;H018-07;4283230432827;V188-TEW;Steckverbinder GX12 Leitung 3-Loch weiblich, mit 1m Kabel 3x0.3mm² AD Ø4.8mm, 3-polig;;7,33;Y;3;0;0;40;148;112;15;Y;N;N;0,04;14,8;11,2;1,5;8536901000
8385;H016-02;4283230432728;V188-TEW;Steckverbinder GX12 Leitung 2-Loch weiblich, mit 1m Kabel 2x0.3mm² AD Ø4.5mm, 2-polig;;6,78;Y;4;0;0;40;148;112;15;Y;N;N;0,04;14,8;11,2;1,5;8536901000
8384;TEW-4283230432629;4283230432629;V188-TEW;Steckverbinder GX12 Leitung 2-Loch weiblich, mit 20cm Kabel 2x0.3mm² AD Ø4.5mm, 2-polig;;3,1;Y;0;0;0;0;0;0;0;N;N;N;0;0;0;0;8536901000
8383;TEW-4283230432520;4283230432520;V188-TEW;Steckverbinder GX12 Leitung 6-Pin männlich, mit 1m Kabel 6x0.3mm² AD Ø8.3mm, 6-polig;;10,09;Y;0;0;0;40;103;88;15;N;N;N;0,04;10,3;8,8;1,5;8536901000
8382;H018-04;4283230432421;V188-TEW;Steckverbinder GX12 Leitung 5-Pin männlich, mit 1m Kabel 5x0.3mm² AD Ø5.6mm, 5-polig;;8,77;Y;4;0;0;50;107;107;15;Y;N;N;0,05;10,7;10,7;1,5;8536901000
8381;H018-09;4283230432322;V188-TEW;Steckverbinder GX12 Leitung 4-Pin männlich, mit 1m Kabel 4x0.3mm² AD Ø5.1mm, 4-polig;;7,99;Y;5;0;0;50;107;107;15;Y;N;N;0,05;10,7;10,7;1,5;8536901000
8380;H017-03;4283230432223;V188-TEW;Steckverbinder GX12 Leitung 3-Pin männlich, mit 1m Kabel 3x0.3mm² AD Ø4.8mm, 3-polig;;7,22;Y;5;0;0;40;103;88;15;Y;N;N;0,04;10,3;8,8;1,5;8536901000
8379;TEW-4283230432124;4283230432124;V188-TEW;Steckverbinder GX12 Leitung 2-Pin männlich, mit 1m Kabel 2x0.3mm² AD Ø4.5mm, 2-polig;;6,66;Y;0;0;0;40;103;88;15;N;N;N;0,04;10,3;8,8;1,5;8536901000
8378;TEW-4283230432025;4283230432025;V188-TEW;Steckverbinder GX12 Leitung 2-Pin männlich, mit 20cm Kabel 2x0.3mm² AD Ø4.5mm, 2-polig;;3,1;Y;0;0;0;0;0;0;0;N;N;N;0;0;0;0;8536901000
8375;TEW-4283230431929;4283230431929;V260-TEW;Steckverbinder 2EDGKDM-7.62 Kabel-Montage Klemmblock gerade Federklemme quick-connect 12-Loch WEIBLICH schraubbar;;2,01;Y;0;0;0;0;0;0;0;N;N;N;0;0;0;0;8536901000
8374;TEW-4283230431820;4283230431820;V260-TEW;Steckverbinder 2EDGKDM-7.62 Kabel-Montage Klemmblock gerade Federklemme quick-connect 10-Loch WEIBLICH schraubbar;;5,79;Y;0;0;0;10;66,6;24;15;N;N;N;0,01;6,66;2,4;1,5;8536901000
8373;TEW-4283230431721;4283230431721;V260-TEW;Steckverbinder 2EDGKDM-7.62 Kabel-Montage Klemmblock gerade Federklemme quick-connect 8-Loch WEIBLICH schraubbar;;5,16;Y;0;0;0;10;59;24;15;N;N;N;0,01;5,9;2,4;1,5;8536901000
8372;TEW-4283230431622;4283230431622;V260-TEW;Steckverbinder 2EDGKDM-7.62 Kabel-Montage Klemmblock gerade Federklemme quick-connect 6-Loch WEIBLICH schraubbar;;4,11;Y;0;0;0;10;43,7;24;15;N;N;N;0,01;4,37;2,4;1,5;8536901000
8371;TEW-4283230431523;4283230431523;V260-TEW;Steckverbinder 2EDGKDM-7.62 Kabel-Montage Klemmblock gerade Federklemme quick-connect 5-Loch WEIBLICH schraubbar;;3,83;Y;0;0;0;10;36,1;24;15;N;N;N;0,01;3,61;2,4;1,5;8536901000
8370;TEW-4283230431424;4283230431424;V260-TEW;Steckverbinder 2EDGKDM-7.62 Kabel-Montage Klemmblock gerade Federklemme quick-connect 4-Loch WEIBLICH schraubbar;;3,44;Y;0;0;0;10;28,5;24;15;N;N;N;0,01;2,85;2,4;1,5;8536901000
8369;B008-16;4283230431325;V260-TEW;Steckverbinder 2EDGKDM-7.62 Kabel-Montage Klemmblock gerade Federklemme quick-connect 3-Loch WEIBLICH schraubbar;;3,02;Y;9;0;0;10;20,9;24;15;Y;N;N;0,01;2,09;2,4;1,5;8536901000
8368;TEW-4283230431226;4283230431226;V260-TEW;Steckverbinder 2EDGKDM-7.62 Kabel-Montage Klemmblock gerade Federklemme quick-connect 2-Loch WEIBLICH schraubbar;;2,49;Y;0;0;0;10;13,2;24;15;N;N;N;0,01;1,32;2,4;1,5;8536901000
8367;TEW-4283230431127;4283230431127;V260-TEW;Steckverbinder 2EDGK-7.62 Kabel-Montage Klemmblock gerade 20-Loch WEIBLICH;;2,85;Y;0;0;0;0;0;0;0;N;N;N;0;0;0;0;8536901000
8366;TEW-4283230431028;4283230431028;V260-TEW;Steckverbinder 2EDGK-7.62 Kabel-Montage Klemmblock gerade 16-Loch WEIBLICH;;2,26;Y;0;0;0;0;0;0;0;N;N;N;0;0;0;0;8536901000
8365;TEW-4283230430922;4283230430922;V260-TEW;Steckverbinder 2EDGK-7.62 Kabel-Montage Klemmblock gerade 12-Loch WEIBLICH;;2,67;Y;0;0;1;10;105;18;15;N;N;N;0,01;10,5;1,8;1,5;8536901000
8364;TEW-4283230430823;4283230430823;V260-TEW;Steckverbinder 2EDGK-7.62 Kabel-Montage Klemmblock gerade 10-Loch WEIBLICH;;2,53;Y;0;0;1;10;75;18;15;N;N;N;0,01;7,5;1,8;1,5;8536901000
8363;TEW-4283230430724;4283230430724;V260-TEW;Steckverbinder 2EDGK-7.62 Kabel-Montage Klemmblock gerade 8-Loch WEIBLICH;;2,09;Y;0;0;1;10;58;18;15;N;N;N;0,01;5,8;1,8;1,5;8536901000
8362;TEW-4283230430625;4283230430625;V260-TEW;Steckverbinder 2EDGK-7.62 Kabel-Montage Klemmblock gerade 6-Loch WEIBLICH;;1,7;Y;0;0;1;10;44;18;15;N;N;N;0,01;4,4;1,8;1,5;8536901000
8361;TEW-4283230430526;4283230430526;V260-TEW;Steckverbinder 2EDGK-7.62 Kabel-Montage Klemmblock gerade 5-Loch WEIBLICH;;1,61;Y;0;0;1;10;36,1;18;15;N;N;N;0,01;3,61;1,8;1,5;8536901000
8360;TEW-4283230430427;4283230430427;V260-TEW;Steckverbinder 2EDGK-7.62 Kabel-Montage Klemmblock gerade 4-Loch WEIBLICH;;1,39;Y;0;0;1;10;28,4;18;15;N;N;N;0,01;2,84;1,8;1,5;8536901000
8359;B001-15;4283230430328;V260-TEW;Steckverbinder 2EDGK-7.62 Kabel-Montage Klemmblock gerade 3-Loch WEIBLICH;;1,21;Y;21;0;0;10;21;18;15;Y;N;N;0,01;2,1;1,8;1,5;8536901000
8358;TEW-4283230430229;4283230430229;V260-TEW;Steckverbinder 2EDGK-7.62 Kabel-Montage Klemmblock gerade 2-Loch WEIBLICH;;1,03;Y;0;0;1;10;13,2;18;15;N;N;N;0,01;1,32;1,8;1,5;8536901000
8355;TEW-4283230429926;4283230429926;V260-TEW;Steckverbinder 2EDGRCM-7.62 PCB-Montage Leiterplatten-Stiftleiste 90° gewinkelt 12-Pin MÄNNLICH schraubbar;;1,78;Y;0;0;0;0;101,2;12;12;N;N;N;0;10,12;1,2;1,2;8536901000
8354;TEW-4283230429827;4283230429827;V260-TEW;Steckverbinder 2EDGRCM-7.62 PCB-Montage Leiterplatten-Stiftleiste 90° gewinkelt 10-Pin MÄNNLICH schraubbar;;1,6;Y;0;0;0;0;86;12;12;N;N;N;0;8,6;1,2;1,2;8536901000
8353;TEW-4283230429728;4283230429728;V260-TEW;Steckverbinder 2EDGRCM-7.62 PCB-Montage Leiterplatten-Stiftleiste 90° gewinkelt 8-Pin MÄNNLICH schraubbar;;1,47;Y;0;0;0;0;70,8;12;12;N;N;N;0;7,08;1,2;1,2;8536901000
8352;TEW-4283230429629;4283230429629;V260-TEW;Steckverbinder 2EDGRCM-7.62 PCB-Montage Leiterplatten-Stiftleiste 90° gewinkelt 6-Pin MÄNNLICH schraubbar;;1,29;Y;0;0;0;0;55,5;12;12;N;N;N;0;5,55;1,2;1,2;8536901000
8351;TEW-4283230429520;4283230429520;V260-TEW;Steckverbinder 2EDGRCM-7.62 PCB-Montage Leiterplatten-Stiftleiste 90° gewinkelt 5-Pin MÄNNLICH schraubbar;;1,2;Y;0;0;0;0;47,9;12;12;N;N;N;0;4,79;1,2;1,2;8536901000
8350;TEW-4283230429421;4283230429421;V260-TEW;Steckverbinder 2EDGRCM-7.62 PCB-Montage Leiterplatten-Stiftleiste 90° gewinkelt 4-Pin MÄNNLICH schraubbar;;1,15;Y;0;0;0;0;41;12;12;N;N;N;0;4,1;1,2;1,2;8536901000
8349;TEW-4283230429223;4283230429223;V260-TEW;Steckverbinder 2EDGRCM-7.62 PCB-Montage Leiterplatten-Stiftleiste 90° gewinkelt 2-Pin MÄNNLICH schraubbar;;0,9;Y;0;0;0;0;25;12;12;N;N;N;0;2,5;1,2;1,2;8536901000
8346;TEW-4283230428929;4283230428929;V260-TEW;Steckverbinder 2EDGVCM-7.62 PCB-Montage Leiterplatten-Stiftleiste gerade 12-Pin MÄNNLICH schraubbar;;1,92;Y;0;0;1;10;101,2;12;10;N;N;N;0,01;10,12;1,2;1;8536901000
8345;TEW-4283230428820;4283230428820;V260-TEW;Steckverbinder 2EDGVCM-7.62 PCB-Montage Leiterplatten-Stiftleiste gerade 10-Pin MÄNNLICH schraubbar;;1,73;Y;0;0;1;10;86;12;10;N;N;N;0,01;8,6;1,2;1;8536901000
8344;TEW-4283230428721;4283230428721;V260-TEW;Steckverbinder 2EDGVCM-7.62 PCB-Montage Leiterplatten-Stiftleiste gerade 8-Pin MÄNNLICH schraubbar;;1,58;Y;0;0;1;10;70,8;12;10;N;N;N;0,01;7,08;1,2;1;8536901000
8343;TEW-4283230428622;4283230428622;V260-TEW;Steckverbinder 2EDGVCM-7.62 PCB-Montage Leiterplatten-Stiftleiste gerade 6-Pin MÄNNLICH schraubbar;;1,39;Y;0;0;1;10;55,5;12;10;N;N;N;0,01;5,55;1,2;1;8536901000
8342;TEW-4283230428523;4283230428523;V260-TEW;Steckverbinder 2EDGVCM-7.62 PCB-Montage Leiterplatten-Stiftleiste gerade 5-Pin MÄNNLICH schraubbar;;1,29;Y;0;0;1;10;47,9;12;10;N;N;N;0,01;4,79;1,2;1;8536901000
8341;TEW-4283230428424;4283230428424;V260-TEW;Steckverbinder 2EDGVCM-7.62 PCB-Montage Leiterplatten-Stiftleiste gerade 4-Pin MÄNNLICH schraubbar;;1,24;Y;0;0;1;10;40,3;12;10;N;N;N;0,01;4,03;1,2;1;8536901000
8340;B007-09;4283230428325;V260-TEW;Steckverbinder 2EDGVCM-7.62 PCB-Montage Leiterplatten-Stiftleiste gerade 3-Pin MÄNNLICH schraubbar;;1,09;Y;3;0;1;10;32,7;12;10;Y;N;N;0,01;3,27;1,2;1;8536901000
8339;TEW-4283230428226;4283230428226;V260-TEW;Steckverbinder 2EDGVCM-7.62 PCB-Montage Leiterplatten-Stiftleiste gerade 2-Pin MÄNNLICH schraubbar;;0,96;Y;0;0;1;10;25;12;10;N;N;N;0,01;2,5;1,2;1;8536901000
8338;TEW-4283230428127;4283230428127;V260-TEW;Steckverbinder 2EDGRC-7.62 PCB-Montage Leiterplatten-Stiftleiste 90° gewinkelt 20-Pin MÄNNLICH;;1,42;Y;0;0;0;0;0;0;0;N;N;N;0;0;0;0;8536901000
8337;TEW-4283230428028;4283230428028;V260-TEW;Steckverbinder 2EDGRC-7.62 PCB-Montage Leiterplatten-Stiftleiste 90° gewinkelt 16-Pin MÄNNLICH;;1,17;Y;0;0;0;0;0;0;0;N;N;N;0;0;0;0;8536901000
8336;TEW-4283230427922;4283230427922;V260-TEW;Steckverbinder 2EDGRC-7.62 PCB-Montage Leiterplatten-Stiftleiste 90° gewinkelt 12-Pin MÄNNLICH;;1,28;Y;0;0;0;0;91,2;13;9;N;N;N;0;9,12;1,3;0,9;8536901000
8335;TEW-4283230427823;4283230427823;V260-TEW;Steckverbinder 2EDGRC-7.62 PCB-Montage Leiterplatten-Stiftleiste 90° gewinkelt 10-Pin MÄNNLICH;;1,23;Y;0;0;0;0;76;13;9;N;N;N;0;7,6;1,3;0,9;8536901000
8334;TEW-4283230427724;4283230427724;V260-TEW;Steckverbinder 2EDGRC-7.62 PCB-Montage Leiterplatten-Stiftleiste 90° gewinkelt 8-Pin MÄNNLICH;;1,07;Y;0;0;0;0;60,8;13;9;N;N;N;0;6,08;1,3;0,9;8536901000
8333;TEW-4283230427625;4283230427625;V260-TEW;Steckverbinder 2EDGRC-7.62 PCB-Montage Leiterplatten-Stiftleiste 90° gewinkelt 6-Pin MÄNNLICH;;0,94;Y;0;0;0;0;45,5;13;9;N;N;N;0;4,55;1,3;0,9;8536901000
8332;TEW-4283230427526;4283230427526;V260-TEW;Steckverbinder 2EDGRC-7.62 PCB-Montage Leiterplatten-Stiftleiste 90° gewinkelt 5-Pin MÄNNLICH;;0,89;Y;0;0;0;0;37,9;13;9;N;N;N;0;3,79;1,3;0,9;8536901000
8331;TEW-4283230427427;4283230427427;V260-TEW;Steckverbinder 2EDGRC-7.62 PCB-Montage Leiterplatten-Stiftleiste 90° gewinkelt 4-Pin MÄNNLICH;;0,78;Y;0;0;0;0;30,3;13;9;N;N;N;0;3,03;1,3;0,9;8536901000
8330;B035-11;4283230427328;V260-TEW;Steckverbinder 2EDGRC-7.62 PCB-Montage Leiterplatten-Stiftleiste 90° gewinkelt 3-Pin MÄNNLICH;;0,74;Y;6;0;0;0;22,7;13;9;Y;N;N;0;2,27;1,3;0,9;8536901000
8329;TEW-4283230427229;4283230427229;V260-TEW;Steckverbinder 2EDGRC-7.62 PCB-Montage Leiterplatten-Stiftleiste 90° gewinkelt 2-Pin MÄNNLICH;;0,62;Y;0;0;0;0;15;13;9;N;N;N;0;1,5;1,3;0,9;8536901000
8328;TEW-4283230427120;4283230427120;V260-TEW;Steckverbinder 2EDGVC-7.62 PCB-Montage Leiterplatten-Stiftleiste gerade 20-Pin MÄNNLICH;;1,42;Y;0;0;0;0;0;0;0;N;N;N;0;0;0;0;8536901000
8327;TEW-4283230427021;4283230427021;V260-TEW;Steckverbinder 2EDGVC-7.62 PCB-Montage Leiterplatten-Stiftleiste gerade 16-Pin MÄNNLICH;;1,17;Y;0;0;0;0;0;0;0;N;N;N;0;0;0;0;8536901000
8326;TEW-4283230426925;4283230426925;V260-TEW;Steckverbinder 2EDGVC-7.62 PCB-Montage Leiterplatten-Stiftleiste gerade 12-Pin MÄNNLICH;;1,28;Y;0;0;0;0;89,4;16;8,5;N;N;N;0;8,94;1,6;0,85;8536901000
8325;TEW-4283230426826;4283230426826;V260-TEW;Steckverbinder 2EDGVC-7.62 PCB-Montage Leiterplatten-Stiftleiste gerade 10-Pin MÄNNLICH;;1,23;Y;0;0;0;0;74,2;16;8,5;N;N;N;0;7,42;1,6;0,85;8536901000
8324;TEW-4283230426727;4283230426727;V260-TEW;Steckverbinder 2EDGVC-7.62 PCB-Montage Leiterplatten-Stiftleiste gerade 8-Pin MÄNNLICH;;1,07;Y;0;0;0;0;59;16;8,5;N;N;N;0;5,9;1,6;0,85;8536901000
8323;TEW-4283230426628;4283230426628;V260-TEW;Steckverbinder 2EDGVC-7.62 PCB-Montage Leiterplatten-Stiftleiste gerade 6-Pin MÄNNLICH;;0,94;Y;0;0;0;0;43,7;16;8,5;N;N;N;0;4,37;1,6;0,85;8536901000
8322;TEW-4283230426529;4283230426529;V260-TEW;Steckverbinder 2EDGVC-7.62 PCB-Montage Leiterplatten-Stiftleiste gerade 5-Pin MÄNNLICH;;0,89;Y;0;0;0;0;36,1;16;8,5;N;N;N;0;3,61;1,6;0,85;8536901000
8321;TEW-4283230426420;4283230426420;V260-TEW;Steckverbinder 2EDGVC-7.62 PCB-Montage Leiterplatten-Stiftleiste gerade 4-Pin MÄNNLICH;;0,78;Y;0;0;0;0;28,5;16;8,5;N;N;N;0;2,85;1,6;0,85;8536901000
8320;B007-16;4283230426321;V260-TEW;Steckverbinder 2EDGVC-7.62 PCB-Montage Leiterplatten-Stiftleiste gerade 3-Pin MÄNNLICH;;0,74;Y;6;0;0;0;20,9;16;8,5;Y;N;N;0;2,09;1,6;0,85;8536901000
8319;TEW-4283230426222;4283230426222;V260-TEW;Steckverbinder 2EDGVC-7.62 PCB-Montage Leiterplatten-Stiftleiste gerade 2-Pin MÄNNLICH;;0,62;Y;0;0;0;0;13,2;16;8,5;N;N;N;0;1,32;1,6;0,85;8536901000
8317;TEW-4283230426123;4283230426123;V259-TEW;Steckverbinder Schienenmontage 15mm Hutschienenhalter Clip für 2EDG-UKR oder -UVK oder -UVKM;;0,5;Y;0;0;0;0;0;0;0;N;N;N;0;0;0;0;8536901000
8316;B023-14;4283230426024;V259-TEW;Steckverbinder Schienenmontage 35mm Hutschienenhalter Clip für 2EDG-UKR oder -UVK oder -UVKM;;0,5;Y;6;0;0;0;42;17;12;Y;N;N;0;4,2;1,7;1,2;8536901000
8314;TEW-4283230425928;4283230425928;V258-TEW;Steckverbinder 2EDG-UVKM-5.08 Schienenmontage 15 oder 35mm Hutschiene vertikal 24-Pin MÄNNLICH schraubbar;;10,5;Y;0;0;0;0;0;0;0;N;N;N;0;0;0;0;8536901000
8313;TEW-4283230425829;4283230425829;V258-TEW;Steckverbinder 2EDG-UVKM-5.08 Schienenmontage 15 oder 35mm Hutschiene vertikal 20-Pin MÄNNLICH schraubbar;;9,15;Y;0;0;0;0;0;0;0;N;N;N;0;0;0;0;8536901000
8312;TEW-4283230425720;4283230425720;V258-TEW;Steckverbinder 2EDG-UVKM-5.08 Schienenmontage 15 oder 35mm Hutschiene vertikal 16-Pin MÄNNLICH schraubbar;;7,39;Y;0;0;0;0;0;0;0;N;N;N;0;0;0;0;8536901000
8311;TEW-4283230425621;4283230425621;V258-TEW;Steckverbinder 2EDG-UVKM-5.08 Schienenmontage 15 oder 35mm Hutschiene vertikal 12-Pin MÄNNLICH schraubbar;;5,87;Y;0;0;0;0;0;0;0;N;N;N;0;0;0;0;8536901000
8310;TEW-4283230425522;4283230425522;V258-TEW;Steckverbinder 2EDG-UVKM-5.08 Schienenmontage 15 oder 35mm Hutschiene vertikal 10-Pin MÄNNLICH schraubbar;;5,12;Y;0;0;0;0;0;0;0;N;N;N;0;0;0;0;8536901000
8309;TEW-4283230425423;4283230425423;V258-TEW;Steckverbinder 2EDG-UVKM-5.08 Schienenmontage 15 oder 35mm Hutschiene vertikal 9-Pin MÄNNLICH schraubbar;;4,61;Y;0;0;0;0;0;0;0;N;N;N;0;0;0;0;8536901000
8308;TEW-4283230425324;4283230425324;V258-TEW;Steckverbinder 2EDG-UVKM-5.08 Schienenmontage 15 oder 35mm Hutschiene vertikal 8-Pin MÄNNLICH schraubbar;;4,19;Y;0;0;0;0;0;0;0;N;N;N;0;0;0;0;8536901000
8307;TEW-4283230425225;4283230425225;V258-TEW;Steckverbinder 2EDG-UVKM-5.08 Schienenmontage 15 oder 35mm Hutschiene vertikal 7-Pin MÄNNLICH schraubbar;;3,69;Y;0;0;0;0;0;0;0;N;N;N;0;0;0;0;8536901000
8306;TEW-4283230425126;4283230425126;V258-TEW;Steckverbinder 2EDG-UVKM-5.08 Schienenmontage 15 oder 35mm Hutschiene vertikal 6-Pin MÄNNLICH schraubbar;;3,35;Y;0;0;0;0;0;0;0;N;N;N;0;0;0;0;8536901000
8305;TEW-4283230425027;4283230425027;V258-TEW;Steckverbinder 2EDG-UVKM-5.08 Schienenmontage 15 oder 35mm Hutschiene vertikal 5-Pin MÄNNLICH schraubbar;;2,85;Y;0;0;0;0;0;0;0;N;N;N;0;0;0;0;8536901000
8304;TEW-4283230424921;4283230424921;V258-TEW;Steckverbinder 2EDG-UVKM-5.08 Schienenmontage 15 oder 35mm Hutschiene vertikal 4-Pin MÄNNLICH schraubbar;;2,43;Y;0;0;0;0;0;0;0;N;N;N;0;0;0;0;8536901000
8303;TEW-4283230424822;4283230424822;V258-TEW;Steckverbinder 2EDG-UVKM-5.08 Schienenmontage 15 oder 35mm Hutschiene vertikal 3-Pin MÄNNLICH schraubbar;;2,01;Y;0;0;0;0;0;0;0;N;N;N;0;0;0;0;8536901000
8302;TEW-4283230424723;4283230424723;V258-TEW;Steckverbinder 2EDG-UVKM-5.08 Schienenmontage 15 oder 35mm Hutschiene vertikal 2-Pin MÄNNLICH schraubbar;;1,5;Y;0;0;0;0;0;0;0;N;N;N;0;0;0;0;8536901000
8301;TEW-4283230424624;4283230424624;V258-TEW;Steckverbinder 2EDG-UVK-5.08 Schienenmontage 15 oder 35mm Hutschiene vertikal 24-Pin MÄNNLICH;;10,08;Y;0;0;0;0;0;0;0;N;N;N;0;0;0;0;8536901000
8300;TEW-4283230424525;4283230424525;V258-TEW;Steckverbinder 2EDG-UVK-5.08 Schienenmontage 15 oder 35mm Hutschiene vertikal 20-Pin MÄNNLICH;;8,73;Y;0;0;0;0;0;0;0;N;N;N;0;0;0;0;8536901000
8299;TEW-4283230424426;4283230424426;V258-TEW;Steckverbinder 2EDG-UVK-5.08 Schienenmontage 15 oder 35mm Hutschiene vertikal 16-Pin MÄNNLICH;;6,97;Y;0;0;0;0;0;0;0;N;N;N;0;0;0;0;8536901000
8298;TEW-4283230424327;4283230424327;V258-TEW;Steckverbinder 2EDG-UVK-5.08 Schienenmontage 15 oder 35mm Hutschiene vertikal 12-Pin MÄNNLICH;;5,37;Y;0;0;0;0;0;0;0;N;N;N;0;0;0;0;8536901000
8297;TEW-4283230424228;4283230424228;V258-TEW;Steckverbinder 2EDG-UVK-5.08 Schienenmontage 15 oder 35mm Hutschiene vertikal 10-Pin MÄNNLICH;;4,61;Y;0;0;0;0;0;0;0;N;N;N;0;0;0;0;8536901000
8296;TEW-4283230424129;4283230424129;V258-TEW;Steckverbinder 2EDG-UVK-5.08 Schienenmontage 15 oder 35mm Hutschiene vertikal 9-Pin MÄNNLICH;;4,19;Y;0;0;0;0;0;0;0;N;N;N;0;0;0;0;8536901000
8295;TEW-4283230424020;4283230424020;V258-TEW;Steckverbinder 2EDG-UVK-5.08 Schienenmontage 15 oder 35mm Hutschiene vertikal 8-Pin MÄNNLICH;;3,69;Y;0;0;0;0;0;0;0;N;N;N;0;0;0;0;8536901000
8294;TEW-4283230423924;4283230423924;V258-TEW;Steckverbinder 2EDG-UVK-5.08 Schienenmontage 15 oder 35mm Hutschiene vertikal 7-Pin MÄNNLICH;;3,35;Y;0;0;0;0;0;0;0;N;N;N;0;0;0;0;8536901000
8293;TEW-4283230423825;4283230423825;V258-TEW;Steckverbinder 2EDG-UVK-5.08 Schienenmontage 15 oder 35mm Hutschiene vertikal 6-Pin MÄNNLICH;;2,85;Y;0;0;0;0;0;0;0;N;N;N;0;0;0;0;8536901000
8292;TEW-4283230423726;4283230423726;V258-TEW;Steckverbinder 2EDG-UVK-5.08 Schienenmontage 15 oder 35mm Hutschiene vertikal 5-Pin MÄNNLICH;;2,43;Y;0;0;0;10;27;24;20;N;N;N;0,01;2,7;2,4;2;8536901000
8291;B035-05;4283230423627;V258-TEW;Steckverbinder 2EDG-UVK-5.08 Schienenmontage 15 oder 35mm Hutschiene vertikal 4-Pin MÄNNLICH;;2,01;Y;10;0;0;10;22;22;20;Y;N;N;0,01;2,2;2,2;2;8536901000
8290;TEW-4283230423528;4283230423528;V258-TEW;Steckverbinder 2EDG-UVK-5.08 Schienenmontage 15 oder 35mm Hutschiene vertikal 3-Pin MÄNNLICH;;1,5;Y;0;0;0;0;0;0;0;N;N;N;0;0;0;0;8536901000
8289;TEW-4283230423429;4283230423429;V258-TEW;Steckverbinder 2EDG-UVK-5.08 Schienenmontage 15 oder 35mm Hutschiene vertikal 2-Pin MÄNNLICH;;1;Y;0;0;0;0;0;0;0;N;N;N;0;0;0;0;8536901000
8288;TEW-4283230423320;4283230423320;V258-TEW;Steckverbinder 2EDG-UKR-5.08 Schienenmontage 15 oder 35mm Hutschiene 24-Pin MÄNNLICH;;10,08;Y;0;0;0;0;0;0;0;N;N;N;0;0;0;0;8536901000
8287;TEW-4283230423221;4283230423221;V258-TEW;Steckverbinder 2EDG-UKR-5.08 Schienenmontage 15 oder 35mm Hutschiene 20-Pin MÄNNLICH;;8,73;Y;0;0;0;0;0;0;0;N;N;N;0;0;0;0;8536901000
8286;TEW-4283230423122;4283230423122;V258-TEW;Steckverbinder 2EDG-UKR-5.08 Schienenmontage 15 oder 35mm Hutschiene 16-Pin MÄNNLICH;;6,97;Y;0;0;0;0;0;0;0;N;N;N;0;0;0;0;8536901000
8285;TEW-4283230423023;4283230423023;V258-TEW;Steckverbinder 2EDG-UKR-5.08 Schienenmontage 15 oder 35mm Hutschiene 12-Pin MÄNNLICH;;5,37;Y;0;0;0;0;0;0;0;N;N;N;0;0;0;0;8536901000
8284;TEW-4283230422927;4283230422927;V258-TEW;Steckverbinder 2EDG-UKR-5.08 Schienenmontage 15 oder 35mm Hutschiene 10-Pin MÄNNLICH;;4,61;Y;0;0;0;0;0;0;0;N;N;N;0;0;0;0;8536901000
8283;TEW-4283230422828;4283230422828;V258-TEW;Steckverbinder 2EDG-UKR-5.08 Schienenmontage 15 oder 35mm Hutschiene 9-Pin MÄNNLICH;;4,19;Y;0;0;0;0;0;0;0;N;N;N;0;0;0;0;8536901000
8282;TEW-4283230422729;4283230422729;V258-TEW;Steckverbinder 2EDG-UKR-5.08 Schienenmontage 15 oder 35mm Hutschiene 8-Pin MÄNNLICH;;3,69;Y;0;0;0;0;0;0;0;N;N;N;0;0;0;0;8536901000
8281;TEW-4283230422620;4283230422620;V258-TEW;Steckverbinder 2EDG-UKR-5.08 Schienenmontage 15 oder 35mm Hutschiene 7-Pin MÄNNLICH;;3,35;Y;0;0;0;0;0;0;0;N;N;N;0;0;0;0;8536901000
8280;TEW-4283230422521;4283230422521;V258-TEW;Steckverbinder 2EDG-UKR-5.08 Schienenmontage 15 oder 35mm Hutschiene 6-Pin MÄNNLICH;;2,85;Y;0;0;0;0;0;0;0;N;N;N;0;0;0;0;8536901000
8279;B036-12;4283230422422;V258-TEW;Steckverbinder 2EDG-UKR-5.08 Schienenmontage 15 oder 35mm Hutschiene 5-Pin MÄNNLICH;;2,43;Y;5;0;0;10;27;23;20;Y;N;N;0,01;2,7;2,3;2;8536901000
8278;A038-05;4283230422323;V258-TEW;Steckverbinder 2EDG-UKR-5.08 Schienenmontage 15 oder 35mm Hutschiene 4-Pin MÄNNLICH;;2,01;Y;3;0;0;10;23;21;20;Y;N;N;0,01;2,3;2,1;2;8536901000
8277;TEW-4283230422224;4283230422224;V258-TEW;Steckverbinder 2EDG-UKR-5.08 Schienenmontage 15 oder 35mm Hutschiene 3-Pin MÄNNLICH;;1,5;Y;0;0;0;0;0;0;0;N;N;N;0;0;0;0;8536901000
8276;TEW-4283230422125;4283230422125;V258-TEW;Steckverbinder 2EDG-UKR-5.08 Schienenmontage 15 oder 35mm Hutschiene 2-Pin MÄNNLICH;;1;Y;0;0;0;0;0;0;0;N;N;N;0;0;0;0;8536901000
8274;TEW-4283230422026;4283230422026;V257-TEW;Steckverbinder 2EDGWC-5.08 + 2EDGKDM Tafel- Durchsteckmontage lötfrei quick-connect 12-polig SET schraubbar;;8,52;Y;0;0;1;20;84,6;27;17;N;N;N;0,02;8,46;2,7;1,7;8536901000
8273;TEW-4283230421920;4283230421920;V257-TEW;Steckverbinder 2EDGWC-5.08 + 2EDGKDM Tafel- Durchsteckmontage lötfrei quick-connect 10-polig SET schraubbar;;7,28;Y;0;0;1;20;74,5;27;17;N;N;N;0,02;7,45;2,7;1,7;8536901000
8272;TEW-4283230421821;4283230421821;V257-TEW;Steckverbinder 2EDGWC-5.08 + 2EDGKDM Tafel- Durchsteckmontage lötfrei quick-connect 9-polig SET schraubbar;;7,18;Y;0;0;1;20;69,4;27;17;N;N;N;0,02;6,94;2,7;1,7;8536901000
8271;TEW-4283230421722;4283230421722;V257-TEW;Steckverbinder 2EDGWC-5.08 + 2EDGKDM Tafel- Durchsteckmontage lötfrei quick-connect 8-polig SET schraubbar;;6,51;Y;0;0;1;20;64,3;27;17;N;N;N;0,02;6,43;2,7;1,7;8536901000
8270;TEW-4283230421623;4283230421623;V257-TEW;Steckverbinder 2EDGWC-5.08 + 2EDGKDM Tafel- Durchsteckmontage lötfrei quick-connect 7-polig SET schraubbar;;6,01;Y;0;0;1;20;59,2;27;17;N;N;N;0,02;5,92;2,7;1,7;8536901000
8269;TEW-4283230421524;4283230421524;V257-TEW;Steckverbinder 2EDGWC-5.08 + 2EDGKDM Tafel- Durchsteckmontage lötfrei quick-connect 6-polig SET schraubbar;;5,71;Y;0;0;1;20;54,2;27;17;N;N;N;0,02;5,42;2,7;1,7;8536901000
8268;TEW-4283230421425;4283230421425;V257-TEW;Steckverbinder 2EDGWC-5.08 + 2EDGKDM Tafel- Durchsteckmontage lötfrei quick-connect 5-polig SET schraubbar;;4,96;Y;0;0;1;20;49,1;27;17;N;N;N;0,02;4,91;2,7;1,7;8536901000
8267;TEW-4283230421326;4283230421326;V257-TEW;Steckverbinder 2EDGWC-5.08 + 2EDGKDM Tafel- Durchsteckmontage lötfrei quick-connect 4-polig SET schraubbar;;4,2;Y;0;0;1;20;44;27;17;N;N;N;0,02;4,4;2,7;1,7;8536901000
8266;TEW-4283230421227;4283230421227;V257-TEW;Steckverbinder 2EDGWC-5.08 + 2EDGKDM Tafel- Durchsteckmontage lötfrei quick-connect 3-polig SET schraubbar;;3,89;Y;0;0;1;20;38,9;27;17;N;N;N;0,02;3,89;2,7;1,7;8536901000
8265;TEW-4283230421128;4283230421128;V257-TEW;Steckverbinder 2EDGWC-5.08 + 2EDGKDM Tafel- Durchsteckmontage lötfrei quick-connect 2-polig SET schraubbar;;3,21;Y;0;0;1;20;33,8;27;17;N;N;N;0,02;3,38;2,7;1,7;8536901000
8264;TEW-4283230421029;4283230421029;V257-TEW;Steckverbinder 2EDGWC-5.08 + 2EDG Tafel- Durchsteckmontage lötfrei 24-polig SET schraubbar;;10,97;Y;0;0;1;20;145,6;27;17;N;N;N;0,02;14,56;2,7;1,7;8536901000
8263;TEW-4283230420923;4283230420923;V257-TEW;Steckverbinder 2EDGWC-5.08 + 2EDG Tafel- Durchsteckmontage lötfrei 20-polig SET schraubbar;;8,29;Y;0;0;1;20;125,3;27;17;N;N;N;0,02;12,53;2,7;1,7;8536901000
8262;TEW-4283230420824;4283230420824;V257-TEW;Steckverbinder 2EDGWC-5.08 + 2EDG Tafel- Durchsteckmontage lötfrei 16-polig SET schraubbar;;6,79;Y;0;0;1;20;104,9;27;17;N;N;N;0,02;10,49;2,7;1,7;8536901000
8261;TEW-4283230420725;4283230420725;V257-TEW;Steckverbinder 2EDGWC-5.08 + 2EDG Tafel- Durchsteckmontage lötfrei 12-polig SET schraubbar;;5,88;Y;0;0;1;20;84,6;27;17;N;N;N;0,02;8,46;2,7;1,7;8536901000
8260;TEW-4283230420626;4283230420626;V257-TEW;Steckverbinder 2EDGWC-5.08 + 2EDG Tafel- Durchsteckmontage lötfrei 10-polig SET schraubbar;;5,39;Y;0;0;1;20;74,5;27;17;N;N;N;0,02;7,45;2,7;1,7;8536901000
8259;TEW-4283230420527;4283230420527;V257-TEW;Steckverbinder 2EDGWC-5.08 + 2EDG Tafel- Durchsteckmontage lötfrei 9-polig SET schraubbar;;4,96;Y;0;0;1;20;69,4;27;17;N;N;N;0,02;6,94;2,7;1,7;8536901000
8258;TEW-4283230420428;4283230420428;V257-TEW;Steckverbinder 2EDGWC-5.08 + 2EDG Tafel- Durchsteckmontage lötfrei 8-polig SET schraubbar;;4,52;Y;0;0;1;20;64,3;27;17;N;N;N;0,02;6,43;2,7;1,7;8536901000
8257;TEW-4283230420329;4283230420329;V257-TEW;Steckverbinder 2EDGWC-5.08 + 2EDG Tafel- Durchsteckmontage lötfrei 7-polig SET schraubbar;;4,31;Y;0;0;1;20;59,2;27;17;N;N;N;0,02;5,92;2,7;1,7;8536901000
8256;TEW-4283230420220;4283230420220;V257-TEW;Steckverbinder 2EDGWC-5.08 + 2EDG Tafel- Durchsteckmontage lötfrei 6-polig SET schraubbar;;3,85;Y;0;0;1;20;54,1;27;17;N;N;N;0,02;5,41;2,7;1,7;8536901000
8255;A037-05;4283230420121;V257-TEW;Steckverbinder 2EDGWC-5.08 + 2EDG Tafel- Durchsteckmontage lötfrei 5-polig SET schraubbar;;3,54;Y;3;0;0;20;49,1;27;17;Y;N;N;0,02;4,91;2,7;1,7;8536901000
8254;TEW-4283230420022;4283230420022;V257-TEW;Steckverbinder 2EDGWC-5.08 + 2EDG Tafel- Durchsteckmontage lötfrei 4-polig SET schraubbar;;3,21;Y;0;0;1;20;44;27;17;N;N;N;0,02;4,4;2,7;1,7;8536901000
8253;TEW-4283230419927;4283230419927;V257-TEW;Steckverbinder 2EDGWC-5.08 + 2EDG Tafel- Durchsteckmontage lötfrei 3-polig SET schraubbar;;2,67;Y;0;0;1;20;38,9;27;17;N;N;N;0,02;3,89;2,7;1,7;8536901000
8252;TEW-4283230419828;4283230419828;V257-TEW;Steckverbinder 2EDGWC-5.08 + 2EDG Tafel- Durchsteckmontage lötfrei 2-polig SET schraubbar;;2,33;Y;0;0;1;20;33,8;27;17;N;N;N;0,02;3,38;2,7;1,7;8536901000
8250;TEW-4283230419620;4283230419620;V257-TEW;Steckverbinder 2EDGWB-5.08 Tafel- Durchsteckmontage 20-Pin MÄNNLICH schraubbar;;4,02;Y;0;0;0;10;122,7;20;16;N;N;N;0,01;12,27;2;1,6;8536901000
8249;TEW-4283230419521;4283230419521;V257-TEW;Steckverbinder 2EDGWB-5.08 Tafel- Durchsteckmontage 16-Pin MÄNNLICH schraubbar;;3,53;Y;0;0;0;10;102,4;20;16;N;N;N;0,01;10,24;2;1,6;8536901000
8248;TEW-4283230419422;4283230419422;V257-TEW;Steckverbinder 2EDGWB-5.08 Tafel- Durchsteckmontage 12-Pin MÄNNLICH schraubbar;;2,79;Y;0;0;0;10;82,1;20;16;N;N;N;0,01;8,21;2;1,6;8536901000
8247;TEW-4283230419323;4283230419323;V257-TEW;Steckverbinder 2EDGWB-5.08 Tafel- Durchsteckmontage 10-Pin MÄNNLICH schraubbar;;2,7;Y;0;0;0;10;71,9;20;16;N;N;N;0,01;7,19;2;1,6;8536901000
8246;TEW-4283230419224;4283230419224;V257-TEW;Steckverbinder 2EDGWB-5.08 Tafel- Durchsteckmontage 9-Pin MÄNNLICH schraubbar;;2,5;Y;0;0;0;10;66,8;20;16;N;N;N;0,01;6,68;2;1,6;8536901000
8245;TEW-4283230419125;4283230419125;V257-TEW;Steckverbinder 2EDGWB-5.08 Tafel- Durchsteckmontage 8-Pin MÄNNLICH schraubbar;;2,31;Y;0;0;0;10;61,7;20;16;N;N;N;0,01;6,17;2;1,6;8536901000
8244;TEW-4283230419026;4283230419026;V257-TEW;Steckverbinder 2EDGWB-5.08 Tafel- Durchsteckmontage 7-Pin MÄNNLICH schraubbar;;2,06;Y;0;0;0;10;56,7;20;16;N;N;N;0,01;5,67;2;1,6;8536901000
8243;TEW-4283230418920;4283230418920;V257-TEW;Steckverbinder 2EDGWB-5.08 Tafel- Durchsteckmontage 6-Pin MÄNNLICH schraubbar;;1,87;Y;0;0;0;10;51,6;20;16;N;N;N;0,01;5,16;2;1,6;8536901000
8242;TEW-4283230418821;4283230418821;V257-TEW;Steckverbinder 2EDGWB-5.08 Tafel- Durchsteckmontage 5-Pin MÄNNLICH schraubbar;;1,68;Y;0;0;0;10;46,5;20;16;N;N;N;0,01;4,65;2;1,6;8536901000
8241;TEW-4283230418722;4283230418722;V257-TEW;Steckverbinder 2EDGWB-5.08 Tafel- Durchsteckmontage 4-Pin MÄNNLICH schraubbar;;1,58;Y;0;0;0;10;41,4;20;16;N;N;N;0,01;4,14;2;1,6;8536901000
8240;TEW-4283230418623;4283230418623;V257-TEW;Steckverbinder 2EDGWB-5.08 Tafel- Durchsteckmontage 3-Pin MÄNNLICH schraubbar;;1,44;Y;0;0;0;10;36,3;20;16;N;N;N;0,01;3,63;2;1,6;8536901000
8239;TEW-4283230418524;4283230418524;V257-TEW;Steckverbinder 2EDGWB-5.08 Tafel- Durchsteckmontage 2-Pin MÄNNLICH schraubbar;;1,19;Y;0;0;0;10;31,3;20;16;N;N;N;0,01;3,13;2;1,6;8536901000
8238;TEW-4283230418425;4283230418425;V257-TEW;Steckverbinder 2EDGRHM-5.08 PCB-Montage Leiterplatten-Stiftleiste DOPPELBLOCK 12-Pin MÄNNLICH schraubbar;;5,33;Y;0;0;0;10;71,3;30;22;N;N;N;0,01;7,13;3;2,2;8536901000
8237;TEW-4283230418326;4283230418326;V257-TEW;Steckverbinder 2EDGRHM-5.08 PCB-Montage Leiterplatten-Stiftleiste DOPPELBLOCK 10-Pin MÄNNLICH schraubbar;;4,6;Y;0;0;0;10;61,2;30;22;N;N;N;0,01;6,12;3;2,2;8536901000
8236;TEW-4283230418227;4283230418227;V257-TEW;Steckverbinder 2EDGRHM-5.08 PCB-Montage Leiterplatten-Stiftleiste DOPPELBLOCK 9-Pin MÄNNLICH schraubbar;;4,2;Y;0;0;0;10;56,1;30;22;N;N;N;0,01;5,61;3;2,2;8536901000
8235;TEW-4283230418128;4283230418128;V257-TEW;Steckverbinder 2EDGRHM-5.08 PCB-Montage Leiterplatten-Stiftleiste DOPPELBLOCK 8-Pin MÄNNLICH schraubbar;;4,08;Y;0;0;0;10;51;30;22;N;N;N;0,01;5,1;3;2,2;8536901000
8234;TEW-4283230418029;4283230418029;V257-TEW;Steckverbinder 2EDGRHM-5.08 PCB-Montage Leiterplatten-Stiftleiste DOPPELBLOCK 7-Pin MÄNNLICH schraubbar;;3,88;Y;0;0;0;10;45,9;30;22;N;N;N;0,01;4,59;3;2,2;8536901000
8233;TEW-4283230417923;4283230417923;V257-TEW;Steckverbinder 2EDGRHM-5.08 PCB-Montage Leiterplatten-Stiftleiste DOPPELBLOCK 6-Pin MÄNNLICH schraubbar;;3,45;Y;0;0;0;10;40,8;30;22;N;N;N;0,01;4,08;3;2,2;8536901000
8232;TEW-4283230417824;4283230417824;V257-TEW;Steckverbinder 2EDGRHM-5.08 PCB-Montage Leiterplatten-Stiftleiste DOPPELBLOCK 5-Pin MÄNNLICH schraubbar;;3,2;Y;0;0;0;10;35,8;30;22;N;N;N;0,01;3,58;3;2,2;8536901000
8231;TEW-4283230417725;4283230417725;V257-TEW;Steckverbinder 2EDGRHM-5.08 PCB-Montage Leiterplatten-Stiftleiste DOPPELBLOCK 4-Pin MÄNNLICH schraubbar;;2,74;Y;0;0;0;10;30,7;30;22;N;N;N;0,01;3,07;3;2,2;8536901000
8230;TEW-4283230417626;4283230417626;V257-TEW;Steckverbinder 2EDGRHM-5.08 PCB-Montage Leiterplatten-Stiftleiste DOPPELBLOCK 3-Pin MÄNNLICH schraubbar;;2,53;Y;0;0;0;10;25,6;30;22;N;N;N;0,01;2,56;3;2,2;8536901000
8229;TEW-4283230417527;4283230417527;V257-TEW;Steckverbinder 2EDGRHM-5.08 PCB-Montage Leiterplatten-Stiftleiste DOPPELBLOCK 2-Pin MÄNNLICH schraubbar;;2;Y;0;0;0;10;20,5;30;22;N;N;N;0,01;2,05;3;2,2;8536901000
8228;TEW-4283230417428;4283230417428;V257-TEW;Steckverbinder 2EDGRH-5.08 PCB-Montage Leiterplatten-Stiftleiste DOPPELBLOCK 12-Pin MÄNNLICH;;4,24;Y;0;0;0;10;62,6;30;22;N;N;N;0,01;6,26;3;2,2;8536901000
8227;A033-14;4283230417329;V257-TEW;Steckverbinder 2EDGRH-5.08 PCB-Montage Leiterplatten-Stiftleiste DOPPELBLOCK 10-Pin MÄNNLICH;;3,85;Y;3;0;0;10;52,4;30;22;Y;N;N;0,01;5,24;3;2,2;8536901000
8226;TEW-4283230417220;4283230417220;V257-TEW;Steckverbinder 2EDGRH-5.08 PCB-Montage Leiterplatten-Stiftleiste DOPPELBLOCK 9-Pin MÄNNLICH;;3,69;Y;0;0;0;10;47,3;30;22;N;N;N;0,01;4,73;3;2,2;8536901000
8225;TEW-4283230417121;4283230417121;V257-TEW;Steckverbinder 2EDGRH-5.08 PCB-Montage Leiterplatten-Stiftleiste DOPPELBLOCK 8-Pin MÄNNLICH;;3,53;Y;0;0;0;10;42,2;30;22;N;N;N;0,01;4,22;3;2,2;8536901000
8224;TEW-4283230417022;4283230417022;V257-TEW;Steckverbinder 2EDGRH-5.08 PCB-Montage Leiterplatten-Stiftleiste DOPPELBLOCK 7-Pin MÄNNLICH;;3,16;Y;0;0;0;10;37,2;30;22;N;N;N;0,01;3,72;3;2,2;8536901000
8223;TEW-4283230416926;4283230416926;V257-TEW;Steckverbinder 2EDGRH-5.08 PCB-Montage Leiterplatten-Stiftleiste DOPPELBLOCK 6-Pin MÄNNLICH;;2,74;Y;0;0;0;10;32,1;30;22;N;N;N;0,01;3,21;3;2,2;8536901000
8222;TEW-4283230416827;4283230416827;V257-TEW;Steckverbinder 2EDGRH-5.08 PCB-Montage Leiterplatten-Stiftleiste DOPPELBLOCK 5-Pin MÄNNLICH;;2,49;Y;0;0;0;10;27;30;22;N;N;N;0,01;2,7;3;2,2;8536901000
8221;TEW-4283230416728;4283230416728;V257-TEW;Steckverbinder 2EDGRH-5.08 PCB-Montage Leiterplatten-Stiftleiste DOPPELBLOCK 4-Pin MÄNNLICH;;2,18;Y;0;0;0;10;21,9;30;22;N;N;N;0,01;2,19;3;2,2;8536901000
8220;TEW-4283230416629;4283230416629;V257-TEW;Steckverbinder 2EDGRH-5.08 PCB-Montage Leiterplatten-Stiftleiste DOPPELBLOCK 3-Pin MÄNNLICH;;1,74;Y;0;0;0;10;16,8;30;22;N;N;N;0,01;1,68;3;2,2;8536901000
8219;TEW-4283230416520;4283230416520;V257-TEW;Steckverbinder 2EDGRH-5.08 PCB-Montage Leiterplatten-Stiftleiste DOPPELBLOCK 2-Pin MÄNNLICH;;1,43;Y;0;0;0;10;11,8;30;22;N;N;N;0,01;1,18;3;2,2;8536901000
8216;TEW-4283230416223;4283230416223;V257-TEW;Steckverbinder 2EDGKDM-5.08 Kabel-Montage Klemmblock gerade Federklemme quick-connect 16-Loch WEIBLICH schraubbar;;6,17;Y;0;0;0;10;91,6;24;15;N;N;N;0,01;9,16;2,4;1,5;8536901000
8215;TEW-4283230416124;4283230416124;V257-TEW;Steckverbinder 2EDGKDM-5.08 Kabel-Montage Klemmblock gerade Federklemme quick-connect 12-Loch WEIBLICH schraubbar;;5,31;Y;0;0;0;10;71,3;24;15;N;N;N;0,01;7,13;2,4;1,5;8536901000
8214;TEW-4283230416025;4283230416025;V257-TEW;Steckverbinder 2EDGKDM-5.08 Kabel-Montage Klemmblock gerade Federklemme quick-connect 10-Loch WEIBLICH schraubbar;;4,58;Y;0;0;0;10;61,1;24;15;N;N;N;0,01;6,11;2,4;1,5;8536901000
8213;TEW-4283230415929;4283230415929;V257-TEW;Steckverbinder 2EDGKDM-5.08 Kabel-Montage Klemmblock gerade Federklemme quick-connect 9-Loch WEIBLICH schraubbar;;4,18;Y;0;0;0;10;56;24;15;N;N;N;0,01;5,6;2,4;1,5;8536901000
8212;TEW-4283230415820;4283230415820;V257-TEW;Steckverbinder 2EDGKDM-5.08 Kabel-Montage Klemmblock gerade Federklemme quick-connect 8-Loch WEIBLICH schraubbar;;4,06;Y;0;0;0;10;51;24;15;N;N;N;0,01;5,1;2,4;1,5;8536901000
8211;TEW-4283230415721;4283230415721;V257-TEW;Steckverbinder 2EDGKDM-5.08 Kabel-Montage Klemmblock gerade Federklemme quick-connect 7-Loch WEIBLICH schraubbar;;3,87;Y;0;0;0;10;45,9;24;15;N;N;N;0,01;4,59;2,4;1,5;8536901000
8210;TEW-4283230415622;4283230415622;V257-TEW;Steckverbinder 2EDGKDM-5.08 Kabel-Montage Klemmblock gerade Federklemme quick-connect 6-Loch WEIBLICH schraubbar;;3,44;Y;0;0;0;10;40,8;24;15;N;N;N;0,01;4,08;2,4;1,5;8536901000
8209;TEW-4283230415523;4283230415523;V257-TEW;Steckverbinder 2EDGKDM-5.08 Kabel-Montage Klemmblock gerade Federklemme quick-connect 5-Loch WEIBLICH schraubbar;;3,19;Y;0;0;0;10;35,7;24;15;N;N;N;0,01;3,57;2,4;1,5;8536901000
8208;TEW-4283230415424;4283230415424;V257-TEW;Steckverbinder 2EDGKDM-5.08 Kabel-Montage Klemmblock gerade Federklemme quick-connect 4-Loch WEIBLICH schraubbar;;2,74;Y;0;0;0;10;30,6;24;15;N;N;N;0,01;3,06;2,4;1,5;8536901000
8207;TEW-4283230415325;4283230415325;V257-TEW;Steckverbinder 2EDGKDM-5.08 Kabel-Montage Klemmblock gerade Federklemme quick-connect 3-Loch WEIBLICH schraubbar;;2,53;Y;0;0;0;10;25,6;24;15;N;N;N;0,01;2,56;2,4;1,5;8536901000
8206;TEW-4283230415226;4283230415226;V257-TEW;Steckverbinder 2EDGKDM-5.08 Kabel-Montage Klemmblock gerade Federklemme quick-connect 2-Loch WEIBLICH schraubbar;;2;Y;0;0;0;10;20,5;24;15;N;N;N;0,01;2,05;2,4;1,5;8536901000
8204;TEW-4283230415028;4283230415028;V257-TEW;Steckverbinder 2EDGKD-5.08 Kabel-Montage Klemmblock gerade Federklemme quick-connect 20-Loch WEIBLICH;;6,51;Y;0;0;0;10;102,3;24;15;N;N;N;0,01;10,23;2,4;1,5;8536901000
8203;TEW-4283230414922;4283230414922;V257-TEW;Steckverbinder 2EDGKD-5.08 Kabel-Montage Klemmblock gerade Federklemme quick-connect 16-Loch WEIBLICH;;5,85;Y;0;0;0;10;82;24;15;N;N;N;0,01;8,2;2,4;1,5;8536901000
8202;TEW-4283230414823;4283230414823;V257-TEW;Steckverbinder 2EDGKD-5.08 Kabel-Montage Klemmblock gerade Federklemme quick-connect 12-Loch WEIBLICH;;4,51;Y;0;0;0;10;61,7;24;15;N;N;N;0,01;6,17;2,4;1,5;8536901000
8201;TEW-4283230414724;4283230414724;V257-TEW;Steckverbinder 2EDGKD-5.08 Kabel-Montage Klemmblock gerade Federklemme quick-connect 10-Loch WEIBLICH;;4,06;Y;0;0;0;10;51,5;24;15;N;N;N;0,01;5,15;2,4;1,5;8536901000
8200;TEW-4283230414625;4283230414625;V257-TEW;Steckverbinder 2EDGKD-5.08 Kabel-Montage Klemmblock gerade Federklemme quick-connect 9-Loch WEIBLICH;;3,71;Y;0;0;0;10;46,4;24;15;N;N;N;0,01;4,64;2,4;1,5;8536901000
8199;TEW-4283230414526;4283230414526;V257-TEW;Steckverbinder 2EDGKD-5.08 Kabel-Montage Klemmblock gerade Federklemme quick-connect 8-Loch WEIBLICH;;3,52;Y;0;0;0;10;41,4;24;15;N;N;N;0,01;4,14;2,4;1,5;8536901000
8198;TEW-4283230414427;4283230414427;V257-TEW;Steckverbinder 2EDGKD-5.08 Kabel-Montage Klemmblock gerade Federklemme quick-connect 7-Loch WEIBLICH;;3,31;Y;0;0;0;10;36,3;24;15;N;N;N;0,01;3,63;2,4;1,5;8536901000
8197;TEW-4283230414328;4283230414328;V257-TEW;Steckverbinder 2EDGKD-5.08 Kabel-Montage Klemmblock gerade Federklemme quick-connect 6-Loch WEIBLICH;;2,9;Y;0;0;0;10;31,2;24;15;N;N;N;0,01;3,12;2,4;1,5;8536901000
8196;A037-14;4283230414229;V257-TEW;Steckverbinder 2EDGKD-5.08 Kabel-Montage Klemmblock gerade Federklemme quick-connect 5-Loch WEIBLICH;;2,62;Y;9;0;0;10;26,1;24;15;Y;N;N;0,01;2,61;2,4;1,5;8536901000
8195;TEW-4283230414120;4283230414120;V257-TEW;Steckverbinder 2EDGKD-5.08 Kabel-Montage Klemmblock gerade Federklemme quick-connect 4-Loch WEIBLICH;;2,31;Y;0;0;0;10;21;24;15;N;N;N;0,01;2,1;2,4;1,5;8536901000
8194;TEW-4283230414021;4283230414021;V257-TEW;Steckverbinder 2EDGKD-5.08 Kabel-Montage Klemmblock gerade Federklemme quick-connect 3-Loch WEIBLICH;;1,83;Y;0;0;0;10;16;24;15;N;N;N;0,01;1,6;2,4;1,5;8536901000
8193;TEW-4283230413925;4283230413925;V257-TEW;Steckverbinder 2EDGKD-5.08 Kabel-Montage Klemmblock gerade Federklemme quick-connect 2-Loch WEIBLICH;;1,48;Y;0;0;0;10;10,9;24;15;N;N;N;0,01;1,09;2,4;1,5;8536901000
8192;TEW-4283230413826;4283230413826;V257-TEW;Steckverbinder 2EDGKAM-5.08 Kabel-Montage Klemmblock vertikal MIT Haken 24-Loch WEIBLICH schraubbar;;5,68;Y;0;0;0;10;132,9;26;13;N;N;N;0,01;13,29;2,6;1,3;8536901000
8191;TEW-4283230413727;4283230413727;V257-TEW;Steckverbinder 2EDGKAM-5.08 Kabel-Montage Klemmblock vertikal MIT Haken 20-Loch WEIBLICH schraubbar;;5,17;Y;0;0;0;10;112,6;26;13;N;N;N;0,01;11,26;2,6;1,3;8536901000
8190;TEW-4283230413628;4283230413628;V257-TEW;Steckverbinder 2EDGKAM-5.08 Kabel-Montage Klemmblock vertikal MIT Haken 16-Loch WEIBLICH schraubbar;;4,27;Y;0;0;0;10;92,3;26;13;N;N;N;0,01;9,23;2,6;1,3;8536901000
8189;TEW-4283230413529;4283230413529;V257-TEW;Steckverbinder 2EDGKAM-5.08 Kabel-Montage Klemmblock vertikal MIT Haken 12-Loch WEIBLICH schraubbar;;3,8;Y;0;0;0;10;72;26;13;N;N;N;0,01;7,2;2,6;1,3;8536901000
8188;TEW-4283230413420;4283230413420;V257-TEW;Steckverbinder 2EDGKAM-5.08 Kabel-Montage Klemmblock vertikal MIT Haken 10-Loch WEIBLICH schraubbar;;3,44;Y;0;0;0;10;61,8;26;13;N;N;N;0,01;6,18;2,6;1,3;8536901000
8187;TEW-4283230413321;4283230413321;V257-TEW;Steckverbinder 2EDGKAM-5.08 Kabel-Montage Klemmblock vertikal MIT Haken 9-Loch WEIBLICH schraubbar;;3,19;Y;0;0;0;10;56,7;26;13;N;N;N;0,01;5,67;2,6;1,3;8536901000
8186;TEW-4283230413222;4283230413222;V257-TEW;Steckverbinder 2EDGKAM-5.08 Kabel-Montage Klemmblock vertikal MIT Haken 8-Loch WEIBLICH schraubbar;;2,9;Y;0;0;0;10;51,6;26;13;N;N;N;0,01;5,16;2,6;1,3;8536901000
8185;TEW-4283230413123;4283230413123;V257-TEW;Steckverbinder 2EDGKAM-5.08 Kabel-Montage Klemmblock vertikal MIT Haken 7-Loch WEIBLICH schraubbar;;2,65;Y;0;0;0;10;46,6;26;13;N;N;N;0,01;4,66;2,6;1,3;8536901000
8184;TEW-4283230413024;4283230413024;V257-TEW;Steckverbinder 2EDGKAM-5.08 Kabel-Montage Klemmblock vertikal MIT Haken 6-Loch WEIBLICH schraubbar;;2,49;Y;0;0;0;10;41,5;26;13;N;N;N;0,01;4,15;2,6;1,3;8536901000
8183;A038-14;4283230412928;V257-TEW;Steckverbinder 2EDGKAM-5.08 Kabel-Montage Klemmblock vertikal MIT Haken 5-Loch WEIBLICH schraubbar;;2,31;Y;12;0;0;10;36,4;26;13;Y;N;N;0,01;3,64;2,6;1,3;8536901000
8182;TEW-4283230412829;4283230412829;V257-TEW;Steckverbinder 2EDGKAM-5.08 Kabel-Montage Klemmblock vertikal MIT Haken 4-Loch WEIBLICH schraubbar;;2;Y;0;0;0;10;31,3;26;13;N;N;N;0,01;3,13;2,6;1,3;8536901000
8181;TEW-4283230412720;4283230412720;V257-TEW;Steckverbinder 2EDGKAM-5.08 Kabel-Montage Klemmblock vertikal MIT Haken 3-Loch WEIBLICH schraubbar;;1,61;Y;0;0;0;10;26,2;26;13;N;N;N;0,01;2,62;2,6;1,3;8536901000
8180;TEW-4283230412621;4283230412621;V257-TEW;Steckverbinder 2EDGKAM-5.08 Kabel-Montage Klemmblock vertikal MIT Haken 2-Loch WEIBLICH schraubbar;;1,48;Y;0;0;0;10;21,2;26;13;N;N;N;0,01;2,12;2,6;1,3;8536901000
8179;TEW-4283230412522;4283230412522;V257-TEW;Steckverbinder 2EDGKA-5.08 Kabel-Montage Klemmblock vertikal MIT Haken 24-Loch WEIBLICH;;5,14;Y;0;0;0;10;121,9;26;13;N;N;N;0,01;12,19;2,6;1,3;8536901000
8178;TEW-4283230412423;4283230412423;V257-TEW;Steckverbinder 2EDGKA-5.08 Kabel-Montage Klemmblock vertikal MIT Haken 20-Loch WEIBLICH;;4,38;Y;0;0;0;10;101,6;26;13;N;N;N;0,01;10,16;2,6;1,3;8536901000
8177;TEW-4283230412324;4283230412324;V257-TEW;Steckverbinder 2EDGKA-5.08 Kabel-Montage Klemmblock vertikal MIT Haken 16-Loch WEIBLICH;;3,8;Y;0;0;0;10;81,3;26;13;N;N;N;0,01;8,13;2,6;1,3;8536901000
8176;TEW-4283230412225;4283230412225;V257-TEW;Steckverbinder 2EDGKA-5.08 Kabel-Montage Klemmblock vertikal MIT Haken 12-Loch WEIBLICH;;3,32;Y;0;0;0;10;61;26;13;N;N;N;0,01;6,1;2,6;1,3;8536901000
8175;TEW-4283230412126;4283230412126;V257-TEW;Steckverbinder 2EDGKA-5.08 Kabel-Montage Klemmblock vertikal MIT Haken 10-Loch WEIBLICH;;2,82;Y;0;0;0;10;50,8;26;13;N;N;N;0,01;5,08;2,6;1,3;8536901000
8174;TEW-4283230412027;4283230412027;V257-TEW;Steckverbinder 2EDGKA-5.08 Kabel-Montage Klemmblock vertikal MIT Haken 9-Loch WEIBLICH;;2,57;Y;0;0;0;10;45,7;26;13;N;N;N;0,01;4,57;2,6;1,3;8536901000
8173;TEW-4283230411921;4283230411921;V257-TEW;Steckverbinder 2EDGKA-5.08 Kabel-Montage Klemmblock vertikal MIT Haken 8-Loch WEIBLICH;;2,49;Y;0;0;0;10;40,6;26;13;N;N;N;0,01;4,06;2,6;1,3;8536901000
8172;TEW-4283230411822;4283230411822;V257-TEW;Steckverbinder 2EDGKA-5.08 Kabel-Montage Klemmblock vertikal MIT Haken 7-Loch WEIBLICH;;2,31;Y;0;0;0;10;35,6;26;13;N;N;N;0,01;3,56;2,6;1,3;8536901000
8171;A033-16;4283230411624;V257-TEW;Steckverbinder 2EDGKA-5.08 Kabel-Montage Klemmblock vertikal MIT Haken 5-Loch WEIBLICH;;1,79;Y;8;0;0;10;25,4;26;13;Y;N;N;0,01;2,54;2,6;1,3;8536901000
8170;TEW-4283230411525;4283230411525;V257-TEW;Steckverbinder 2EDGKA-5.08 Kabel-Montage Klemmblock vertikal MIT Haken 4-Loch WEIBLICH;;1,52;Y;0;0;0;10;20,3;26;13;N;N;N;0,01;2,03;2,6;1,3;8536901000
8169;TEW-4283230411426;4283230411426;V257-TEW;Steckverbinder 2EDGKA-5.08 Kabel-Montage Klemmblock vertikal MIT Haken 3-Loch WEIBLICH;;1,4;Y;0;0;0;10;15,2;26;13;N;N;N;0,01;1,52;2,6;1,3;8536901000
8168;TEW-4283230411327;4283230411327;V257-TEW;Steckverbinder 2EDGKA-5.08 Kabel-Montage Klemmblock vertikal MIT Haken 2-Loch WEIBLICH;;1,08;Y;0;0;0;10;10,2;26;13;N;N;N;0,01;1,02;2,6;1,3;8536901000
8167;TEW-4283230411228;4283230411228;V257-TEW;Steckverbinder 2EDGRKC-5.08 Kabel-Montage Klemmblock Montagelöcher Ø3.8mm 16-Pin MÄNNLICH;;4,68;Y;0;0;1;10;82,1;19;15;N;N;N;0,01;8,21;1,9;1,5;8536901000
8166;TEW-4283230411129;4283230411129;V257-TEW;Steckverbinder 2EDGRKC-5.08 Kabel-Montage Klemmblock Montagelöcher Ø3.8mm 14-Pin MÄNNLICH;;4,43;Y;0;0;1;10;71,9;19;15;N;N;N;0,01;7,19;1,9;1,5;8536901000
8165;TEW-4283230411020;4283230411020;V257-TEW;Steckverbinder 2EDGRKC-5.08 Kabel-Montage Klemmblock Montagelöcher Ø3.8mm 12-Pin MÄNNLICH;;4,04;Y;0;0;1;10;61,8;19;15;N;N;N;0,01;6,18;1,9;1,5;8536901000
8164;TEW-4283230410924;4283230410924;V257-TEW;Steckverbinder 2EDGRKC-5.08 Kabel-Montage Klemmblock Montagelöcher Ø3.8mm 10-Pin MÄNNLICH;;3,65;Y;0;0;1;10;51,6;19;15;N;N;N;0,01;5,16;1,9;1,5;8536901000
8163;TEW-4283230410825;4283230410825;V257-TEW;Steckverbinder 2EDGRKC-5.08 Kabel-Montage Klemmblock Montagelöcher Ø3.8mm 9-Pin MÄNNLICH;;3,33;Y;0;0;1;10;46,5;19;15;N;N;N;0,01;4,65;1,9;1,5;8536901000
8162;TEW-4283230410726;4283230410726;V257-TEW;Steckverbinder 2EDGRKC-5.08 Kabel-Montage Klemmblock Montagelöcher Ø3.8mm 8-Pin MÄNNLICH;;3,01;Y;0;0;1;10;41,4;19;15;N;N;N;0,01;4,14;1,9;1,5;8536901000
8161;TEW-4283230410627;4283230410627;V257-TEW;Steckverbinder 2EDGRKC-5.08 Kabel-Montage Klemmblock Montagelöcher Ø3.8mm 7-Pin MÄNNLICH;;2,83;Y;0;0;1;10;36,4;19;15;N;N;N;0,01;3,64;1,9;1,5;8536901000
8160;TEW-4283230410528;4283230410528;V257-TEW;Steckverbinder 2EDGRKC-5.08 Kabel-Montage Klemmblock Montagelöcher Ø3.8mm 6-Pin MÄNNLICH;;2,64;Y;0;0;1;10;31,3;19;15;N;N;N;0,01;3,13;1,9;1,5;8536901000
8159;A035-16;4283230410429;V257-TEW;Steckverbinder 2EDGRKC-5.08 Kabel-Montage Klemmblock Montagelöcher Ø3.8mm 5-Pin MÄNNLICH;;2,26;Y;12;0;0;10;26,2;19;15;Y;N;N;0,01;2,62;1,9;1,5;8536901000
8158;TEW-4283230410320;4283230410320;V257-TEW;Steckverbinder 2EDGRKC-5.08 Kabel-Montage Klemmblock Montagelöcher Ø3.8mm 4-Pin MÄNNLICH;;1,92;Y;0;0;1;10;21,1;19;15;N;N;N;0,01;2,11;1,9;1,5;8536901000
8157;TEW-4283230410221;4283230410221;V257-TEW;Steckverbinder 2EDGRKC-5.08 Kabel-Montage Klemmblock Montagelöcher Ø3.8mm 3-Pin MÄNNLICH;;1,68;Y;0;0;1;10;16;19;15;N;N;N;0,01;1,6;1,9;1,5;8536901000
8156;TEW-4283230410122;4283230410122;V257-TEW;Steckverbinder 2EDGRKC-5.08 Kabel-Montage Klemmblock Montagelöcher Ø3.8mm 2-Pin MÄNNLICH;;1,34;Y;0;0;1;10;11;19;15;N;N;N;0,01;1,1;1,9;1,5;8536901000
8155;TEW-4283230410023;4283230410023;V257-TEW;Steckverbinder 2EDGKP-5.08 Kabel-Montage Klemmblock 16-Pin MÄNNLICH schraubbar auf Bodenplatte;;4,19;Y;0;0;0;0;0;0;0;N;N;N;0;0;0;0;8536901000
8153;TEW-4283230409829;4283230409829;V257-TEW;Steckverbinder 2EDGKP-5.08 Kabel-Montage Klemmblock 12-Pin MÄNNLICH schraubbar auf Bodenplatte;;3,27;Y;0;0;0;0;0;0;0;N;N;N;0;0;0;0;8536901000
8152;TEW-4283230409720;4283230409720;V257-TEW;Steckverbinder 2EDGKP-5.08 Kabel-Montage Klemmblock 10-Pin MÄNNLICH schraubbar auf Bodenplatte;;2,85;Y;0;0;0;0;0;0;0;N;N;N;0;0;0;0;8536901000
8151;TEW-4283230409621;4283230409621;V257-TEW;Steckverbinder 2EDGKP-5.08 Kabel-Montage Klemmblock 9-Pin MÄNNLICH schraubbar auf Bodenplatte;;3,44;Y;0;0;1;10;55,7;19;15;N;N;N;0,01;5,57;1,9;1,5;8536901000
8150;TEW-4283230409522;4283230409522;V257-TEW;Steckverbinder 2EDGKP-5.08 Kabel-Montage Klemmblock 8-Pin MÄNNLICH schraubbar auf Bodenplatte;;3,31;Y;0;0;1;10;50,6;19;15;N;N;N;0,01;5,06;1,9;1,5;8536901000
8149;TEW-4283230409423;4283230409423;V257-TEW;Steckverbinder 2EDGKP-5.08 Kabel-Montage Klemmblock 7-Pin MÄNNLICH schraubbar auf Bodenplatte;;3,02;Y;0;0;1;10;45,5;19;15;N;N;N;0,01;4,55;1,9;1,5;8536901000
8148;TEW-4283230409324;4283230409324;V257-TEW;Steckverbinder 2EDGKP-5.08 Kabel-Montage Klemmblock 6-Pin MÄNNLICH schraubbar auf Bodenplatte;;2,7;Y;0;0;1;10;40,4;19;15;N;N;N;0,01;4,04;1,9;1,5;8536901000
8147;B039-09;4283230409225;V257-TEW;Steckverbinder 2EDGKP-5.08 Kabel-Montage Klemmblock 5-Pin MÄNNLICH schraubbar auf Bodenplatte;;2,49;Y;6;0;0;10;35,3;19;15;Y;N;N;0,01;3,53;1,9;1,5;8536901000
8146;TEW-4283230409126;4283230409126;V257-TEW;Steckverbinder 2EDGKP-5.08 Kabel-Montage Klemmblock 4-Pin MÄNNLICH schraubbar auf Bodenplatte;;2,27;Y;0;0;1;10;30,3;19;15;N;N;N;0,01;3,03;1,9;1,5;8536901000
8145;TEW-4283230409027;4283230409027;V257-TEW;Steckverbinder 2EDGKP-5.08 Kabel-Montage Klemmblock 3-Pin MÄNNLICH schraubbar auf Bodenplatte;;1,92;Y;0;0;1;10;25,2;19;15;N;N;N;0,01;2,52;1,9;1,5;8536901000
8144;TEW-4283230408921;4283230408921;V257-TEW;Steckverbinder 2EDGKP-5.08 Kabel-Montage Klemmblock 2-Pin MÄNNLICH schraubbar auf Bodenplatte;;1,52;Y;0;0;1;10;20,1;19;15;N;N;N;0,01;2,01;1,9;1,5;8536901000
8143;TEW-4283230408822;4283230408822;V257-TEW;Steckverbinder 2EDGKP-5.08 Kabel-Montage Klemmblock 16-Pin MÄNNLICH;;4,3;Y;0;0;1;10;82,6;19;15;N;N;N;0,01;8,26;1,9;1,5;8536901000
8141;TEW-4283230408624;4283230408624;V257-TEW;Steckverbinder 2EDGKP-5.08 Kabel-Montage Klemmblock 12-Pin MÄNNLICH;;3,52;Y;0;0;1;10;62,3;19;15;N;N;N;0,01;6,23;1,9;1,5;8536901000
8140;TEW-4283230408525;4283230408525;V257-TEW;Steckverbinder 2EDGKP-5.08 Kabel-Montage Klemmblock 10-Pin MÄNNLICH;;3,19;Y;0;0;1;10;52,1;19;15;N;N;N;0,01;5,21;1,9;1,5;8536901000
8139;TEW-4283230408426;4283230408426;V257-TEW;Steckverbinder 2EDGKP-5.08 Kabel-Montage Klemmblock 9-Pin MÄNNLICH;;2,9;Y;0;0;1;10;47,1;19;15;N;N;N;0,01;4,71;1,9;1,5;8536901000
8138;TEW-4283230408327;4283230408327;V257-TEW;Steckverbinder 2EDGKP-5.08 Kabel-Montage Klemmblock 8-Pin MÄNNLICH;;2,65;Y;0;0;1;10;42;19;15;N;N;N;0,01;4,2;1,9;1,5;8536901000
8137;TEW-4283230408228;4283230408228;V257-TEW;Steckverbinder 2EDGKP-5.08 Kabel-Montage Klemmblock 7-Pin MÄNNLICH;;2,49;Y;0;0;1;10;36,9;19;15;N;N;N;0,01;3,69;1,9;1,5;8536901000
8136;TEW-4283230408129;4283230408129;V257-TEW;Steckverbinder 2EDGKP-5.08 Kabel-Montage Klemmblock 6-Pin MÄNNLICH;;2,31;Y;0;0;1;10;31,8;19;15;N;N;N;0,01;3,18;1,9;1,5;8536901000
8135;A036-14;4283230408020;V257-TEW;Steckverbinder 2EDGKP-5.08 Kabel-Montage Klemmblock 5-Pin MÄNNLICH;;2;Y;3;0;0;10;26,7;19;15;Y;N;N;0,01;2,67;1,9;1,5;8536901000
8134;TEW-4283230407924;4283230407924;V257-TEW;Steckverbinder 2EDGKP-5.08 Kabel-Montage Klemmblock 4-Pin MÄNNLICH;;1,7;Y;0;0;1;10;21,7;19;15;N;N;N;0,01;2,17;1,9;1,5;8536901000
8133;TEW-4283230407825;4283230407825;V257-TEW;Steckverbinder 2EDGKP-5.08 Kabel-Montage Klemmblock 3-Pin MÄNNLICH;;1,48;Y;0;0;1;10;16,6;19;15;N;N;N;0,01;1,66;1,9;1,5;8536901000
8132;TEW-4283230407726;4283230407726;V257-TEW;Steckverbinder 2EDGKP-5.08 Kabel-Montage Klemmblock 2-Pin MÄNNLICH;;1,21;Y;0;0;1;10;11,5;19;15;N;N;N;0,01;1,15;1,9;1,5;8536901000
8131;TEW-4283230407627;4283230407627;V257-TEW;Steckverbinder 2EDGKM-5.08 Kabel-Montage Klemmblock gerade 24-Loch WEIBLICH schraubbar;;4,08;Y;0;0;1;10;132;18;15;N;N;N;0,01;13,2;1,8;1,5;8536901000
8130;TEW-4283230407528;4283230407528;V257-TEW;Steckverbinder 2EDGKM-5.08 Kabel-Montage Klemmblock gerade 20-Loch WEIBLICH schraubbar;;3,69;Y;0;0;1;10;111,8;18;15;N;N;N;0,01;11,18;1,8;1,5;8536901000
8129;TEW-4283230407429;4283230407429;V257-TEW;Steckverbinder 2EDGKM-5.08 Kabel-Montage Klemmblock gerade 16-Loch WEIBLICH schraubbar;;3,24;Y;0;0;1;10;91,5;18;15;N;N;N;0,01;9,15;1,8;1,5;8536901000
8128;TEW-4283230407320;4283230407320;V257-TEW;Steckverbinder 2EDGKM-5.08 Kabel-Montage Klemmblock gerade 14-Loch WEIBLICH schraubbar;;2,91;Y;0;0;1;10;81;18;15;N;N;N;0,01;8,1;1,8;1,5;8536901000
8127;TEW-4283230407221;4283230407221;V257-TEW;Steckverbinder 2EDGKM-5.08 Kabel-Montage Klemmblock gerade 12-Loch WEIBLICH schraubbar;;2,57;Y;0;0;1;10;71;18;15;N;N;N;0,01;7,1;1,8;1,5;8536901000
8126;TEW-4283230407122;4283230407122;V257-TEW;Steckverbinder 2EDGKM-5.08 Kabel-Montage Klemmblock gerade 10-Loch WEIBLICH schraubbar;;2,49;Y;0;0;1;10;61;18;15;N;N;N;0,01;6,1;1,8;1,5;8536901000
8125;TEW-4283230407023;4283230407023;V257-TEW;Steckverbinder 2EDGKM-5.08 Kabel-Montage Klemmblock gerade 9-Loch WEIBLICH schraubbar;;2,31;Y;0;0;1;10;56;18;15;N;N;N;0,01;5,6;1,8;1,5;8536901000
8124;TEW-4283230406927;4283230406927;V257-TEW;Steckverbinder 2EDGKM-5.08 Kabel-Montage Klemmblock gerade 8-Loch WEIBLICH schraubbar;;2,14;Y;0;0;1;10;50;18;15;N;N;N;0,01;5;1,8;1,5;8536901000
8123;TEW-4283230406828;4283230406828;V257-TEW;Steckverbinder 2EDGKM-5.08 Kabel-Montage Klemmblock gerade 7-Loch WEIBLICH schraubbar;;1,92;Y;0;0;1;10;45;18;15;N;N;N;0,01;4,5;1,8;1,5;8536901000
8122;TEW-4283230406729;4283230406729;V257-TEW;Steckverbinder 2EDGKM-5.08 Kabel-Montage Klemmblock gerade 6-Loch WEIBLICH schraubbar;;1,74;Y;0;0;1;10;40;18;15;N;N;N;0,01;4;1,8;1,5;8536901000
8121;A036-04;4283230406620;V257-TEW;Steckverbinder 2EDGKM-5.08 Kabel-Montage Klemmblock gerade 5-Loch WEIBLICH schraubbar;;1,57;Y;20;0;0;10;35;18;15;Y;N;N;0,01;3,5;1,8;1,5;8536901000
8120;TEW-4283230406521;4283230406521;V257-TEW;Steckverbinder 2EDGKM-5.08 Kabel-Montage Klemmblock gerade 4-Loch WEIBLICH schraubbar;;1,48;Y;0;0;1;10;30;18;15;N;N;N;0,01;3;1,8;1,5;8536901000
8119;TEW-4283230406422;4283230406422;V257-TEW;Steckverbinder 2EDGKM-5.08 Kabel-Montage Klemmblock gerade 3-Loch WEIBLICH schraubbar;;1,35;Y;0;0;1;10;25;18;15;N;N;N;0,01;2,5;1,8;1,5;8536901000
8118;A034-13;4283230406323;V257-TEW;Steckverbinder 2EDGKM-5.08 Kabel-Montage Klemmblock gerade 2-Loch WEIBLICH schraubbar;;1,12;Y;17;0;0;10;20;18;15;Y;N;N;0,01;2;1,8;1,5;8536901000
8117;TEW-4283230406224;4283230406224;V257-TEW;Steckverbinder 2EDGK-5.08 Kabel-Montage Klemmblock gerade 24-Loch WEIBLICH;;4,31;Y;0;0;1;10;146;17;15;N;N;N;0,01;14,6;1,7;1,5;8536901000
8116;TEW-4283230406125;4283230406125;V257-TEW;Steckverbinder 2EDGK-5.08 Kabel-Montage Klemmblock gerade 20-Loch WEIBLICH;;3,88;Y;0;0;1;10;101;17;15;N;N;N;0,01;10,1;1,7;1,5;8536901000
8115;TEW-4283230406026;4283230406026;V257-TEW;Steckverbinder 2EDGK-5.08 Kabel-Montage Klemmblock gerade 16-Loch WEIBLICH;;3,36;Y;0;0;1;10;81;17;15;N;N;N;0,01;8,1;1,7;1,5;8536901000
8114;TEW-4283230405920;4283230405920;V257-TEW;Steckverbinder 2EDGK-5.08 Kabel-Montage Klemmblock gerade 14-Loch WEIBLICH;;3,02;Y;0;0;1;10;71;17;15;N;N;N;0,01;7,1;1,7;1,5;8536901000
8113;TEW-4283230405821;4283230405821;V257-TEW;Steckverbinder 2EDGK-5.08 Kabel-Montage Klemmblock gerade 12-Loch WEIBLICH;;2,65;Y;0;0;1;10;60;17;15;N;N;N;0,01;6;1,7;1,5;8536901000
8112;TEW-4283230405722;4283230405722;V257-TEW;Steckverbinder 2EDGK-5.08 Kabel-Montage Klemmblock gerade 10-Loch WEIBLICH;;2,53;Y;0;0;1;10;50;17;15;N;N;N;0,01;5;1,7;1,5;8536901000
8111;TEW-4283230405623;4283230405623;V257-TEW;Steckverbinder 2EDGK-5.08 Kabel-Montage Klemmblock gerade 9-Loch WEIBLICH;;2,31;Y;0;0;1;10;45;17;15;N;N;N;0,01;4,5;1,7;1,5;8536901000
8110;TEW-4283230405524;4283230405524;V257-TEW;Steckverbinder 2EDGK-5.08 Kabel-Montage Klemmblock gerade 8-Loch WEIBLICH;;2,09;Y;0;0;1;10;40;17;15;N;N;N;0,01;4;1,7;1,5;8536901000
8109;TEW-4283230405425;4283230405425;V257-TEW;Steckverbinder 2EDGK-5.08 Kabel-Montage Klemmblock gerade 7-Loch WEIBLICH;;1,92;Y;0;0;1;10;36;17;15;N;N;N;0,01;3,6;1,7;1,5;8536901000
8108;TEW-4283230405326;4283230405326;V257-TEW;Steckverbinder 2EDGK-5.08 Kabel-Montage Klemmblock gerade 6-Loch WEIBLICH;;1,7;Y;0;0;0;10;30;17;15;N;N;N;0,01;3;1,7;1,5;8536901000
8107;A038-09;4283230405227;V257-TEW;Steckverbinder 2EDGK-5.08 Kabel-Montage Klemmblock gerade 5-Loch WEIBLICH;;1,61;Y;65;0;0;10;25;17;15;Y;N;N;0,01;2,5;1,7;1,5;8536901000
8106;A029-10;4283230405128;V257-TEW;Steckverbinder 2EDGK-5.08 Kabel-Montage Klemmblock gerade 4-Loch WEIBLICH;;1,39;Y;4;0;0;10;20;17;15;Y;N;N;0,01;2;1,7;1,5;8536901000
8105;TEW-4283230405029;4283230405029;V257-TEW;Steckverbinder 2EDGK-5.08 Kabel-Montage Klemmblock gerade 3-Loch WEIBLICH;;1,21;Y;0;0;1;10;15,2;17;15;N;N;N;0,01;1,52;1,7;1,5;8536901000
8104;A023-10;4283230404923;V257-TEW;Steckverbinder 2EDGK-5.08 Kabel-Montage Klemmblock gerade 2-Loch WEIBLICH;;1,03;Y;13;0;0;10;10,2;15;11;Y;N;N;0,01;1,02;1,5;1,1;8536901000
8100;TEW-4283230404527;4283230404527;V257-TEW;Steckverbinder 2EDGA-5.08 PCB-Montage Leiterplatten-Stiftleiste 90° gewinkelt 12-Loch WEIBLICH;;3,83;Y;0;0;0;10;63;20;10;N;N;N;0,01;6,3;2;1;8536901000
8099;TEW-4283230404428;4283230404428;V257-TEW;Steckverbinder 2EDGA-5.08 PCB-Montage Leiterplatten-Stiftleiste 90° gewinkelt 10-Loch WEIBLICH;;3,44;Y;0;0;0;10;52,8;20;10;N;N;N;0,01;5,28;2;1;8536901000
8098;TEW-4283230404329;4283230404329;V257-TEW;Steckverbinder 2EDGA-5.08 PCB-Montage Leiterplatten-Stiftleiste 90° gewinkelt 9-Loch WEIBLICH;;3,31;Y;0;0;0;10;47,7;20;10;N;N;N;0,01;4,77;2;1;8536901000
8097;TEW-4283230404220;4283230404220;V257-TEW;Steckverbinder 2EDGA-5.08 PCB-Montage Leiterplatten-Stiftleiste 90° gewinkelt 8-Loch WEIBLICH;;3,02;Y;0;0;0;10;42,6;20;10;N;N;N;0,01;4,26;2;1;8536901000
8096;TEW-4283230404121;4283230404121;V257-TEW;Steckverbinder 2EDGA-5.08 PCB-Montage Leiterplatten-Stiftleiste 90° gewinkelt 7-Loch WEIBLICH;;2,7;Y;0;0;0;10;37,6;20;10;N;N;N;0,01;3,76;2;1;8536901000
8095;TEW-4283230404022;4283230404022;V257-TEW;Steckverbinder 2EDGA-5.08 PCB-Montage Leiterplatten-Stiftleiste 90° gewinkelt 6-Loch WEIBLICH;;2,49;Y;0;0;0;10;32,5;20;10;N;N;N;0,01;3,25;2;1;8536901000
8094;A028-13;4283230403926;V257-TEW;Steckverbinder 2EDGA-5.08 PCB-Montage Leiterplatten-Stiftleiste 90° gewinkelt 5-Loch WEIBLICH;;2,27;Y;6;0;0;10;27,4;20;10;Y;N;N;0,01;2,74;2;1;8536901000
8093;TEW-4283230403827;4283230403827;V257-TEW;Steckverbinder 2EDGA-5.08 PCB-Montage Leiterplatten-Stiftleiste 90° gewinkelt 4-Loch WEIBLICH;;1,92;Y;0;0;0;10;22,3;20;10;N;N;N;0,01;2,23;2;1;8536901000
8092;TEW-4283230403728;4283230403728;V257-TEW;Steckverbinder 2EDGA-5.08 PCB-Montage Leiterplatten-Stiftleiste 90° gewinkelt 3-Loch WEIBLICH;;1,52;Y;0;0;0;10;17,2;20;10;N;N;N;0,01;1,72;2;1;8536901000
8091;TEW-4283230403629;4283230403629;V257-TEW;Steckverbinder 2EDGA-5.08 PCB-Montage Leiterplatten-Stiftleiste 90° gewinkelt 2-Loch WEIBLICH;;1,31;Y;0;0;0;10;12,2;20;10;N;N;N;0,01;1,22;2;1;8536901000
8087;TEW-4283230403223;4283230403223;V257-TEW;Steckverbinder 2EDGB-5.08 PCB-Montage Leiterplatten-Stiftleiste 12-Loch WEIBLICH;;3,83;Y;0;0;0;0;63;19;12;N;N;N;0;6,3;1,9;1,2;8536901000
8086;TEW-4283230403124;4283230403124;V257-TEW;Steckverbinder 2EDGB-5.08 PCB-Montage Leiterplatten-Stiftleiste 10-Loch WEIBLICH;;3,44;Y;0;0;0;0;52,8;19;12;N;N;N;0;5,28;1,9;1,2;8536901000
8085;TEW-4283230403025;4283230403025;V257-TEW;Steckverbinder 2EDGB-5.08 PCB-Montage Leiterplatten-Stiftleiste 9-Loch WEIBLICH;;3,31;Y;0;0;0;0;47,7;19;12;N;N;N;0;4,77;1,9;1,2;8536901000
8084;TEW-4283230402929;4283230402929;V257-TEW;Steckverbinder 2EDGB-5.08 PCB-Montage Leiterplatten-Stiftleiste 8-Loch WEIBLICH;;3,02;Y;0;0;0;0;42,6;19;12;N;N;N;0;4,26;1,9;1,2;8536901000
8083;TEW-4283230402820;4283230402820;V257-TEW;Steckverbinder 2EDGB-5.08 PCB-Montage Leiterplatten-Stiftleiste 7-Loch WEIBLICH;;2,68;Y;0;0;0;0;37,6;19;12;N;N;N;0;3,76;1,9;1,2;8536901000
8082;TEW-4283230402721;4283230402721;V257-TEW;Steckverbinder 2EDGB-5.08 PCB-Montage Leiterplatten-Stiftleiste 6-Loch WEIBLICH;;2,47;Y;0;0;0;0;32,5;19;12;N;N;N;0;3,25;1,9;1,2;8536901000
8081;A033-12;4283230402622;V257-TEW;Steckverbinder 2EDGB-5.08 PCB-Montage Leiterplatten-Stiftleiste 5-Loch WEIBLICH;;2,25;Y;6;0;0;0;27,4;19;12;Y;N;N;0;2,74;1,9;1,2;8536901000
8080;TEW-4283230402523;4283230402523;V257-TEW;Steckverbinder 2EDGB-5.08 PCB-Montage Leiterplatten-Stiftleiste 4-Loch WEIBLICH;;1,9;Y;0;0;0;0;22,3;19;12;N;N;N;0;2,23;1,9;1,2;8536901000
8079;TEW-4283230402424;4283230402424;V257-TEW;Steckverbinder 2EDGB-5.08 PCB-Montage Leiterplatten-Stiftleiste 3-Loch WEIBLICH;;1,51;Y;0;0;0;0;17,2;19;12;N;N;N;0;1,72;1,9;1,2;8536901000
8078;TEW-4283230402325;4283230402325;V257-TEW;Steckverbinder 2EDGB-5.08 PCB-Montage Leiterplatten-Stiftleiste 2-Loch WEIBLICH;;1,29;Y;0;0;0;0;12,2;19;12;N;N;N;0;1,22;1,9;1,2;8536901000
8077;TEW-4283230402226;4283230402226;V257-TEW;Steckverbinder 2EDGRCM-5.08 PCB-Montage Leiterplatten-Stiftleiste 90° gewinkelt 24-Pin MÄNNLICH schraubbar;;2,27;Y;0;0;0;0;132,1;12;12;N;N;N;0;13,21;1,2;1,2;8536901000
8076;TEW-4283230402127;4283230402127;V257-TEW;Steckverbinder 2EDGRCM-5.08 PCB-Montage Leiterplatten-Stiftleiste 90° gewinkelt 20-Pin MÄNNLICH schraubbar;;1,96;Y;0;0;0;0;111,8;12;12;N;N;N;0;11,18;1,2;1,2;8536901000
8075;TEW-4283230402028;4283230402028;V257-TEW;Steckverbinder 2EDGRCM-5.08 PCB-Montage Leiterplatten-Stiftleiste 90° gewinkelt 16-Pin MÄNNLICH schraubbar;;1,69;Y;0;0;0;0;91,4;12;12;N;N;N;0;9,14;1,2;1,2;8536901000
8074;TEW-4283230401922;4283230401922;V257-TEW;Steckverbinder 2EDGRCM-5.08 PCB-Montage Leiterplatten-Stiftleiste 90° gewinkelt 14-Pin MÄNNLICH schraubbar;;1,51;Y;0;0;0;0;81,3;12;12;N;N;N;0;8,13;1,2;1,2;8536901000
8073;TEW-4283230401823;4283230401823;V257-TEW;Steckverbinder 2EDGRCM-5.08 PCB-Montage Leiterplatten-Stiftleiste 90° gewinkelt 12-Pin MÄNNLICH schraubbar;;1,51;Y;0;0;0;0;71,1;12;12;N;N;N;0;7,11;1,2;1,2;8536901000
8072;TEW-4283230401724;4283230401724;V257-TEW;Steckverbinder 2EDGRCM-5.08 PCB-Montage Leiterplatten-Stiftleiste 90° gewinkelt 10-Pin MÄNNLICH schraubbar;;1,39;Y;0;0;0;0;61;12;12;N;N;N;0;6,1;1,2;1,2;8536901000
8071;TEW-4283230401625;4283230401625;V257-TEW;Steckverbinder 2EDGRCM-5.08 PCB-Montage Leiterplatten-Stiftleiste 90° gewinkelt 9-Pin MÄNNLICH schraubbar;;1,29;Y;0;0;0;0;55,9;12;12;N;N;N;0;5,59;1,2;1,2;8536901000
8070;TEW-4283230401526;4283230401526;V257-TEW;Steckverbinder 2EDGRCM-5.08 PCB-Montage Leiterplatten-Stiftleiste 90° gewinkelt 8-Pin MÄNNLICH schraubbar;;1,2;Y;0;0;0;0;50,8;12;12;N;N;N;0;5,08;1,2;1,2;8536901000
8069;TEW-4283230401427;4283230401427;V257-TEW;Steckverbinder 2EDGRCM-5.08 PCB-Montage Leiterplatten-Stiftleiste 90° gewinkelt 7-Pin MÄNNLICH schraubbar;;1,11;Y;0;0;0;0;45,7;12;12;N;N;N;0;4,57;1,2;1,2;8536901000
8068;TEW-4283230401328;4283230401328;V257-TEW;Steckverbinder 2EDGRCM-5.08 PCB-Montage Leiterplatten-Stiftleiste 90° gewinkelt 6-Pin MÄNNLICH schraubbar;;1,11;Y;0;0;0;0;40,6;12;12;N;N;N;0;4,06;1,2;1,2;8536901000
8067;A027-13;4283230401229;V257-TEW;Steckverbinder 2EDGRCM-5.08 PCB-Montage Leiterplatten-Stiftleiste 90° gewinkelt 5-Pin MÄNNLICH schraubbar;;1,01;Y;12;0;0;0;35,6;12;12;Y;N;N;0;3,56;1,2;1,2;8536901000
8066;TEW-4283230401120;4283230401120;V257-TEW;Steckverbinder 2EDGRCM-5.08 PCB-Montage Leiterplatten-Stiftleiste 90° gewinkelt 4-Pin MÄNNLICH schraubbar;;0,95;Y;0;0;0;0;30,5;12;12;N;N;N;0;3,05;1,2;1,2;8536901000
8065;TEW-4283230401021;4283230401021;V257-TEW;Steckverbinder 2EDGRCM-5.08 PCB-Montage Leiterplatten-Stiftleiste 90° gewinkelt 3-Pin MÄNNLICH schraubbar;;0,85;Y;0;0;0;0;25,4;12;12;N;N;N;0;2,54;1,2;1,2;8536901000
8064;TEW-4283230400925;4283230400925;V257-TEW;Steckverbinder 2EDGRCM-5.08 PCB-Montage Leiterplatten-Stiftleiste 90° gewinkelt 2-Pin MÄNNLICH schraubbar;;0,8;Y;0;0;0;0;20,3;12;12;N;N;N;0;2,03;1,2;1,2;8536901000
8062;TEW-4283230400727;4283230400727;V257-TEW;Steckverbinder 2EDGVCM-5.08 PCB-Montage Leiterplatten-Stiftleiste gerade 20-Pin MÄNNLICH schraubbar;;2,11;Y;0;0;1;10;111,8;12;10;N;N;N;0,01;11,18;1,2;1;8536901000
8061;TEW-4283230400628;4283230400628;V257-TEW;Steckverbinder 2EDGVCM-5.08 PCB-Montage Leiterplatten-Stiftleiste gerade 16-Pin MÄNNLICH schraubbar;;1,82;Y;0;0;1;10;91,4;12;10;N;N;N;0,01;9,14;1,2;1;8536901000
8060;TEW-4283230400529;4283230400529;V257-TEW;Steckverbinder 2EDGVCM-5.08 PCB-Montage Leiterplatten-Stiftleiste gerade 14-Pin MÄNNLICH schraubbar;;1,63;Y;0;0;1;10;81,3;12;10;N;N;N;0,01;8,13;1,2;1;8536901000
8059;TEW-4283230400420;4283230400420;V257-TEW;Steckverbinder 2EDGVCM-5.08 PCB-Montage Leiterplatten-Stiftleiste gerade 12-Pin MÄNNLICH schraubbar;;1,63;Y;0;0;1;10;71,1;12;10;N;N;N;0,01;7,11;1,2;1;8536901000
8058;TEW-4283230400321;4283230400321;V257-TEW;Steckverbinder 2EDGVCM-5.08 PCB-Montage Leiterplatten-Stiftleiste gerade 10-Pin MÄNNLICH schraubbar;;1,5;Y;0;0;1;10;61;12;10;N;N;N;0,01;6,1;1,2;1;8536901000
8057;TEW-4283230400222;4283230400222;V257-TEW;Steckverbinder 2EDGVCM-5.08 PCB-Montage Leiterplatten-Stiftleiste gerade 9-Pin MÄNNLICH schraubbar;;1,39;Y;0;0;1;10;55,9;12;10;N;N;N;0,01;5,59;1,2;1;8536901000
8056;TEW-4283230400123;4283230400123;V257-TEW;Steckverbinder 2EDGVCM-5.08 PCB-Montage Leiterplatten-Stiftleiste gerade 8-Pin MÄNNLICH schraubbar;;1,29;Y;0;0;1;10;50,8;12;10;N;N;N;0,01;5,08;1,2;1;8536901000
8055;TEW-4283230400024;4283230400024;V257-TEW;Steckverbinder 2EDGVCM-5.08 PCB-Montage Leiterplatten-Stiftleiste gerade 7-Pin MÄNNLICH schraubbar;;1,19;Y;0;0;1;10;45,7;12;10;N;N;N;0,01;4,57;1,2;1;8536901000
8054;TEW-4283230399922;4283230399922;V257-TEW;Steckverbinder 2EDGVCM-5.08 PCB-Montage Leiterplatten-Stiftleiste gerade 6-Pin MÄNNLICH schraubbar;;1,19;Y;0;0;1;10;40,6;12;10;N;N;N;0,01;4,06;1,2;1;8536901000
8053;A036-12;4283230399823;V257-TEW;Steckverbinder 2EDGVCM-5.08 PCB-Montage Leiterplatten-Stiftleiste gerade 5-Pin MÄNNLICH schraubbar;;1,09;Y;12;0;1;10;35,6;12;10;Y;N;N;0,01;3,56;1,2;1;8536901000
8052;TEW-4283230399724;4283230399724;V257-TEW;Steckverbinder 2EDGVCM-5.08 PCB-Montage Leiterplatten-Stiftleiste gerade 4-Pin MÄNNLICH schraubbar;;1,02;Y;0;0;1;10;30,5;12;10;N;N;N;0,01;3,05;1,2;1;8536901000
8051;TEW-4283230399625;4283230399625;V257-TEW;Steckverbinder 2EDGVCM-5.08 PCB-Montage Leiterplatten-Stiftleiste gerade 3-Pin MÄNNLICH schraubbar;;0,91;Y;0;0;1;10;25,4;12;10;N;N;N;0,01;2,54;1,2;1;8536901000
8050;TEW-4283230399526;4283230399526;V257-TEW;Steckverbinder 2EDGVCM-5.08 PCB-Montage Leiterplatten-Stiftleiste gerade 2-Pin MÄNNLICH schraubbar;;0,85;Y;0;0;1;10;20,3;12;10;N;N;N;0,01;2,03;1,2;1;8536901000
8049;TEW-4283230399427;4283230399427;V257-TEW;Steckverbinder 2EDGRC-5.08 PCB-Montage Leiterplatten-Stiftleiste 90° gewinkelt 24-Pin MÄNNLICH;;1,82;Y;0;0;0;0;123,1;13;9;N;N;N;0;12,31;1,3;0,9;8536901000
8048;TEW-4283230399328;4283230399328;V257-TEW;Steckverbinder 2EDGRC-5.08 PCB-Montage Leiterplatten-Stiftleiste 90° gewinkelt 20-Pin MÄNNLICH;;1,72;Y;0;0;0;0;102,8;13;9;N;N;N;0;10,28;1,3;0,9;8536901000
8047;TEW-4283230399229;4283230399229;V257-TEW;Steckverbinder 2EDGRC-5.08 PCB-Montage Leiterplatten-Stiftleiste 90° gewinkelt 16-Pin MÄNNLICH;;1,47;Y;0;0;0;0;82,5;13;9;N;N;N;0;8,25;1,3;0,9;8536901000
8046;TEW-4283230399120;4283230399120;V257-TEW;Steckverbinder 2EDGRC-5.08 PCB-Montage Leiterplatten-Stiftleiste 90° gewinkelt 14-Pin MÄNNLICH;;1,38;Y;0;0;0;0;72,3;13;9;N;N;N;0;7,23;1,3;0,9;8536901000
8045;TEW-4283230399021;4283230399021;V257-TEW;Steckverbinder 2EDGRC-5.08 PCB-Montage Leiterplatten-Stiftleiste 90° gewinkelt 12-Pin MÄNNLICH;;1,28;Y;0;0;0;0;62,2;13;9;N;N;N;0;6,22;1,3;0,9;8536901000
8044;TEW-4283230398925;4283230398925;V257-TEW;Steckverbinder 2EDGRC-5.08 PCB-Montage Leiterplatten-Stiftleiste 90° gewinkelt 10-Pin MÄNNLICH;;1,22;Y;0;0;0;0;52;13;9;N;N;N;0;5,2;1,3;0,9;8536901000
8043;TEW-4283230398826;4283230398826;V257-TEW;Steckverbinder 2EDGRC-5.08 PCB-Montage Leiterplatten-Stiftleiste 90° gewinkelt 9-Pin MÄNNLICH;;1,12;Y;0;0;0;0;46,9;13;9;N;N;N;0;4,69;1,3;0,9;8536901000
8042;TEW-4283230398727;4283230398727;V257-TEW;Steckverbinder 2EDGRC-5.08 PCB-Montage Leiterplatten-Stiftleiste 90° gewinkelt 8-Pin MÄNNLICH;;1,07;Y;0;0;0;0;41,8;13;9;N;N;N;0;4,18;1,3;0,9;8536901000
8041;TEW-4283230398628;4283230398628;V257-TEW;Steckverbinder 2EDGRC-5.08 PCB-Montage Leiterplatten-Stiftleiste 90° gewinkelt 7-Pin MÄNNLICH;;0,99;Y;0;0;0;0;36,8;13;9;N;N;N;0;3,68;1,3;0,9;8536901000
8040;A029-11;4283230398529;V257-TEW;Steckverbinder 2EDGRC-5.08 PCB-Montage Leiterplatten-Stiftleiste 90° gewinkelt 6-Pin MÄNNLICH;;0,94;Y;17;0;0;0;31,7;13;9;Y;N;N;0;3,17;1,3;0,9;8536901000
8039;A035-06;4283230398420;V257-TEW;Steckverbinder 2EDGRC-5.08 PCB-Montage Leiterplatten-Stiftleiste 90° gewinkelt 5-Pin MÄNNLICH;;0,89;Y;28;0;0;0;26,6;13;9;Y;N;N;0;2,66;1,3;0,9;8536901000
8038;TEW-4283230398321;4283230398321;V257-TEW;Steckverbinder 2EDGRC-5.08 PCB-Montage Leiterplatten-Stiftleiste 90° gewinkelt 4-Pin MÄNNLICH;;0,78;Y;0;0;0;0;21,5;13;9;N;N;N;0;2,15;1,3;0,9;8536901000
8037;TEW-4283230398222;4283230398222;V257-TEW;Steckverbinder 2EDGRC-5.08 PCB-Montage Leiterplatten-Stiftleiste 90° gewinkelt 3-Pin MÄNNLICH;;0,74;Y;0;0;0;0;16,4;13;9;N;N;N;0;1,64;1,3;0,9;8536901000
8036;TEW-4283230398123;4283230398123;V257-TEW;Steckverbinder 2EDGRC-5.08 PCB-Montage Leiterplatten-Stiftleiste 90° gewinkelt 2-Pin MÄNNLICH;;0,62;Y;0;0;0;0;11,4;13;9;N;N;N;0;1,14;1,3;0,9;8536901000
8035;TEW-4283230398024;4283230398024;V257-TEW;Steckverbinder 2EDGVC-5.08 PCB-Montage Leiterplatten-Stiftleiste gerade 24-Pin MÄNNLICH;;1,82;Y;0;0;1;10;123,1;16;8,5;N;N;N;0,01;12,31;1,6;0,85;8536901000
8034;TEW-4283230397928;4283230397928;V257-TEW;Steckverbinder 2EDGVC-5.08 PCB-Montage Leiterplatten-Stiftleiste gerade 20-Pin MÄNNLICH;;1,73;Y;0;0;1;10;102,8;16;8,5;N;N;N;0,01;10,28;1,6;0,85;8536901000
8033;TEW-4283230397829;4283230397829;V257-TEW;Steckverbinder 2EDGVC-5.08 PCB-Montage Leiterplatten-Stiftleiste gerade 16-Pin MÄNNLICH;;1,49;Y;0;0;1;10;82,5;16;8,5;N;N;N;0,01;8,25;1,6;0,85;8536901000
8032;TEW-4283230397720;4283230397720;V257-TEW;Steckverbinder 2EDGVC-5.08 PCB-Montage Leiterplatten-Stiftleiste gerade 14-Pin MÄNNLICH;;1,39;Y;0;0;1;10;72,3;16;8,5;N;N;N;0,01;7,23;1,6;0,85;8536901000
8031;TEW-4283230397621;4283230397621;V257-TEW;Steckverbinder 2EDGVC-5.08 PCB-Montage Leiterplatten-Stiftleiste gerade 12-Pin MÄNNLICH;;1,29;Y;0;0;1;10;62,2;16;8,5;N;N;N;0,01;6,22;1,6;0,85;8536901000
8030;TEW-4283230397522;4283230397522;V257-TEW;Steckverbinder 2EDGVC-5.08 PCB-Montage Leiterplatten-Stiftleiste gerade 10-Pin MÄNNLICH;;1,24;Y;0;0;1;10;52;16;8,5;N;N;N;0,01;5,2;1,6;0,85;8536901000
8029;TEW-4283230397423;4283230397423;V257-TEW;Steckverbinder 2EDGVC-5.08 PCB-Montage Leiterplatten-Stiftleiste gerade 9-Pin MÄNNLICH;;1,14;Y;0;0;1;10;46,9;16;8,5;N;N;N;0,01;4,69;1,6;0,85;8536901000
8028;TEW-4283230397324;4283230397324;V257-TEW;Steckverbinder 2EDGVC-5.08 PCB-Montage Leiterplatten-Stiftleiste gerade 8-Pin MÄNNLICH;;1,09;Y;0;0;1;10;41,8;16;8,5;N;N;N;0,01;4,18;1,6;0,85;8536901000
8027;TEW-4283230397225;4283230397225;V257-TEW;Steckverbinder 2EDGVC-5.08 PCB-Montage Leiterplatten-Stiftleiste gerade 7-Pin MÄNNLICH;;1,02;Y;0;0;1;10;36,8;16;8,5;N;N;N;0,01;3,68;1,6;0,85;8536901000
8026;TEW-4283230397126;4283230397126;V257-TEW;Steckverbinder 2EDGVC-5.08 PCB-Montage Leiterplatten-Stiftleiste gerade 6-Pin MÄNNLICH;;0,96;Y;0;0;1;10;31,7;16;8,5;N;N;N;0,01;3,17;1,6;0,85;8536901000
8025;TEW-4283230397027;4283230397027;V257-TEW;Steckverbinder 2EDGVC-5.08 PCB-Montage Leiterplatten-Stiftleiste gerade 5-Pin MÄNNLICH;;0,91;Y;0;0;1;10;26,6;16;8,5;N;N;N;0,01;2,66;1,6;0,85;8536901000
8024;TEW-4283230396921;4283230396921;V257-TEW;Steckverbinder 2EDGVC-5.08 PCB-Montage Leiterplatten-Stiftleiste gerade 4-Pin MÄNNLICH;;0,8;Y;0;0;1;10;21,5;16;8,5;N;N;N;0,01;2,15;1,6;0,85;8536901000
8023;TEW-4283230396822;4283230396822;V257-TEW;Steckverbinder 2EDGVC-5.08 PCB-Montage Leiterplatten-Stiftleiste gerade 3-Pin MÄNNLICH;;0,76;Y;0;0;1;10;16,4;16;8,5;N;N;N;0,01;1,64;1,6;0,85;8536901000
8022;TEW-4283230396723;4283230396723;V257-TEW;Steckverbinder 2EDGVC-5.08 PCB-Montage Leiterplatten-Stiftleiste gerade 2-Pin MÄNNLICH;;0,65;Y;0;0;1;10;11,4;16;8,5;N;N;N;0,01;1,14;1,6;0,85;8536901000
8020;TEW-4283230396624;4283230396624;V185-TEW;Steckverbinder 2EDGWC-3.81 + 2EDG Tafel- Durchsteckmontage lötfrei 24-Pin MÄNNLICH schraubbar SET;;11,68;Y;0;0;1;20;115,8;27;17;N;N;N;0,02;11,58;2,7;1,7;8536901000
8019;TEW-4283230396525;4283230396525;V185-TEW;Steckverbinder 2EDGWC-3.81 + 2EDG Tafel- Durchsteckmontage lötfrei 20-Pin MÄNNLICH schraubbar SET;;9,89;Y;0;0;1;20;100,6;27;17;N;N;N;0,02;10,06;2,7;1,7;8536901000
8018;TEW-4283230396426;4283230396426;V185-TEW;Steckverbinder 2EDGWC-3.81 + 2EDG Tafel- Durchsteckmontage lötfrei 16-Pin MÄNNLICH schraubbar SET;;8,89;Y;0;0;1;20;85,3;27;17;N;N;N;0,02;8,53;2,7;1,7;8536901000
8017;B010-04;4283230396327;V185-TEW;Steckverbinder 2EDGWC-3.81 + 2EDG Tafel- Durchsteckmontage lötfrei 12-Pin MÄNNLICH schraubbar SET;;6,91;Y;10;0;0;20;70,1;27;17;Y;N;N;0,02;7,01;2,7;1,7;8536901000
8016;TEW-4283230396228;4283230396228;V185-TEW;Steckverbinder 2EDGWC-3.81 + 2EDG Tafel- Durchsteckmontage lötfrei 10-Pin MÄNNLICH schraubbar SET;;6,38;Y;0;0;1;20;62,5;27;17;N;N;N;0,02;6,25;2,7;1,7;8536901000
8015;TEW-4283230396129;4283230396129;V185-TEW;Steckverbinder 2EDGWC-3.81 + 2EDG Tafel- Durchsteckmontage lötfrei 9-Pin MÄNNLICH schraubbar SET;;6,01;Y;0;0;1;20;58,6;27;17;N;N;N;0,02;5,86;2,7;1,7;8536901000
8014;A028-06;4283230396020;V185-TEW;Steckverbinder 2EDGWC-3.81 + 2EDG Tafel- Durchsteckmontage lötfrei 8-Pin MÄNNLICH schraubbar SET;;5,86;Y;3;0;0;20;54,8;27;17;Y;N;N;0,02;5,48;2,7;1,7;8536901000
8013;TEW-4283230395924;4283230395924;V185-TEW;Steckverbinder 2EDGWC-3.81 + 2EDG Tafel- Durchsteckmontage lötfrei 7-Pin MÄNNLICH schraubbar SET;;5,24;Y;0;0;1;20;51;27;17;N;N;N;0,02;5,1;2,7;1,7;8536901000
8012;B009-04;4283230395825;V185-TEW;Steckverbinder 2EDGWC-3.81 + 2EDG Tafel- Durchsteckmontage lötfrei 6-Pin MÄNNLICH schraubbar SET;;4,65;Y;8;0;0;10;47,2;27;17;Y;N;N;0,01;4,72;2,7;1,7;8536901000
8011;B029-16;4283230395726;V185-TEW;Steckverbinder 2EDGWC-3.81 + 2EDG Tafel- Durchsteckmontage lötfrei 5-Pin MÄNNLICH schraubbar SET;;4,3;Y;12;0;0;10;43,4;27;17;Y;N;N;0,01;4,34;2,7;1,7;8536901000
8010;B030-16;4283230395627;V185-TEW;Steckverbinder 2EDGWC-3.81 + 2EDG Tafel- Durchsteckmontage lötfrei 4-Pin MÄNNLICH schraubbar SET;;3,87;Y;10;0;0;10;39,6;27;17;Y;N;N;0,01;3,96;2,7;1,7;8536901000
8009;B011-03;4283230395528;V185-TEW;Steckverbinder 2EDGWC-3.81 + 2EDG Tafel- Durchsteckmontage lötfrei 3-Pin MÄNNLICH schraubbar SET;;3,35;Y;12;0;0;10;35,8;27;17;Y;N;N;0,01;3,58;2,7;1,7;8536901000
8008;B012-15;4283230395429;V185-TEW;Steckverbinder 2EDGWC-3.81 + 2EDG Tafel- Durchsteckmontage lötfrei 2-Pin MÄNNLICH schraubbar SET;;2,65;Y;10;0;0;10;32;27;17;Y;N;N;0,01;3,2;2,7;1,7;8536901000
8007;TEW-4283230395320;4283230395320;V185-TEW;Steckverbinder 2EDGWB-3.81 Tafel- Durchsteckmontage 24-Pin MÄNNLICH schraubbar;;4,44;Y;0;0;0;10;101,8;20;16;N;N;N;0,01;10,18;2;1,6;8536901000
8006;TEW-4283230395221;4283230395221;V185-TEW;Steckverbinder 2EDGWB-3.81 Tafel- Durchsteckmontage 20-Pin MÄNNLICH schraubbar;;4,01;Y;0;0;0;10;86,6;20;16;N;N;N;0,01;8,66;2;1,6;8536901000
8005;TEW-4283230395122;4283230395122;V185-TEW;Steckverbinder 2EDGWB-3.81 Tafel- Durchsteckmontage 16-Pin MÄNNLICH schraubbar;;3,51;Y;0;0;0;10;71,4;20;16;N;N;N;0,01;7,14;2;1,6;8536901000
8004;TEW-4283230395023;4283230395023;V185-TEW;Steckverbinder 2EDGWB-3.81 Tafel- Durchsteckmontage 12-Pin MÄNNLICH schraubbar;;2,78;Y;0;0;0;10;56,1;20;16;N;N;N;0,01;5,61;2;1,6;8536901000
8003;B015-07;4283230394927;V185-TEW;Steckverbinder 2EDGWB-3.81 Tafel- Durchsteckmontage 10-Pin MÄNNLICH schraubbar;;2,69;Y;10;0;0;10;48,5;20;16;Y;N;N;0,01;4,85;2;1,6;8536901000
8002;TEW-4283230394828;4283230394828;V185-TEW;Steckverbinder 2EDGWB-3.81 Tafel- Durchsteckmontage 9-Pin MÄNNLICH schraubbar;;2,5;Y;0;0;0;10;44,7;20;16;N;N;N;0,01;4,47;2;1,6;8536901000
8001;B016-07;4283230394729;V185-TEW;Steckverbinder 2EDGWB-3.81 Tafel- Durchsteckmontage 8-Pin MÄNNLICH schraubbar;;2,3;Y;10;0;0;10;40,9;20;16;Y;N;N;0,01;4,09;2;1,6;8536901000
8000;TEW-4283230394620;4283230394620;V185-TEW;Steckverbinder 2EDGWB-3.81 Tafel- Durchsteckmontage 7-Pin MÄNNLICH schraubbar;;2,06;Y;0;0;0;10;37,1;20;16;N;N;N;0,01;3,71;2;1,6;8536901000
7999;B021-12;4283230394521;V185-TEW;Steckverbinder 2EDGWB-3.81 Tafel- Durchsteckmontage 6-Pin MÄNNLICH schraubbar;;1,87;Y;10;0;0;10;33,3;20;16;Y;N;N;0,01;3,33;2;1,6;8536901000
7998;B016-03;4283230394422;V185-TEW;Steckverbinder 2EDGWB-3.81 Tafel- Durchsteckmontage 5-Pin MÄNNLICH schraubbar;;1,68;Y;36;0;0;10;29,5;20;16;Y;N;N;0,01;2,95;2;1,6;8536901000
7997;B032-11;4283230394323;V185-TEW;Steckverbinder 2EDGWB-3.81 Tafel- Durchsteckmontage 4-Pin MÄNNLICH schraubbar;;1,58;Y;36;0;0;10;25,6;20;16;Y;N;N;0,01;2,56;2;1,6;8536901000
7996;B018-04;4283230394224;V185-TEW;Steckverbinder 2EDGWB-3.81 Tafel- Durchsteckmontage 3-Pin MÄNNLICH schraubbar;;1,44;Y;30;0;0;10;21,8;20;16;Y;N;N;0,01;2,18;2;1,6;8536901000
7995;A027-14;4283230394125;V185-TEW;Steckverbinder 2EDGWB-3.81 Tafel- Durchsteckmontage 2-Pin MÄNNLICH schraubbar;;1,19;Y;30;0;0;10;26,6;20;16;Y;N;N;0,01;2,66;2;1,6;8536901000
7994;TEW-4283230394026;4283230394026;V185-TEW;Steckverbinder 2EDGRHM-3.81 PCB-Montage Leiterplatten-Stiftleiste DOPPELBLOCK 12-Pin MÄNNLICH schraubbar;;4,73;Y;0;0;1;10;55,8;23;22;N;N;N;0,01;5,58;2,3;2,2;8536901000
7993;TEW-4283230393920;4283230393920;V185-TEW;Steckverbinder 2EDGRHM-3.81 PCB-Montage Leiterplatten-Stiftleiste DOPPELBLOCK 10-Pin MÄNNLICH schraubbar;;4,34;Y;0;0;1;10;48,2;23;22;N;N;N;0,01;4,82;2,3;2,2;8536901000
7992;TEW-4283230393821;4283230393821;V185-TEW;Steckverbinder 2EDGRHM-3.81 PCB-Montage Leiterplatten-Stiftleiste DOPPELBLOCK 9-Pin MÄNNLICH schraubbar;;3,99;Y;0;0;1;10;44,4;23;22;N;N;N;0,01;4,44;2,3;2,2;8536901000
7991;TEW-4283230393722;4283230393722;V185-TEW;Steckverbinder 2EDGRHM-3.81 PCB-Montage Leiterplatten-Stiftleiste DOPPELBLOCK 8-Pin MÄNNLICH schraubbar;;3,83;Y;0;0;1;10;40,6;23;22;N;N;N;0,01;4,06;2,3;2,2;8536901000
7990;TEW-4283230393623;4283230393623;V185-TEW;Steckverbinder 2EDGRHM-3.81 PCB-Montage Leiterplatten-Stiftleiste DOPPELBLOCK 7-Pin MÄNNLICH schraubbar;;3,44;Y;0;0;1;10;36,7;23;22;N;N;N;0,01;3,67;2,3;2,2;8536901000
7989;TEW-4283230393524;4283230393524;V185-TEW;Steckverbinder 2EDGRHM-3.81 PCB-Montage Leiterplatten-Stiftleiste DOPPELBLOCK 6-Pin MÄNNLICH schraubbar;;3,27;Y;0;0;1;10;32,9;23;22;N;N;N;0,01;3,29;2,3;2,2;8536901000
7988;TEW-4283230393425;4283230393425;V185-TEW;Steckverbinder 2EDGRHM-3.81 PCB-Montage Leiterplatten-Stiftleiste DOPPELBLOCK 5-Pin MÄNNLICH schraubbar;;2,86;Y;0;0;1;10;29,1;23;22;N;N;N;0,01;2,91;2,3;2,2;8536901000
7987;TEW-4283230393326;4283230393326;V185-TEW;Steckverbinder 2EDGRHM-3.81 PCB-Montage Leiterplatten-Stiftleiste DOPPELBLOCK 4-Pin MÄNNLICH schraubbar;;2,57;Y;0;0;1;10;25,3;23;22;N;N;N;0,01;2,53;2,3;2,2;8536901000
7986;TEW-4283230393227;4283230393227;V185-TEW;Steckverbinder 2EDGRHM-3.81 PCB-Montage Leiterplatten-Stiftleiste DOPPELBLOCK 3-Pin MÄNNLICH schraubbar;;2,27;Y;0;0;1;10;21,5;23;22;N;N;N;0,01;2,15;2,3;2,2;8536901000
7985;TEW-4283230393128;4283230393128;V185-TEW;Steckverbinder 2EDGRHM-3.81 PCB-Montage Leiterplatten-Stiftleiste DOPPELBLOCK 2-Pin MÄNNLICH schraubbar;;1,83;Y;0;0;1;10;17,7;23;22;N;N;N;0,01;1,77;2,3;2,2;8536901000
7984;TEW-4283230393029;4283230393029;V185-TEW;Steckverbinder 2EDGRH-3.81 PCB-Montage Leiterplatten-Stiftleiste DOPPELBLOCK 12-Pin MÄNNLICH;;3,72;Y;0;0;1;10;46,7;23;22;N;N;N;0,01;4,67;2,3;2,2;8536901000
7983;TEW-4283230392923;4283230392923;V185-TEW;Steckverbinder 2EDGRH-3.81 PCB-Montage Leiterplatten-Stiftleiste DOPPELBLOCK 10-Pin MÄNNLICH;;3,36;Y;0;0;1;10;39,1;23;22;N;N;N;0,01;3,91;2,3;2,2;8536901000
7982;TEW-4283230392824;4283230392824;V185-TEW;Steckverbinder 2EDGRH-3.81 PCB-Montage Leiterplatten-Stiftleiste DOPPELBLOCK 9-Pin MÄNNLICH;;3,07;Y;0;0;1;10;35,3;23;22;N;N;N;0,01;3,53;2,3;2,2;8536901000
7981;TEW-4283230392725;4283230392725;V185-TEW;Steckverbinder 2EDGRH-3.81 PCB-Montage Leiterplatten-Stiftleiste DOPPELBLOCK 8-Pin MÄNNLICH;;2,78;Y;0;0;1;10;31,5;23;22;N;N;N;0,01;3,15;2,3;2,2;8536901000
7980;TEW-4283230392626;4283230392626;V185-TEW;Steckverbinder 2EDGRH-3.81 PCB-Montage Leiterplatten-Stiftleiste DOPPELBLOCK 7-Pin MÄNNLICH;;2,62;Y;0;0;1;10;27,7;23;22;N;N;N;0,01;2,77;2,3;2,2;8536901000
7979;TEW-4283230392527;4283230392527;V185-TEW;Steckverbinder 2EDGRH-3.81 PCB-Montage Leiterplatten-Stiftleiste DOPPELBLOCK 6-Pin MÄNNLICH;;2,44;Y;0;0;1;10;23,9;23;22;N;N;N;0,01;2,39;2,3;2,2;8536901000
7978;TEW-4283230392428;4283230392428;V185-TEW;Steckverbinder 2EDGRH-3.81 PCB-Montage Leiterplatten-Stiftleiste DOPPELBLOCK 5-Pin MÄNNLICH;;2,09;Y;0;0;1;10;20,1;23;22;N;N;N;0,01;2,01;2,3;2,2;8536901000
7977;B031-09;4283230392329;V185-TEW;Steckverbinder 2EDGRH-3.81 PCB-Montage Leiterplatten-Stiftleiste DOPPELBLOCK 4-Pin MÄNNLICH;;1,79;Y;6;0;0;10;16,2;23;22;Y;N;N;0,01;1,62;2,3;2,2;8536901000
7976;TEW-4283230392220;4283230392220;V185-TEW;Steckverbinder 2EDGRH-3.81 PCB-Montage Leiterplatten-Stiftleiste DOPPELBLOCK 3-Pin MÄNNLICH;;1,57;Y;0;0;1;10;12,4;23;22;N;N;N;0,01;1,24;2,3;2,2;8536901000
7975;TEW-4283230392121;4283230392121;V185-TEW;Steckverbinder 2EDGRH-3.81 PCB-Montage Leiterplatten-Stiftleiste DOPPELBLOCK 2-Pin MÄNNLICH;;1,26;Y;0;0;1;10;8,6;23;22;N;N;N;0,01;0,86;2,3;2,2;8536901000
7974;TEW-4283230392022;4283230392022;V185-TEW;Steckverbinder 2EDGKD-3.81 Kabel-Montage Klemmblock gerade Federklemme quick-connect 12-Loch WEIBLICH;;4,51;Y;0;0;0;10;46,5;21;13;N;N;N;0,01;4,65;2,1;1,3;8536901000
7973;A027-09;4283230391926;V185-TEW;Steckverbinder 2EDGKD-3.81 Kabel-Montage Klemmblock gerade Federklemme quick-connect 10-Loch WEIBLICH;;4,06;Y;10;0;0;10;38,9;21;13;Y;N;N;0,01;3,89;2,1;1,3;8536901000
7972;TEW-4283230391827;4283230391827;V185-TEW;Steckverbinder 2EDGKD-3.81 Kabel-Montage Klemmblock gerade Federklemme quick-connect 9-Loch WEIBLICH;;3,71;Y;0;0;0;10;35,1;21;13;N;N;N;0,01;3,51;2,1;1,3;8536901000
7971;B031-02;4283230391728;V185-TEW;Steckverbinder 2EDGKD-3.81 Kabel-Montage Klemmblock gerade Federklemme quick-connect 8-Loch WEIBLICH;;3,52;Y;10;0;0;10;31,3;21;13;Y;N;N;0,01;3,13;2,1;1,3;8536901000
7970;TEW-4283230391629;4283230391629;V185-TEW;Steckverbinder 2EDGKD-3.81 Kabel-Montage Klemmblock gerade Federklemme quick-connect 7-Loch WEIBLICH;;3,31;Y;0;0;0;10;27,5;21;13;N;N;N;0,01;2,75;2,1;1,3;8536901000
7969;B023-15;4283230391520;V185-TEW;Steckverbinder 2EDGKD-3.81 Kabel-Montage Klemmblock gerade Federklemme quick-connect 6-Loch WEIBLICH;;2,9;Y;18;0;0;10;23,7;21;13;Y;N;N;0,01;2,37;2,1;1,3;8536901000
7968;B018-15;4283230391421;V185-TEW;Steckverbinder 2EDGKD-3.81 Kabel-Montage Klemmblock gerade Federklemme quick-connect 5-Loch WEIBLICH;;2,62;Y;20;0;0;10;19,9;21;13;Y;N;N;0,01;1,99;2,1;1,3;8536901000
7967;B025-14;4283230391322;V185-TEW;Steckverbinder 2EDGKD-3.81 Kabel-Montage Klemmblock gerade Federklemme quick-connect 4-Loch WEIBLICH;;2,31;Y;23;0;0;10;16;21;13;Y;N;N;0,01;1,6;2,1;1,3;8536901000
7966;B025-12;4283230391223;V185-TEW;Steckverbinder 2EDGKD-3.81 Kabel-Montage Klemmblock gerade Federklemme quick-connect 3-Loch WEIBLICH;;1,83;Y;10;0;0;10;12,2;21;13;Y;N;N;0,01;1,22;2,1;1,3;8536901000
7965;B027-12;4283230391124;V185-TEW;Steckverbinder 2EDGKD-3.81 Kabel-Montage Klemmblock gerade Federklemme quick-connect 2-Loch WEIBLICH;;1,48;Y;16;0;0;10;8,4;21;13;Y;N;N;0,01;0,84;2,1;1,3;8536901000
7964;TEW-4283230391025;4283230391025;V185-TEW;Steckverbinder 2EDGKA-3.81 Kabel-Montage Klemmblock vertikal MIT Haken 12-Loch WEIBLICH;;3,31;Y;0;0;0;10;46,6;19;11;N;N;N;0,01;4,66;1,9;1,1;8536901000
7963;B029-12;4283230390929;V185-TEW;Steckverbinder 2EDGKA-3.81 Kabel-Montage Klemmblock vertikal MIT Haken 10-Loch WEIBLICH;;2,82;Y;10;0;0;10;38,9;19;11;Y;N;N;0,01;3,89;1,9;1,1;8536901000
7962;TEW-4283230390820;4283230390820;V185-TEW;Steckverbinder 2EDGKA-3.81 Kabel-Montage Klemmblock vertikal MIT Haken 9-Loch WEIBLICH;;2,57;Y;0;0;0;10;35,1;19;11;N;N;N;0,01;3,51;1,9;1,1;8536901000
7961;B039-12;4283230390721;V185-TEW;Steckverbinder 2EDGKA-3.81 Kabel-Montage Klemmblock vertikal MIT Haken 8-Loch WEIBLICH;;2,49;Y;20;0;0;10;31,3;19;11;Y;N;N;0,01;3,13;1,9;1,1;8536901000
7960;TEW-4283230390622;4283230390622;V185-TEW;Steckverbinder 2EDGKA-3.81 Kabel-Montage Klemmblock vertikal MIT Haken 7-Loch WEIBLICH;;2,31;Y;0;0;0;10;27,5;19;11;N;N;N;0,01;2,75;1,9;1,1;8536901000
7959;B030-12;4283230390523;V185-TEW;Steckverbinder 2EDGKA-3.81 Kabel-Montage Klemmblock vertikal MIT Haken 6-Loch WEIBLICH;;2,05;Y;40;0;0;10;23,7;19;11;Y;N;N;0,01;2,37;1,9;1,1;8536901000
7958;B033-12;4283230390424;V185-TEW;Steckverbinder 2EDGKA-3.81 Kabel-Montage Klemmblock vertikal MIT Haken 5-Loch WEIBLICH;;1,79;Y;40;0;0;10;19,9;19;11;Y;N;N;0,01;1,99;1,9;1,1;8536901000
7957;B033-16;4283230390325;V185-TEW;Steckverbinder 2EDGKA-3.81 Kabel-Montage Klemmblock vertikal MIT Haken 4-Loch WEIBLICH;;1,52;Y;46;0;0;10;16,1;19;11;Y;N;N;0,01;1,61;1,9;1,1;8536901000
7956;B026-12;4283230390226;V185-TEW;Steckverbinder 2EDGKA-3.81 Kabel-Montage Klemmblock vertikal MIT Haken 3-Loch WEIBLICH;;1,4;Y;40;0;0;10;12,3;19;11;Y;N;N;0,01;1,23;1,9;1,1;8536901000
7955;B034-12;4283230390127;V185-TEW;Steckverbinder 2EDGKA-3.81 Kabel-Montage Klemmblock vertikal MIT Haken 2-Loch WEIBLICH;;1,08;Y;40;0;0;10;8,5;19;11;Y;N;N;0,01;0,85;1,9;1,1;8536901000
7954;TEW-4283230390028;4283230390028;V185-TEW;Steckverbinder 2EDGKPM-3.81 Kabel-Montage Klemmblock 16-Pin MÄNNLICH schraubbau;;4,51;Y;0;0;1;10;61,8;18;11;N;N;N;0,01;6,18;1,8;1,1;8536901000
7953;TEW-4283230389923;4283230389923;V185-TEW;Steckverbinder 2EDGKPM-3.81 Kabel-Montage Klemmblock 14-Pin MÄNNLICH schraubbau;;4,29;Y;0;0;1;10;54,1;18;11;N;N;N;0,01;5,41;1,8;1,1;8536901000
7952;TEW-4283230389824;4283230389824;V185-TEW;Steckverbinder 2EDGKPM-3.81 Kabel-Montage Klemmblock 12-Pin MÄNNLICH schraubbau;;3,79;Y;0;0;1;10;46,5;18;11;N;N;N;0,01;4,65;1,8;1,1;8536901000
7951;B038-12;4283230389725;V185-TEW;Steckverbinder 2EDGKPM-3.81 Kabel-Montage Klemmblock 10-Pin MÄNNLICH schraubbau;;3,44;Y;10;0;0;10;38,9;18;11;Y;N;N;0,01;3,89;1,8;1,1;8536901000
7950;TEW-4283230389626;4283230389626;V185-TEW;Steckverbinder 2EDGKPM-3.81 Kabel-Montage Klemmblock 9-Pin MÄNNLICH schraubbau;;3,35;Y;0;0;1;10;35,1;18;11;N;N;N;0,01;3,51;1,8;1,1;8536901000
7949;B037-12;4283230389527;V185-TEW;Steckverbinder 2EDGKPM-3.81 Kabel-Montage Klemmblock 8-Pin MÄNNLICH schraubbau;;3,07;Y;6;0;0;10;31,3;18;11;Y;N;N;0,01;3,13;1,8;1,1;8536901000
7948;TEW-4283230389428;4283230389428;V185-TEW;Steckverbinder 2EDGKPM-3.81 Kabel-Montage Klemmblock 7-Pin MÄNNLICH schraubbau;;2,78;Y;0;0;1;10;27,5;18;11;N;N;N;0,01;2,75;1,8;1,1;8536901000
7947;B035-16;4283230389329;V185-TEW;Steckverbinder 2EDGKPM-3.81 Kabel-Montage Klemmblock 6-Pin MÄNNLICH schraubbau;;2,62;Y;10;0;0;10;23,7;18;11;Y;N;N;0,01;2,37;1,8;1,1;8536901000
7946;B034-16;4283230389220;V185-TEW;Steckverbinder 2EDGKPM-3.81 Kabel-Montage Klemmblock 5-Pin MÄNNLICH schraubbau;;2,44;Y;20;0;0;10;19,9;18;11;Y;N;N;0,01;1,99;1,8;1,1;8536901000
7945;B015-12;4283230389121;V185-TEW;Steckverbinder 2EDGKPM-3.81 Kabel-Montage Klemmblock 4-Pin MÄNNLICH schraubbau;;2,09;Y;15;0;0;10;16;18;11;Y;N;N;0,01;1,6;1,8;1,1;8536901000
7944;A023-02;4283230389022;V185-TEW;Steckverbinder 2EDGKPM-3.81 Kabel-Montage Klemmblock 3-Pin MÄNNLICH schraubbau;;1,79;Y;20;0;0;10;12,2;18;11;Y;N;N;0,01;1,22;1,8;1,1;8536901000
7943;A002-05;4283230388926;V185-TEW;Steckverbinder 2EDGKPM-3.81 Kabel-Montage Klemmblock 2-Pin MÄNNLICH schraubbau;;1,57;Y;14;0;0;10;17,8;18;11;Y;N;N;0,01;1,78;1,8;1,1;8536901000
7942;TEW-4283230388827;4283230388827;V185-TEW;Steckverbinder 2EDGKP-3.81 Kabel-Montage Klemmblock 16-Pin MÄNNLICH;;4,65;Y;0;0;1;10;61,8;18;11;N;N;N;0,01;6,18;1,8;1,1;8536901000
7941;TEW-4283230388728;4283230388728;V185-TEW;Steckverbinder 2EDGKP-3.81 Kabel-Montage Klemmblock 14-Pin MÄNNLICH;;4,11;Y;0;0;1;10;54,1;18;11;N;N;N;0,01;5,41;1,8;1,1;8536901000
7940;TEW-4283230388629;4283230388629;V185-TEW;Steckverbinder 2EDGKP-3.81 Kabel-Montage Klemmblock 12-Pin MÄNNLICH;;3,83;Y;0;0;1;10;46,5;18;11;N;N;N;0,01;4,65;1,8;1,1;8536901000
7939;A006-13;4283230388520;V185-TEW;Steckverbinder 2EDGKP-3.81 Kabel-Montage Klemmblock 10-Pin MÄNNLICH;;3,44;Y;10;0;0;10;38,9;18;11;Y;N;N;0,01;3,89;1,8;1,1;8536901000
7938;TEW-4283230388421;4283230388421;V185-TEW;Steckverbinder 2EDGKP-3.81 Kabel-Montage Klemmblock 9-Pin MÄNNLICH;;3,31;Y;0;0;1;10;35,1;18;11;N;N;N;0,01;3,51;1,8;1,1;8536901000
7937;A001-15;4283230388322;V185-TEW;Steckverbinder 2EDGKP-3.81 Kabel-Montage Klemmblock 8-Pin MÄNNLICH;;3,02;Y;10;0;0;10;31,3;18;11;Y;N;N;0,01;3,13;1,8;1,1;8536901000
7936;TEW-4283230388223;4283230388223;V185-TEW;Steckverbinder 2EDGKP-3.81 Kabel-Montage Klemmblock 7-Pin MÄNNLICH;;2,7;Y;0;0;1;10;27,5;18;11;N;N;N;0,01;2,75;1,8;1,1;8536901000
7935;A023-11;4283230388124;V185-TEW;Steckverbinder 2EDGKP-3.81 Kabel-Montage Klemmblock 6-Pin MÄNNLICH;;2,49;Y;20;0;0;10;23,7;18;11;Y;N;N;0,01;2,37;1,8;1,1;8536901000
7934;A025-12;4283230388025;V185-TEW;Steckverbinder 2EDGKP-3.81 Kabel-Montage Klemmblock 5-Pin MÄNNLICH;;2,27;Y;15;0;0;10;19,9;18;11;Y;N;N;0,01;1,99;1,8;1,1;8536901000
7933;B024-12;4283230387929;V185-TEW;Steckverbinder 2EDGKP-3.81 Kabel-Montage Klemmblock 4-Pin MÄNNLICH;;1,92;Y;12;0;0;10;16;18;11;Y;N;N;0,01;1,6;1,8;1,1;8536901000
7932;A024-13;4283230387820;V185-TEW;Steckverbinder 2EDGKP-3.81 Kabel-Montage Klemmblock 3-Pin MÄNNLICH;;1,52;Y;20;0;0;10;12,2;18;11;Y;N;N;0,01;1,22;1,8;1,1;8536901000
7931;A024-16;4283230387721;V185-TEW;Steckverbinder 2EDGKP-3.81 Kabel-Montage Klemmblock 2-Pin MÄNNLICH;;1,31;Y;10;0;0;10;8,4;18;11;Y;N;N;0,01;0,84;1,8;1,1;8536901000
7930;TEW-4283230387622;4283230387622;V185-TEW;Steckverbinder 2EDGKM-3.81 Kabel-Montage Klemmblock gerade 24-Loch WEIBLICH schraubbar;;4,06;Y;0;0;1;10;101;15;11;N;N;N;0,01;10,1;1,5;1,1;8536901000
7929;TEW-4283230387523;4283230387523;V185-TEW;Steckverbinder 2EDGKM-3.81 Kabel-Montage Klemmblock gerade 20-Loch WEIBLICH schraubbar;;3,68;Y;0;0;1;10;86;15;11;N;N;N;0,01;8,6;1,5;1,1;8536901000
7928;TEW-4283230387424;4283230387424;V185-TEW;Steckverbinder 2EDGKM-3.81 Kabel-Montage Klemmblock gerade 16-Loch WEIBLICH schraubbar;;3,23;Y;0;0;1;10;70;15;11;N;N;N;0,01;7;1,5;1,1;8536901000
7927;TEW-4283230387325;4283230387325;V185-TEW;Steckverbinder 2EDGKM-3.81 Kabel-Montage Klemmblock gerade 14-Loch WEIBLICH schraubbar;;2,9;Y;0;0;1;10;63;15;11;N;N;N;0,01;6,3;1,5;1,1;8536901000
7926;TEW-4283230387226;4283230387226;V185-TEW;Steckverbinder 2EDGKM-3.81 Kabel-Montage Klemmblock gerade 12-Loch WEIBLICH schraubbar;;2,57;Y;0;0;1;10;55;15;11;N;N;N;0,01;5,5;1,5;1,1;8536901000
7925;A024-11;4283230387127;V185-TEW;Steckverbinder 2EDGKM-3.81 Kabel-Montage Klemmblock gerade 10-Loch WEIBLICH schraubbar;;2,49;Y;30;0;0;10;48;15;11;Y;N;N;0,01;4,8;1,5;1,1;8536901000
7924;TEW-4283230387028;4283230387028;V185-TEW;Steckverbinder 2EDGKM-3.81 Kabel-Montage Klemmblock gerade 9-Loch WEIBLICH schraubbar;;2,31;Y;0;0;1;10;44;15;11;N;N;N;0,01;4,4;1,5;1,1;8536901000
7923;A023-15;4283230386922;V185-TEW;Steckverbinder 2EDGKM-3.81 Kabel-Montage Klemmblock gerade 8-Loch WEIBLICH schraubbar;;2,14;Y;19;0;0;10;40;15;11;Y;N;N;0,01;4;1,5;1,1;8536901000
7922;TEW-4283230386823;4283230386823;V185-TEW;Steckverbinder 2EDGKM-3.81 Kabel-Montage Klemmblock gerade 7-Loch WEIBLICH schraubbar;;1,92;Y;0;0;1;10;36;15;11;N;N;N;0,01;3,6;1,5;1,1;8536901000
7921;E019-01;4283230386724;V185-TEW;Steckverbinder 2EDGKM-3.81 Kabel-Montage Klemmblock gerade 6-Loch WEIBLICH schraubbar;;1,74;Y;60;0;0;10;33;15;11;Y;N;N;0,01;3,3;1,5;1,1;8536901000
7920;A026-12;4283230386625;V185-TEW;Steckverbinder 2EDGKM-3.81 Kabel-Montage Klemmblock gerade 5-Loch WEIBLICH schraubbar;;1,57;Y;105;0;0;10;29;15;11;Y;N;N;0,01;2,9;1,5;1,1;8536901000
7919;B017-08;4283230386526;V185-TEW;Steckverbinder 2EDGKM-3.81 Kabel-Montage Klemmblock gerade 4-Loch WEIBLICH schraubbar;;1,48;Y;117;0;0;10;25;15;11;Y;N;N;0,01;2,5;1,5;1,1;8536901000
7918;E020-02;4283230386427;V185-TEW;Steckverbinder 2EDGKM-3.81 Kabel-Montage Klemmblock gerade 3-Loch WEIBLICH schraubbar;;1,35;Y;100;0;0;10;21;15;11;Y;N;N;0,01;2,1;1,5;1,1;8536901000
7917;A029-16;4283230386328;V185-TEW;Steckverbinder 2EDGKM-3.81 Kabel-Montage Klemmblock gerade 2-Loch WEIBLICH schraubbar;;1,12;Y;95;0;0;10;17;15;11;Y;N;N;0,01;1,7;1,5;1,1;8536901000
7916;E017-01;4283230386229;V185-TEW;Steckverbinder 2EDGK-3.81 Kabel-Montage Klemmblock gerade 16-Loch WEIBLICH;;2,62;Y;40;0;0;10;62;15;11;Y;N;N;0,01;6,2;1,5;1,1;8536901000
7915;TEW-4283230386120;4283230386120;V185-TEW;Steckverbinder 2EDGK-3.81 Kabel-Montage Klemmblock gerade 14-Loch WEIBLICH;;2,49;Y;0;0;1;10;55;15;11;N;N;N;0,01;5,5;1,5;1,1;8536901000
7914;E011-02;4283230386021;V185-TEW;Steckverbinder 2EDGK-3.81 Kabel-Montage Klemmblock gerade 12-Loch WEIBLICH;;2,18;Y;39;0;0;10;47;15;11;Y;N;N;0,01;4,7;1,5;1,1;8536901000
7913;E015-03;4283230385925;V185-TEW;Steckverbinder 2EDGK-3.81 Kabel-Montage Klemmblock gerade 10-Loch WEIBLICH;;1,92;Y;40;0;0;10;39;15;11;Y;N;N;0,01;3,9;1,5;1,1;8536901000
7912;TEW-4283230385826;4283230385826;V185-TEW;Steckverbinder 2EDGK-3.81 Kabel-Montage Klemmblock gerade 9-Loch WEIBLICH;;1,74;Y;0;0;1;10;35;15;11;N;N;N;0,01;3,5;1,5;1,1;8536901000
7911;B008-09;4283230385727;V185-TEW;Steckverbinder 2EDGK-3.81 Kabel-Montage Klemmblock gerade 8-Loch WEIBLICH;;1,61;Y;38;0;0;10;31;15;11;Y;N;N;0,01;3,1;1,5;1,1;8536901000
7910;TEW-4283230385628;4283230385628;V185-TEW;Steckverbinder 2EDGK-3.81 Kabel-Montage Klemmblock gerade 7-Loch WEIBLICH;;1,57;Y;0;0;1;10;23;15;11;N;N;N;0,01;2,3;1,5;1,1;8536901000
7909;E016-03;4283230385529;V185-TEW;Steckverbinder 2EDGK-3.81 Kabel-Montage Klemmblock gerade 6-Loch WEIBLICH;;1,43;Y;99;0;0;10;20;15;11;Y;N;N;0,01;2;1,5;1,1;8536901000
7908;E012-12;4283230385420;V185-TEW;Steckverbinder 2EDGK-3.81 Kabel-Montage Klemmblock gerade 5-Loch WEIBLICH;;1,31;Y;192;0;0;10;16;15;11;Y;N;N;0,01;1,6;1,5;1,1;8536901000
7907;E010-02;4283230385321;V185-TEW;Steckverbinder 2EDGK-3.81 Kabel-Montage Klemmblock gerade 4-Loch WEIBLICH;;1,12;Y;221;0;0;10;12,3;15;11;Y;N;N;0,01;1,23;1,5;1,1;8536901000
7906;E017-09;4283230385222;V185-TEW;Steckverbinder 2EDGK-3.81 Kabel-Montage Klemmblock gerade 3-Loch WEIBLICH;;1,03;Y;198;0;0;10;8,6;15;11;Y;N;N;0,01;0,86;1,5;1,1;8536901000
7905;A039-13;4283230385123;V185-TEW;Steckverbinder 2EDGK-3.81 Kabel-Montage Klemmblock gerade 2-Loch WEIBLICH;;0,87;Y;186;0;0;10;8,5;15;11;Y;N;N;0,01;0,85;1,5;1,1;8536901000
7904;TEW-4283230385024;4283230385024;V185-TEW;Steckverbinder 2EDGA-3.81 PCB-Montage Leiterplatten-Stiftleiste 90° gewinkelt 12-Loch WEIBLICH;;3,83;Y;0;0;0;10;46,5;15;10;N;N;N;0,01;4,65;1,5;1;8536901000
7903;TEW-4283230384928;4283230384928;V185-TEW;Steckverbinder 2EDGA-3.81 PCB-Montage Leiterplatten-Stiftleiste 90° gewinkelt 10-Loch WEIBLICH;;3,44;Y;0;0;0;10;38,9;15;10;N;N;N;0,01;3,89;1,5;1;8536901000
7902;TEW-4283230384829;4283230384829;V185-TEW;Steckverbinder 2EDGA-3.81 PCB-Montage Leiterplatten-Stiftleiste 90° gewinkelt 9-Loch WEIBLICH;;3,31;Y;0;0;0;10;35,1;15;10;N;N;N;0,01;3,51;1,5;1;8536901000
7901;TEW-4283230384720;4283230384720;V185-TEW;Steckverbinder 2EDGA-3.81 PCB-Montage Leiterplatten-Stiftleiste 90° gewinkelt 8-Loch WEIBLICH;;3,02;Y;0;0;0;10;31,3;15;10;N;N;N;0,01;3,13;1,5;1;8536901000
7900;TEW-4283230384621;4283230384621;V185-TEW;Steckverbinder 2EDGA-3.81 PCB-Montage Leiterplatten-Stiftleiste 90° gewinkelt 7-Loch WEIBLICH;;2,7;Y;0;0;0;10;27,5;15;10;N;N;N;0,01;2,75;1,5;1;8536901000
7899;A038-11;4283230384522;V185-TEW;Steckverbinder 2EDGA-3.81 PCB-Montage Leiterplatten-Stiftleiste 90° gewinkelt 6-Loch WEIBLICH;;2,49;Y;10;0;0;10;23,7;15;10;Y;N;N;0,01;2,37;1,5;1;8536901000
7898;B006-01;4283230384423;V185-TEW;Steckverbinder 2EDGA-3.81 PCB-Montage Leiterplatten-Stiftleiste 90° gewinkelt 5-Loch WEIBLICH;;2,27;Y;20;0;0;10;19,9;15;10;Y;N;N;0,01;1,99;1,5;1;8536901000
7897;B002-06;4283230384324;V185-TEW;Steckverbinder 2EDGA-3.81 PCB-Montage Leiterplatten-Stiftleiste 90° gewinkelt 4-Loch WEIBLICH;;1,92;Y;20;0;0;10;16;15;10;Y;N;N;0,01;1,6;1,5;1;8536901000
7896;A029-15;4283230384225;V185-TEW;Steckverbinder 2EDGA-3.81 PCB-Montage Leiterplatten-Stiftleiste 90° gewinkelt 3-Loch WEIBLICH;;1,52;Y;20;0;0;10;12,2;15;10;Y;N;N;0,01;1,22;1,5;1;8536901000
7895;B007-07;4283230384126;V185-TEW;Steckverbinder 2EDGA-3.81 PCB-Montage Leiterplatten-Stiftleiste 90° gewinkelt 2-Loch WEIBLICH;;1,31;Y;20;0;0;10;8,4;15;10;Y;N;N;0,01;0,84;1,5;1;8536901000
7894;TEW-4283230384027;4283230384027;V185-TEW;Steckverbinder 2EDGB-3.81 PCB-Montage Leiterplatten-Stiftleiste 12-Loch WEIBLICH;;3,82;Y;0;0;0;0;46,5;14;9;N;N;N;0;4,65;1,4;0,9;8536901000
7893;TEW-4283230383921;4283230383921;V185-TEW;Steckverbinder 2EDGB-3.81 PCB-Montage Leiterplatten-Stiftleiste 10-Loch WEIBLICH;;3,43;Y;0;0;0;0;38,9;14;9;N;N;N;0;3,89;1,4;0,9;8536901000
7892;TEW-4283230383822;4283230383822;V185-TEW;Steckverbinder 2EDGB-3.81 PCB-Montage Leiterplatten-Stiftleiste 9-Loch WEIBLICH;;3,3;Y;0;0;0;0;35,1;14;9;N;N;N;0;3,51;1,4;0,9;8536901000
7891;TEW-4283230383723;4283230383723;V185-TEW;Steckverbinder 2EDGB-3.81 PCB-Montage Leiterplatten-Stiftleiste 8-Loch WEIBLICH;;3,01;Y;0;0;0;0;31,3;14;9;N;N;N;0;3,13;1,4;0,9;8536901000
7890;TEW-4283230383624;4283230383624;V185-TEW;Steckverbinder 2EDGB-3.81 PCB-Montage Leiterplatten-Stiftleiste 7-Loch WEIBLICH;;2,68;Y;0;0;0;0;27,5;14;9;N;N;N;0;2,75;1,4;0,9;8536901000
7889;A038-08;4283230383525;V185-TEW;Steckverbinder 2EDGB-3.81 PCB-Montage Leiterplatten-Stiftleiste 6-Loch WEIBLICH;;2,47;Y;10;0;0;0;23,7;14;9;Y;N;N;0;2,37;1,4;0,9;8536901000
7888;B003-04;4283230383426;V185-TEW;Steckverbinder 2EDGB-3.81 PCB-Montage Leiterplatten-Stiftleiste 5-Loch WEIBLICH;;2,25;Y;20;0;0;0;19,9;14;9;Y;N;N;0;1,99;1,4;0,9;8536901000
7887;A036-02;4283230383327;V185-TEW;Steckverbinder 2EDGB-3.81 PCB-Montage Leiterplatten-Stiftleiste 4-Loch WEIBLICH;;1,9;Y;20;0;0;0;16;14;9;Y;N;N;0;1,6;1,4;0,9;8536901000
7886;A030-12;4283230383228;V185-TEW;Steckverbinder 2EDGB-3.81 PCB-Montage Leiterplatten-Stiftleiste 3-Loch WEIBLICH;;1,5;Y;20;0;0;0;12,2;14;9;Y;N;N;0;1,22;1,4;0,9;8536901000
7885;A029-12;4283230383129;V185-TEW;Steckverbinder 2EDGB-3.81 PCB-Montage Leiterplatten-Stiftleiste 2-Loch WEIBLICH;;1,29;Y;20;0;0;0;8,4;14;9;Y;N;N;0;0,84;1,4;0,9;8536901000
7884;TEW-4283230383020;4283230383020;V185-TEW;Steckverbinder 2EDGRCM-3.81 PCB-Montage Leiterplatten-Stiftleiste 90° gewinkelt 16-Pin MÄNNLICH schraubbar;;1,87;Y;0;0;0;10;71,4;10;10;N;N;N;0,01;7,14;1;1;8536901000
7883;TEW-4283230382924;4283230382924;V185-TEW;Steckverbinder 2EDGRCM-3.81 PCB-Montage Leiterplatten-Stiftleiste 90° gewinkelt 14-Pin MÄNNLICH schraubbar;;1,7;Y;0;0;0;10;63,7;10;10;N;N;N;0,01;6,37;1;1;8536901000
7882;TEW-4283230382825;4283230382825;V185-TEW;Steckverbinder 2EDGRCM-3.81 PCB-Montage Leiterplatten-Stiftleiste 90° gewinkelt 12-Pin MÄNNLICH schraubbar;;1,52;Y;0;0;0;10;56,1;10;10;N;N;N;0,01;5,61;1;1;8536901000
7881;A031-13;4283230382726;V185-TEW;Steckverbinder 2EDGRCM-3.81 PCB-Montage Leiterplatten-Stiftleiste 90° gewinkelt 10-Pin MÄNNLICH schraubbar;;1,48;Y;20;0;0;10;48,5;10;10;Y;N;N;0,01;4,85;1;1;8536901000
7880;TEW-4283230382627;4283230382627;V185-TEW;Steckverbinder 2EDGRCM-3.81 PCB-Montage Leiterplatten-Stiftleiste 90° gewinkelt 9-Pin MÄNNLICH schraubbar;;1,39;Y;0;0;0;10;44,7;10;10;N;N;N;0,01;4,47;1;1;8536901000
7879;A027-12;4283230382528;V185-TEW;Steckverbinder 2EDGRCM-3.81 PCB-Montage Leiterplatten-Stiftleiste 90° gewinkelt 8-Pin MÄNNLICH schraubbar;;1,35;Y;15;0;0;10;40,9;10;10;Y;N;N;0,01;4,09;1;1;8536901000
7878;TEW-4283230382429;4283230382429;V185-TEW;Steckverbinder 2EDGRCM-3.81 PCB-Montage Leiterplatten-Stiftleiste 90° gewinkelt 7-Pin MÄNNLICH schraubbar;;1,26;Y;0;0;0;10;37,1;10;10;N;N;N;0,01;3,71;1;1;8536901000
7877;A036-16;4283230382320;V185-TEW;Steckverbinder 2EDGRCM-3.81 PCB-Montage Leiterplatten-Stiftleiste 90° gewinkelt 6-Pin MÄNNLICH schraubbar;;1,12;Y;20;0;0;10;33,3;10;10;Y;N;N;0,01;3,33;1;1;8536901000
7876;A027-15;4283230382221;V185-TEW;Steckverbinder 2EDGRCM-3.81 PCB-Montage Leiterplatten-Stiftleiste 90° gewinkelt 5-Pin MÄNNLICH schraubbar;;1,12;Y;50;0;0;10;29,5;10;10;Y;N;N;0,01;2,95;1;1;8536901000
7875;A034-15;4283230382122;V185-TEW;Steckverbinder 2EDGRCM-3.81 PCB-Montage Leiterplatten-Stiftleiste 90° gewinkelt 4-Pin MÄNNLICH schraubbar;;1,03;Y;65;0;0;10;25,6;10;10;Y;N;N;0,01;2,56;1;1;8536901000
7874;A032-16;4283230382023;V185-TEW;Steckverbinder 2EDGRCM-3.81 PCB-Montage Leiterplatten-Stiftleiste 90° gewinkelt 3-Pin MÄNNLICH schraubbar;;0,91;Y;50;0;0;10;21,8;10;10;Y;N;N;0,01;2,18;1;1;8536901000
7873;A038-15;4283230381927;V185-TEW;Steckverbinder 2EDGRCM-3.81 PCB-Montage Leiterplatten-Stiftleiste 90° gewinkelt 2-Pin MÄNNLICH schraubbar;;0,87;Y;50;0;0;10;18;10;10;Y;N;N;0,01;1,8;1;1;8536901000
7872;TEW-4283230381828;4283230381828;V185-TEW;Steckverbinder 2EDGVCM-3.81 PCB-Montage Leiterplatten-Stiftleiste gerade 16-Pin MÄNNLICH schraubbar;;2,01;Y;0;0;0;10;62;13;7;N;N;N;0,01;6,2;1,3;0,7;8536901000
7871;TEW-4283230381729;4283230381729;V185-TEW;Steckverbinder 2EDGVCM-3.81 PCB-Montage Leiterplatten-Stiftleiste gerade 14-Pin MÄNNLICH schraubbar;;1,82;Y;0;0;0;10;54,1;13;7;N;N;N;0,01;5,41;1,3;0,7;8536901000
7870;TEW-4283230381620;4283230381620;V185-TEW;Steckverbinder 2EDGVCM-3.81 PCB-Montage Leiterplatten-Stiftleiste gerade 12-Pin MÄNNLICH schraubbar;;1,63;Y;0;0;0;10;46,5;13;7;N;N;N;0,01;4,65;1,3;0,7;8536901000
7869;B005-06;4283230381521;V185-TEW;Steckverbinder 2EDGVCM-3.81 PCB-Montage Leiterplatten-Stiftleiste gerade 10-Pin MÄNNLICH schraubbar;;1,58;Y;20;0;0;10;49;13;7;Y;N;N;0,01;4,9;1,3;0,7;8536901000
7868;TEW-4283230381422;4283230381422;V185-TEW;Steckverbinder 2EDGVCM-3.81 PCB-Montage Leiterplatten-Stiftleiste gerade 9-Pin MÄNNLICH schraubbar;;1,49;Y;0;0;0;10;35;13;7;N;N;N;0,01;3,5;1,3;0,7;8536901000
7867;B008-08;4283230381323;V185-TEW;Steckverbinder 2EDGVCM-3.81 PCB-Montage Leiterplatten-Stiftleiste gerade 8-Pin MÄNNLICH schraubbar;;1,44;Y;20;0;0;10;41;13;7;Y;N;N;0,01;4,1;1,3;0,7;8536901000
7866;TEW-4283230381224;4283230381224;V185-TEW;Steckverbinder 2EDGVCM-3.81 PCB-Montage Leiterplatten-Stiftleiste gerade 7-Pin MÄNNLICH schraubbar;;1,34;Y;0;0;0;10;27,5;13;7;N;N;N;0,01;2,75;1,3;0,7;8536901000
7865;A038-01;4283230381125;V185-TEW;Steckverbinder 2EDGVCM-3.81 PCB-Montage Leiterplatten-Stiftleiste gerade 6-Pin MÄNNLICH schraubbar;;1,19;Y;20;0;0;10;33;13;7;Y;N;N;0,01;3,3;1,3;0,7;8536901000
7864;A038-06;4283230381026;V185-TEW;Steckverbinder 2EDGVCM-3.81 PCB-Montage Leiterplatten-Stiftleiste gerade 5-Pin MÄNNLICH schraubbar;;1,19;Y;50;0;0;10;30;13;7;Y;N;N;0,01;3;1,3;0,7;8536901000
7863;B022-11;4283230380920;V185-TEW;Steckverbinder 2EDGVCM-3.81 PCB-Montage Leiterplatten-Stiftleiste gerade 4-Pin MÄNNLICH schraubbar;;1,09;Y;65;0;0;10;26;13;7;Y;N;N;0,01;2,6;1,3;0,7;8536901000
7862;B013-09;4283230380821;V185-TEW;Steckverbinder 2EDGVCM-3.81 PCB-Montage Leiterplatten-Stiftleiste gerade 3-Pin MÄNNLICH schraubbar;;0,96;Y;50;0;0;10;22;13;7;Y;N;N;0,01;2,2;1,3;0,7;8536901000
7861;A034-06;4283230380722;V185-TEW;Steckverbinder 2EDGVCM-3.81 PCB-Montage Leiterplatten-Stiftleiste gerade 2-Pin MÄNNLICH schraubbar;;0,91;Y;50;0;0;10;18;13;7;Y;N;N;0,01;1,8;1,3;0,7;8536901000
7860;A037-13;4283230380623;V185-TEW;Steckverbinder 2EDGRC-3.81 PCB-Montage Leiterplatten-Stiftleiste 90° gewinkelt 16-Pin MÄNNLICH;;1,49;Y;20;0;0;10;62;13;9;Y;N;N;0,01;6,2;1,3;0,9;8536901000
7859;TEW-4283230380524;4283230380524;V185-TEW;Steckverbinder 2EDGRC-3.81 PCB-Montage Leiterplatten-Stiftleiste 90° gewinkelt 14-Pin MÄNNLICH;;1,39;Y;0;0;0;10;54,1;13;9;N;N;N;0,01;5,41;1,3;0,9;8536901000
7858;A037-11;4283230380425;V185-TEW;Steckverbinder 2EDGRC-3.81 PCB-Montage Leiterplatten-Stiftleiste 90° gewinkelt 12-Pin MÄNNLICH;;1,29;Y;20;0;0;10;46,5;13;9;Y;N;N;0,01;4,65;1,3;0,9;8536901000
7857;A037-02;4283230380326;V185-TEW;Steckverbinder 2EDGRC-3.81 PCB-Montage Leiterplatten-Stiftleiste 90° gewinkelt 10-Pin MÄNNLICH;;1,24;Y;20;0;0;10;39;13;9;Y;N;N;0,01;3,9;1,3;0,9;8536901000
7856;TEW-4283230380227;4283230380227;V185-TEW;Steckverbinder 2EDGRC-3.81 PCB-Montage Leiterplatten-Stiftleiste 90° gewinkelt 9-Pin MÄNNLICH;;1,14;Y;0;0;0;10;35;13;9;N;N;N;0,01;3,5;1,3;0,9;8536901000
7855;A039-15;4283230380128;V185-TEW;Steckverbinder 2EDGRC-3.81 PCB-Montage Leiterplatten-Stiftleiste 90° gewinkelt 8-Pin MÄNNLICH;;1,09;Y;20;0;0;10;31;13;9;Y;N;N;0,01;3,1;1,3;0,9;8536901000
7854;TEW-4283230380029;4283230380029;V185-TEW;Steckverbinder 2EDGRC-3.81 PCB-Montage Leiterplatten-Stiftleiste 90° gewinkelt 7-Pin MÄNNLICH;;1,02;Y;0;0;0;10;27,5;13;9;N;N;N;0,01;2,75;1,3;0,9;8536901000
7853;A024-14;4283230379924;V185-TEW;Steckverbinder 2EDGRC-3.81 PCB-Montage Leiterplatten-Stiftleiste 90° gewinkelt 6-Pin MÄNNLICH;;0,96;Y;50;0;0;10;24;13;9;Y;N;N;0,01;2,4;1,3;0,9;8536901000
7852;A037-15;4283230379825;V185-TEW;Steckverbinder 2EDGRC-3.81 PCB-Montage Leiterplatten-Stiftleiste 90° gewinkelt 5-Pin MÄNNLICH;;0,91;Y;50;0;0;10;20;13;9;Y;N;N;0,01;2;1,3;0,9;8536901000
7851;B024-11;4283230379726;V185-TEW;Steckverbinder 2EDGRC-3.81 PCB-Montage Leiterplatten-Stiftleiste 90° gewinkelt 4-Pin MÄNNLICH;;0,8;Y;111;0;0;10;16;13;9;Y;N;N;0,01;1,6;1,3;0,9;8536901000
7850;A028-15;4283230379627;V185-TEW;Steckverbinder 2EDGRC-3.81 PCB-Montage Leiterplatten-Stiftleiste 90° gewinkelt 3-Pin MÄNNLICH;;0,76;Y;100;0;0;10;12;13;9;Y;N;N;0,01;1,2;1,3;0,9;8536901000
7849;A029-08;4283230379528;V185-TEW;Steckverbinder 2EDGRC-3.81 PCB-Montage Leiterplatten-Stiftleiste 90° gewinkelt 2-Pin MÄNNLICH;;0,65;Y;100;0;0;10;10;13;9;Y;N;N;0,01;1;1,3;0,9;8536901000
7848;A026-15;4283230379429;V185-TEW;Steckverbinder 2EDGVC-3.81 PCB-Montage Leiterplatten-Stiftleiste gerade 16-Pin MÄNNLICH;;1,49;Y;20;0;0;10;62;13;7;Y;N;N;0,01;6,2;1,3;0,7;8536901000
7847;TEW-4283230379320;4283230379320;V185-TEW;Steckverbinder 2EDGVC-3.81 PCB-Montage Leiterplatten-Stiftleiste gerade 14-Pin MÄNNLICH;;1,39;Y;0;0;0;10;54,1;13;7;N;N;N;0,01;5,41;1,3;0,7;8536901000
7846;A028-12;4283230379221;V185-TEW;Steckverbinder 2EDGVC-3.81 PCB-Montage Leiterplatten-Stiftleiste gerade 12-Pin MÄNNLICH;;1,29;Y;20;0;0;10;46;13;7;Y;N;N;0,01;4,6;1,3;0,7;8536901000
7845;A031-07;4283230379122;V185-TEW;Steckverbinder 2EDGVC-3.81 PCB-Montage Leiterplatten-Stiftleiste gerade 10-Pin MÄNNLICH;;1,24;Y;20;0;0;10;39;13;7;Y;N;N;0,01;3,9;1,3;0,7;8536901000
7844;TEW-4283230379023;4283230379023;V185-TEW;Steckverbinder 2EDGVC-3.81 PCB-Montage Leiterplatten-Stiftleiste gerade 9-Pin MÄNNLICH;;1,14;Y;0;0;0;10;35;13;7;N;N;N;0,01;3,5;1,3;0,7;8536901000
7843;A028-14;4283230378927;V185-TEW;Steckverbinder 2EDGVC-3.81 PCB-Montage Leiterplatten-Stiftleiste gerade 8-Pin MÄNNLICH;;1,09;Y;20;0;0;10;31;13;7;Y;N;N;0,01;3,1;1,3;0,7;8536901000
7842;TEW-4283230378828;4283230378828;V185-TEW;Steckverbinder 2EDGVC-3.81 PCB-Montage Leiterplatten-Stiftleiste gerade 7-Pin MÄNNLICH;;1,02;Y;0;0;0;10;27,5;13;7;N;N;N;0,01;2,75;1,3;0,7;8536901000
7841;A024-09;4283230378729;V185-TEW;Steckverbinder 2EDGVC-3.81 PCB-Montage Leiterplatten-Stiftleiste gerade 6-Pin MÄNNLICH;;0,96;Y;50;0;0;10;24;13;7;Y;N;N;0,01;2,4;1,3;0,7;8536901000
7840;A023-12;4283230378620;V185-TEW;Steckverbinder 2EDGVC-3.81 PCB-Montage Leiterplatten-Stiftleiste gerade 5-Pin MÄNNLICH;;0,91;Y;50;0;0;10;20;13;7;Y;N;N;0,01;2;1,3;0,7;8536901000
7839;B018-16;4283230378521;V185-TEW;Steckverbinder 2EDGVC-3.81 PCB-Montage Leiterplatten-Stiftleiste gerade 4-Pin MÄNNLICH;;0,8;Y;115;0;0;10;16;13;7;Y;N;N;0,01;1,6;1,3;0,7;8536901000
7838;A029-13;4283230378422;V185-TEW;Steckverbinder 2EDGVC-3.81 PCB-Montage Leiterplatten-Stiftleiste gerade 3-Pin MÄNNLICH;;0,76;Y;100;0;0;10;13;12;8;Y;N;N;0,01;1,3;1,2;0,8;8536901000
7837;A026-13;4283230378323;V185-TEW;Steckverbinder 2EDGVC-3.81 PCB-Montage Leiterplatten-Stiftleiste gerade 2-Pin MÄNNLICH;;0,65;Y;100;0;0;10;13;8;8;Y;N;N;0,01;1,3;0,8;0,8;8536901000
7822;PRO-4283230161826;4283230161826;V001-PRO;Pizzaschaufel Alu OHNE Schaufel, NUR Griff 110cm;;7,99;N;0;0;0;0;0;0;0;Y;N;N;0;0;0;0;7615108090
7821;PRO-4283230161925;4283230161925;V001-PRO;Pizzaschaufel Alu OHNE Schaufel, NUR Griff 90cm;;7,7;N;0;0;0;0;0;0;0;Y;N;N;0;0;0;0;7615108090
7820;PRO-4283230162021;4283230162021;V001-PRO;Pizzaschaufel Alu OHNE Schaufel, NUR Griff 70cm;;5,99;N;0;0;0;0;0;0;0;Y;N;N;0;0;0;0;7615108090
7819;PRO-4283230162120;4283230162120;V001-PRO;Pizzaschaufel Alu OHNE Schaufel, NUR Griff 50cm;;4,28;N;0;0;0;0;0;0;0;Y;N;N;0;0;0;0;7615108090
7818;0012-4091;4283230162229;V001-PRO;Pizzaschaufel Alu Breite 40cm GELOCHT Griff 90cm GL 130cm;;21,6;N;0;0;0;0;0;0;0;Y;N;N;0;0;0;0;7615108090
7817;0012-3391;4283230162427;V001-PRO;Pizzaschaufel Alu Breite 33cm GELOCHT Griff 90cm GL: ~120cm;;18,17;N;0;0;0;0;0;0;0;Y;N;N;0;0;0;0;7615108090
7816;PRO-4283230162526;4283230162526;V001-PRO;Pizzaschaufel Alu Breite 33cm GELOCHT Griff 70cm;;17,56;N;0;0;0;0;0;0;0;Y;N;N;0;0;0;0;7615108090
7815;PRO-4283230162625;4283230162625;V001-PRO;Pizzaschaufel Alu Breite 30cm GELOCHT Griff 70cm;;15,81;N;0;0;0;0;0;0;0;Y;N;N;0;0;0;0;7615108090
7814;PRO-4283230162724;4283230162724;V001-PRO;Pizzaschaufel Alu Breite 40cm Griff 90cm;;20,26;N;0;0;0;0;0;0;0;Y;N;N;0;0;0;0;7615108090
7813;0012-3390;4283230162922;V001-PRO;Pizzaschaufel Alu Breite 33cm Griff 90cm;;16,95;N;0;0;0;0;0;0;0;Y;N;N;0;0;0;0;7615108090
7812;PRO-4283230127426;4283230127426;V001-PRO;Pizzaschaufel Alu Breite 33cm Griff 70cm;;15,4;N;0;0;0;0;0;0;0;Y;N;N;0;0;0;0;7615108090
7775;TSC-4283230326928;4283230326928;;Klauenkupplung D40L66: Ø40, Länge 66, Alu 7075, Kupplungshälfte 24mm;;3,89;Y;0;0;0;10;22;14;14;N;Y;N;0,01;2,2;1,4;1,4;8483608090
7774;E023-01;4283230326829;;Klauenkupplung D40L66: Ø40, Länge 66, Alu 7075, Ø22mm Kupplungshälfte;;7,71;Y;11;6;0;80;40;40;39;Y;Y;N;0,08;4;4;3,9;8483608090
7773;E027-04;4283230326720;;Klauenkupplung D40L66: Ø40, Länge 66, Alu 7075, Ø8mm Kupplungshälfte;;7,71;Y;8;6;0;80;40;40;39;Y;Y;N;0,08;4;4;3,9;8483608090
7771;B032-15;4283230326621;V194-TOP;Zahnrad MK7 MK8 Messing 5x11x11mm 40 Zahn;;2,6;Y;11;0;0;10;11;11;11;Y;N;N;0,01;1,1;1,1;1,1;8536901000
7770;B031-15;4283230326522;V194-TOP;Zahnrad MK7 MK8 Messing 5x11x11mm 26 Zahn;;2,6;Y;12;0;0;0;11;11;11;Y;N;N;0;1,1;1,1;1,1;8536901000
7768;H007-10;4283230326423;V031-TMT;Motorhalterung L-Montage für 28er Schrittmotor NEMA 11 bzw 775er, Stahl 3mm;;3,98;Y;9;7;0;90;74;50;32;Y;Y;N;0,1;7,4;5;3,2;8466102000
7766;TEW-4283230326324;4283230326324;V088-TEW;Klemmblock TB Brücke 6-polig rot;;1,19;Y;0;0;0;10;50;21;3;N;N;N;0,01;5;2,1;0,3;8536901000
7765;E007-05;4283230326225;V088-TEW;Klemmblock TB Brücke 4-polig rot;;1,09;Y;9;0;0;10;33;21;2,5;Y;N;N;0,01;3,3;2,1;0,25;8536901000
7763;B022-14;4283230326126;V012-TMT;Trapezgewindemutter T8x2x4, POM Openbuilds eckig flach;;2,73;Y;0;2;1;10;40;20;13;Y;Y;N;0,01;4;2;1,3;7318156290
7761;B015-14;4283230326027;V012-TMT;Trapezgewindemutter T8x2x2, POM Openbuilds eckig flach;;2,73;Y;3;0;1;10;40;20;13;Y;Y;N;0,01;4;2;1,3;7318156290
7759;B018-14;4283230325921;V012-TMT;Trapezgewindemutter T8x2x8, POM Openbuilds eckig flach;;2,73;Y;9;2;1;10;40;20;13;Y;Y;N;0,01;4;2;1,3;7318156290
7755;B031-12;4283230325723;V002-TMT;Zahnriemen 2GT-1110-6;;6,28;Y;8;0;0;10;67;53;0,6;Y;Y;N;0,01;6,7;5,3;0,06;4010390090
7753;B007-14;4283230325426;V007-TMT;Zahnriemenscheibe 2GT-20K-B3-6: Zähne 20, Typ K, Bohrung 3mm, Riemenbreite 6mm;;2,36;Y;10;11;0;10;16;16;16;Y;Y;N;0,01;1,6;1,6;1,6;8483508090
7751;B026-14;4283230325327;V031-TMT;Motorhalterung L-Montage für Ø25mm Motoren, Stahl 1.5mm;;2,29;Y;0;0;0;10;46;27;24;Y;Y;N;0,01;4,6;2,7;2,4;8466102000
7750;F006-12;4283230325228;V031-TMT;Motorhalterung L-Montage für Ø25mm Motoren, Alu 3mm;;2,79;Y;12;0;0;20;45;26;24;Y;Y;N;0,02;4,5;2,6;2,4;8466102000
7748;D012-10;4283230325129;V044-TMT;Zahnriemen offen GT2-6-RF, Meterware;;2,5;Y;32;9;0;80;100;75;6;Y;Y;N;0,08;10;7,5;0,6;4010390090
7746;F024-11;4283230325020;V034-TES;Relais Karte Modul 1-Kanal, Steuerspannung 5V, High/Low Trigger wählbar;;3,61;Y;4;0;0;20;51;25;19;Y;N;N;0,02;5,1;2,5;1,9;8536500700
7744;B017-16;4283230324924;V065-TEW;Steckverbinder DC Lötkontakte PCB Auflötbuchse DC-005 5.5x2.1mm;;0,24;Y;113;0;0;0;15;15;9;Y;N;N;0;1,5;1,5;0,9;8536901000
7742;A031-16;4283230324726;V254-TEW;Sicherungshalter Einbau Ø14mm für 6x30mm Feinsicherungen;;2,09;Y;10;0;0;10;51;19;19;Y;N;N;0,01;5,1;1,9;1,9;8536901000
7741;A029-14;4283230324627;V254-TEW;Sicherungshalter Einbau Ø12mm für 5x20mm Feinsicherungen;;1,59;Y;9;0;0;10;39;16;16;Y;N;N;0,01;3,9;1,6;1,6;8536901000
7740;G001-04;4283230324528;V254-TEW;Sicherungshalter Kunststoff für Kfz Sicherungen FK2 Midi FKS TF mit 6.3 Flachsteckern zum Crimpen;;1,17;Y;38;0;0;0;42;31;11;Y;N;N;0;4,2;3,1;1,1;8536901000
7739;J010-09;4283230324429;V254-TEW;Sicherungshalter Glassicherung Feinsicherung 6x30 / 6.3x32mm mit 40cm 1mm² 18AWG Leitung;;0,41;Y;9;0;0;10;60;45;15;Y;N;N;0,01;6;4,5;1,5;8536901000
7738;G011-09;4283230324320;V254-TEW;Sicherungshalter FK1 Mini Sicherungen mit 20cm 1mm² 18AWG Leitung;;2,68;Y;21;0;0;10;40;26;12;Y;N;N;0,01;4;2,6;1,2;8536901000
7737;J025-10;4283230324221;V254-TEW;Sicherungshalter Kfz Sicherungen FK2 Midi FKS TF mit 20cm 1.5mm² 16AWG Leitung;;3,86;Y;19;0;0;20;45;37;12;Y;N;N;0,02;4,5;3,7;1,2;8536901000
7735;G004-02;4283230324122;V073-TMT;Schrittmotor 57er 57HZ42 Bipolar;;23,1;Y;4;4;0;460;62;56;56;Y;Y;N;0,48;6,2;5,6;5,6;8501109958
7734;G004-01;4283230324023;V073-TMT;Schrittmotor 57er 57HS76 Bipolar;;37,9;Y;4;4;0;1100;119;56;56;Y;Y;N;1,16;11,9;5,6;5,6;8501109958
7732;H021-08;4283230323620;V131-TES;Industriesschalter LA38-11M/206A PILZDRUCK, SELBSTRÜCKSTELLEND 1NO1NC rot;;4,03;Y;7;0;0;30;68;35;35;Y;N;N;0,03;6,8;3,5;3,5;8536500700
7731;H021-06;4283230323521;V131-TES;Industriesschalter LA38-11M/206A PILZDRUCK, SELBSTRÜCKSTELLEND 1NO1NC grün;;4,03;Y;10;0;0;30;68;35;35;Y;N;N;0,03;6,8;3,5;3,5;8536500700
7730;F020-01;4283230323422;V131-TES;Industriesschalter LA38-11Z/206A NOT-AUS mit Drehentriegelung 1NO1NC;;4,03;Y;0;0;0;30;66;35;35;Y;N;N;0,03;6,6;3,5;3,5;8536500700
7729;E026-07;4283230323323;V131-TES;Industriesschalter LA38-11X3/206A DREH 3 Schaltzustände, RASTEND, 2NO;;3,27;Y;4;0;0;20;64;30;30;Y;N;N;0,02;6,4;3;3;8536500700
7728;E009-05;4283230323224;V131-TES;Industriesschalter LA38-11X2/206A DREH 2 Schaltzustände, RASTEND, 1NO1NC;;3,27;Y;0;0;0;20;64;30;30;Y;N;N;0,02;6,4;3;3;8536500700
7726;TMT-4283230323125;4283230323125;V215-TMT;Abdeckschutz für Zahnrad an 42mm Schrittmotor NEMA17 Ender3 CR20 feste Abdeckung CS10;;6,38;Y;0;0;0;20;41;41;34;N;N;N;0,02;4,1;4,1;3,4;8487909090
7724;A026-11;4283230323026;V083-TMT;Schwingungsdämpfer Schrittmotor 42er NEMA17 mit Zentrierung 58.5x58.5mm 4mm dick;;4,03;Y;20;0;0;20;58;31;0,5;Y;Y;N;0,02;5,8;3,1;0,05;8487909090
7723;TMT-4283230322920;4283230322920;V083-TMT;Schwingungsdämpfer Schrittmotor 42er NEMA17 Kork 3mm dick;;2,26;Y;0;0;0;0;42;42;0,2;N;N;N;0;4,2;4,2;0,02;8487909090
7722;TMT-4283230322821;4283230322821;V083-TMT;Schwingungsdämpfer Schrittmotor 42er NEMA17 Kork 2mm dick;;2,51;Y;0;0;0;0;42;42;0,2;N;N;N;0;4,2;4,2;0,02;8487909090
7720;B029-15;4283230322623;V081-TEW;Erdungsbrücke 0.5mm² 4.2mm Ringöse 4.8 Flachstecker PE grün-gelb 25cm für z.B. Photovoltaik Panels;;1,92;Y;15;0;0;0;120;8;4,5;Y;N;N;0;12;0,8;0,45;8536901000
7719;B030-15;4283230322425;V081-TEW;Erdungsbrücke 0.5mm² 4.2mm Ringöse 4.8 Flachstecker PE grün-gelb 15cm für z.B. Photovoltaik Panels;;1,76;Y;10;0;0;0;115;7;4;Y;N;N;0;11,5;0,7;0,4;8536901000
7718;F012-01;4283230322227;V081-TEW;Steckverbinder Flachstecker Leitung 2.5mm² offen 6.3 30cm Schwarz;;1,42;Y;35;0;0;10;310;0,8;0,4;Y;N;N;0,01;31;0,08;0,04;8536901000
7717;F011-02;4283230322128;V081-TEW;Steckverbinder Flachstecker Leitung 2.5mm² offen 6.3 30cm Rot;;1,42;Y;35;0;0;10;310;0,8;0,4;Y;N;N;0,01;31;0,08;0,04;8536901000
7716;F008-06;4283230322029;V081-TEW;Steckverbinder Flachstecker Leitung 2.5mm² Brücke 6.3-6.3 30cm Schwarz;;1,51;Y;8;0;0;10;320;0,8;0,4;Y;N;N;0,01;32;0,08;0,04;8536901000
7715;F009-03;4283230321923;V081-TEW;Steckverbinder Flachstecker Leitung 2.5mm² Brücke 6.3-6.3 30cm Rot;;1,51;Y;8;0;0;10;320;0,8;0,4;Y;N;N;0,01;32;0,08;0,04;8536901000
7714;F009-02;4283230321824;V081-TEW;Steckverbinder Flachstecker Leitung 2.5mm² Brücke 6.3-6.3 20cm Schwarz;;1,42;Y;11;0;0;10;220;0,8;0,4;Y;N;N;0,01;22;0,08;0,04;8536901000
7713;F009-01;4283230321725;V081-TEW;Steckverbinder Flachstecker Leitung 2.5mm² Brücke 6.3-6.3 20cm Rot;;1,42;Y;8;0;0;10;220;0,8;0,4;Y;N;N;0,01;22;0,08;0,04;8536901000
7712;B028-15;4283230321626;V081-TEW;Steckverbinder Flachstecker Leitung 2.5mm² Brücke 6.3-6.3 10cm Schwarz;;1,35;Y;6;0;0;10;120;0,8;0,4;Y;N;N;0,01;12;0,08;0,04;8536901000
7711;B027-15;4283230321527;V081-TEW;Steckverbinder Flachstecker Leitung 2.5mm² Brücke 6.3-6.3 10cm Rot;;1,35;Y;4;0;0;10;120;0,8;0,4;Y;N;N;0,01;12;0,08;0,04;8536901000
7709;G008-04;4283230320926;V004-TMT;Linearachse Openbuilds C-Beam, Schlitten lang;;42;Y;5;5;0;1820;117,5;130;100;Y;Y;N;1,82;11,75;13;10;8487909090
7705;E018-04;4283230320728;V035-TMT;Schrauben DIN 7984 M8x16mm passend für DSG32, Menge 6 Stk;;2,76;Y;30;2;0;50;37;21;13;Y;N;N;0,06;3,7;2,1;1,3;8487909090
7704;E018-11;4283230320629;V035-TMT;Schrauben DIN 7984 M6x16mm passend für DSG20 und DSG25, Menge 6 Stk;;2,51;Y;40;0;0;30;30;19,7;10;Y;N;N;0,03;3;1,97;1;8487909090
7703;E021-11;4283230320520;V035-TMT;Schrauben DIN 7984 M5x16mm passend für DSG26, Menge 6 Stk;;2,09;Y;61;15;0;20;25;19;8;Y;N;N;0,02;2,5;1,9;0,8;8487909090
7702;E017-10;4283230320421;V035-TMT;Schrauben DIN 7984 M4x16mm passend für DSG12, Menge 6 Stk;;1,92;Y;95;0;0;10;38;18;6,8;Y;N;N;0,01;3,8;1,8;0,68;8487909090
7700;E018-05;4283230320322;V029-TEW;Steckverbinder Gerätestecker C16 Tafelmontage Klemmen;;2,43;Y;31;0;0;10;28;30;24;Y;N;N;0,01;2,8;3;2,4;8536901000
7692;J010-12;4283230319821;V204-TEW;Steckverbinder DC Leitung DC5.5x2.1 Stecker Krokoklemmen 50cm Kabel rot/schwarz 2x0.34mm² (22AWG) 3Amax;;3,35;Y;11;0;0;10;128;19;14;Y;N;N;0,01;12,8;1,9;1,4;8536901000
7691;F012-03;4283230319722;V204-TEW;Steckverbinder DC Leitung DC5.5x2.1 Stecker 1m Kabel rot/schwarz 2x0.34mm² (22AWG);;2,26;Y;2;0;0;10;132;25;10;Y;N;N;0,01;13,2;2,5;1;8536901000
7690;F011-12;4283230319623;V204-TEW;Steckverbinder DC Leitung DC5.5x2.1 Stecker 25cm Kabel rot/schwarz 2x0.34mm² (22AWG);;2,09;Y;1;0;0;10;69;54;10;Y;N;N;0,01;6,9;5,4;1;8536901000
7689;TEW-4283230319524;4283230319524;V204-TEW;Steckverbinder DC Leitung DC5.5x2.1 Stecker 90° gewinkelt 1.5m Kabel 2x0.34mm² (22AWG);;3,61;Y;0;0;0;0;0;0;0;N;N;N;0;0;0;0;8536901000
7688;TEW-4283230319425;4283230319425;V204-TEW;Steckverbinder DC Leitung DC5.5x2.1 Stecker 90° gewinkelt 25cm Kabel 2x0.34mm² (22AWG);;2,6;Y;0;0;0;10;74;56;0,9;N;N;N;0,01;7,4;5,6;0,09;8536901000
7687;E026-05;4283230319326;V204-TEW;Steckverbinder DC Leitung DC5.5x2.1 Buchse 1m Kabel 2x0.34mm² (22AWG);;2,93;Y;4;0;0;20;119;35;11;Y;N;N;0,02;11,9;3,5;1,1;8536901000
7686;A026-14;4283230319227;V204-TEW;Steckverbinder DC Leitung DC5.5x2.1 Buchse 25cm Kabel 2x0.34mm² (22AWG);;2,43;Y;3;0;0;10;75;58;11;Y;N;N;0,01;7,5;5,8;1,1;8536901000
7685;TEW-4283230319128;4283230319128;V204-TEW;Steckverbinder DC Leitung DC5.5x2.1 Stecker 1m Kabel 2x0.34mm² (22AWG);;2,76;Y;0;0;0;0;0;0;0;N;N;N;0;0;0;0;8536901000
7684;J009-12;4283230319029;V204-TEW;Steckverbinder DC Leitung DC5.5x2.1 Stecker 25cm Kabel 2x0.34mm² (22AWG);;2,09;Y;57;0;0;10;64;58;10;Y;N;N;0,01;6,4;5,8;1;8536901000
7682;B025-15;4283230318824;V077-TMT;Openbuilds Endabdeckung Abdeckplatte Aluprofil Aluplatte 20x20x3mm schwarz;;3,86;Y;6;2;0;0;20;20;3;Y;N;N;0;2;2;0,3;8466102000
7680;B014-14;4283230318626;V077-TMT;Openbuilds Nutenstein M4;;0,81;Y;12;6;0;10;15;10;3,5;Y;Y;N;0,01;1,5;1;0,35;8487909090
7679;G008-09;4283230318527;V077-TMT;Openbuilds Trägerplatte lang Alu C-Beam Linearachse;;34,87;Y;1;2;0;220;155;80;6;Y;N;N;0,23;15,5;8;0,6;8487909090
7677;L011-03;4283230318428;V070-TMT;Schrauben DIN 912 brüniert 12.9 M6x90, für 86er Motor NEMA34 Klemmhalterung 70mm hoch, Menge 5 Stk;;5,45;Y;39;2;0;100;96;50;10;Y;N;N;0,11;9,6;5;1;8487909090
7676;L010-04;4283230318329;V070-TMT;Schrauben DIN 912 brüniert 12.9 M5x65, für 57er Motor NEMA23 Klemmhalterung 50mm hoch, Menge 5 Stk;;4,53;Y;37;0;0;50;70;41;8,5;Y;N;N;0,05;7;4,1;0,85;8487909090
7675;L008-03;4283230318220;V070-TMT;Schrauben DIN 912 brüniert 12.9 M5x55, für 57er Motor NEMA23 Klemmhalterung 40mm hoch, Menge 5 Stk;;3,86;Y;59;2;0;50;60;41;8,5;Y;N;N;0,05;6;4,1;0,85;8487909090
7674;H017-06;4283230318121;V070-TMT;Motorhalter Klemmhalterung, NEMA23 Schrittmotor 57er, Alu 40mm silber;;8,13;Y;17;12;0;120;56;56;50;Y;Y;N;0,12;5,6;5,6;5;8466102000
7673;H015-05;4283230318022;V070-TMT;Motorhalter Klemmhalterung, NEMA23 Schrittmotor 57er, Alu 50mm silber;;8,18;Y;9;7;0;150;56;56;50;Y;Y;N;0,15;5,6;5,6;5;8466102000
7672;D013-06;4283230317926;V070-TMT;Motorhalter Klemmhalterung, NEMA34 Schrittmotor 86er, Alu 70mm silber;;11,16;Y;0;0;0;440;86;86;70;Y;Y;N;0,47;8,6;8,6;7;8466102000
7670;B022-16;4283230317827;V212-TMT;Lagerbuchse selbstschmierend Verbundkupferhülse 12x14x15mm;;1,05;Y;20;2;0;10;15;14;14;Y;Y;N;0,01;1,5;1,4;1,4;8487909090
7669;B022-12;4283230317728;V212-TMT;Lagerbuchse selbstschmierend Verbundkupferhülse 12x14x10mm;;0,97;Y;10;2;0;10;14;14;10;Y;Y;N;0,01;1,4;1,4;1;8487909090
7668;B023-16;4283230317629;V212-TMT;Lagerbuchse selbstschmierend Verbundkupferhülse 8x10x20mm;;1,02;Y;7;5;0;10;20;10;10;Y;Y;N;0,01;2;1;1;8487909090
7667;B020-12;4283230317520;V212-TMT;Lagerbuchse selbstschmierend Verbundkupferhülse 8x10x15mm;;0,86;Y;8;0;0;10;15;10;10;Y;Y;N;0,01;1,5;1;1;8487909090
7666;B017-12;4283230317421;V212-TMT;Lagerbuchse selbstschmierend Verbundkupferhülse 6x8x12mm;;0,86;Y;0;0;0;10;12;8;8;Y;Y;N;0,01;1,2;0,8;0,8;8487909090
7664;A005-07;4283230317322;V007-TMT;Zahnriemenscheibe 2GT-48AF-B8-6: Zähne 48, Typ AF, Bohrung 8mm, Riemenbreite 6mm;;4,22;Y;14;17;0;20;32;32;10;Y;Y;N;0,02;3,2;3,2;1;8483508090
7662;A031-14;4283230317223;V007-TMT;Zahnriemenscheibe 2GT-20AF-B6-10: Zähne 20, Typ AF, Bohrung 6mm, Riemenbreite 10mm;;2,5;Y;14;10;0;10;16;14;14;Y;Y;N;0,01;1,6;1,4;1,4;8483508090
7661;A038-10;4283230317124;V007-TMT;Zahnriemenscheibe 2GT-20AF-B4-10: Zähne 20, Typ AF, Bohrung 4mm, Riemenbreite 10mm;;2,5;Y;13;6;0;10;17;17;14;Y;Y;N;0,01;1,7;1,7;1,4;8483508090
7660;A038-04;4283230317025;V007-TMT;Zahnriemenscheibe 2GT-20AF-B4-6: Zähne 20, Typ AF, Bohrung 4mm, Riemenbreite 6mm;;3,01;Y;22;18;0;10;16;16;10;Y;Y;N;0,01;1,6;1,6;1;8483508090
7659;B002-15;4283230316929;V007-TMT;Zahnriemenscheibe 2GT-20AF-B5-10: Zähne 20, Typ AF, Bohrung 5mm, Riemenbreite 10mm;;3,01;Y;22;20;0;10;16;16;14;Y;Y;N;0,01;1,6;1,6;1,4;8483508090
7658;B004-15;4283230316820;V007-TMT;Zahnriemenscheibe 2GT-20AF-B5-6: Zähne 20, Typ AF, Bohrung 5mm, Riemenbreite 6mm;;2,5;Y;39;25;0;10;16;16;10;Y;Y;N;0,01;1,6;1,6;1;8483508090
7637;0080-4140;4251840918888;;Kreismesser  - 1.4112 - 140P - glatt - 0080-4140  TG140-P - P08 - K011111;;84,03;N;0;0;0;150;0;0;0;Y;N;N;0,15;0;0;0;8208300000
7636;0080-2140;4283230164421;;Kreismesser  - 1.4112 - 140T - glatt -  0080-2140  TG140-T - B07 - K011111;;84,03;N;0;0;0;150;0;0;0;Y;N;N;0,15;0;0;0;8208300000
7635;0080-5121;4251840979230;;Kreismesser  - 1.4112 - 120Uz - gezahnt - 0080-5121  TZ120-U - P03 - K011111;;84,03;N;0;0;0;130;0;0;0;Y;N;N;0,13;0;0;0;8208300000
7634;0080-5120;4251840978981;;Kreismesser  - 1.4112 - 120U - glatt - 0080-5120  TG120-U - P03 - K011111;;84,03;N;0;0;0;130;0;0;0;Y;N;N;0,13;0;0;0;8208300000
7633;0080-3121;4283230165022;;Kreismesser  - 1.4112 - 120Dz - gezahnt - 0080-3121  TZ120-D - P05 - K011111;;84,03;N;0;0;0;130;0;0;0;Y;N;N;0,13;0;0;0;8208300000
7632;0080-3120;4283230164926;;Kreismesser  - 1.4112 - 120D - glatt - 0080-3120  TG120-D - P05 - K011111;;84,03;N;0;0;0;130;0;0;0;Y;N;N;0,13;0;0;0;8208300000
7631;0080-3101;4283230847621;;Kreismesser  - 1.4112 - 100Dz - gezahnt - 0080-3101  TZ100-D - P05 - K011111;;84,03;N;0;0;0;70;0;0;0;Y;N;N;0,07;0;0;0;8208300000
7630;0080-3100;4283230164728;;Kreismesser  - 1.4112 - 100D - glatt - 0080-3100  TG100-D - P05 - K011111;;84,03;N;0;0;0;70;0;0;0;Y;N;N;0,07;0;0;0;8208300000
7629;0080-3091;4283230164629;;Kreismesser  - 1.4112 - 90Dz - gezahnt - 0080-3091  TZ90-D - P04 - K011111;;84,03;N;0;0;0;60;0;0;0;Y;N;N;0,06;0;0;0;8208300000
7628;0080-3090;4251840920782;;Kreismesser  - 1.4112 - 90D - glatt - 0080-3090  TG90-D - P04 - K011111;;84,03;N;0;0;0;60;0;0;0;Y;N;N;0,06;0;0;0;8208300000
7627;0080-5091;4283230165428;;Kreismesser  - 1.4112 - 90Pz - gezahnt - 0080-5091  TZ90-P - P02 - K011111;;84,03;N;0;0;0;60;0;0;0;Y;N;N;0,06;0;0;0;8208300000
7626;0080-5081;4251840978974;;Kreismesser  - 1.4112 - 80Uz - gezahnt - 0080-5081  TZ80-U - P01 - K011111;;84,03;N;0;0;0;50;0;0;0;Y;N;N;0,05;0;0;0;8208300000
7625;0080-5080;4251840980779;;Kreismesser  - 1.4112 - 80U - glatt - 0080-5080  TG80-U - P01 - K011111;;84,03;N;0;0;0;50;0;0;0;Y;N;N;0,05;0;0;0;8208300000
7623;0013-5121;4251840979223;;Kreismesser  - 1.4116 - 120Uz - gezahnt - 0013-5121  TZ120-U - B03 - K011111;;84,03;N;0;0;0;130;0;0;0;Y;N;N;0,13;0;0;0;8208300000
7622;0013-5120;4251840979186;;Kreismesser  - 1.4116 - 120U - glatt - 0013-5120  TG120-U - B03 - K011111;;84,03;N;0;0;0;130;0;0;0;Y;N;N;0,13;0;0;0;8208300000
7621;0013-3121;4251840979247;;Kreismesser  - 1.4116 - 120Dz - gezahnt -  0013-3121  TZ120-D - B05 - K011111;;84,03;N;0;0;0;130;0;0;0;Y;N;N;0,13;0;0;0;8208300000
7620;0013-3120;4251840970770;;Kreismesser  - 1.4116 - 120D - glatt -  0013-3120  TG120-D - B05 - K011111;;84,03;N;0;0;0;130;0;0;0;Y;N;N;0,13;0;0;0;8208300000
7619;0013-3100;4251840970640;;Kreismesser  - 1.4116 - 100D - glatt -  0013-3100  TG100-D - B05 - K011111;;84,03;N;0;0;0;70;0;0;0;Y;N;N;0,07;0;0;0;8208300000
7618;0013-4091;4283230163622;;Kreismesser  - 1.4116 - 90Pz - gezahnt -  0013-4091  TZ90-P - B02 - K011111;;84,03;N;0;0;0;60;0;0;0;Y;N;N;0,06;0;0;0;8208300000
7617;0013-4090;4251840973085;;Kreismesser  - 1.4116 - 90P - glatt -  0013-4090  TG90-P - B02 - K011111;;84,03;N;0;0;0;60;0;0;0;Y;N;N;0,06;0;0;0;8208300000
7616;0013-5081;4251840980670;;Kreismesser  - 1.4116 - 80Uz - gezahnt -  0013-5081   TZ80-U - B01 - K011111;;84,03;N;0;0;0;50;0;0;0;Y;N;N;0,05;0;0;0;8208300000
7615;0013-5080;4283230163929;;Kreismesser  - 1.4116 - 80U - glatt -  0013-5080  TG80-U - B01 - K011111;;84,03;N;0;0;0;50;0;0;0;Y;N;N;0,05;0;0;0;8208300000
7613;0080-1084;4283230164322;;Kreismesser  - 1.4112 - 80Cb - Teflon - 0080-1084  TG80-CB - C02 - K011111;;84,03;N;0;0;0;50;0;0;0;Y;N;N;0,05;0;0;0;8208300000
7612;I005-01;4283230968623;;Kreismesser  - 1.4112 - 120U - glatt - GT Premium - P03 - GT;;16,5;N;0;167;0;110;0;0;0;Y;N;N;0,11;0;0;0;8208300000
7611;0013-3091;4251840907578;;Kreismesser  - 1.4116 - 90Dz - gezahnt - 0013-3091  TZ90-D - B04 - K011111;;84,03;N;0;0;0;60;0;0;0;Y;N;N;0,06;0;0;0;8208300000
7610;0013-3090;4251840915672;;Kreismesser  - 1.4116 - 90D - glatt -  0013-3090  TG90-D - B04 - K011111;;84,03;N;0;0;0;60;0;0;0;Y;N;N;0,06;0;0;0;8208300000
7608;0012-0351;4283230289728;V043-GTR;Fleischspießteller Ø 35cm mit Schlitz;;22;Y;0;0;0;0;350;350;0;Y;N;N;0;35;35;0;8487909090
7607;0012-0301;4283230970121;V043-GTR;Fleischspießteller Ø 30cm Schlitz;;19;Y;0;0;0;1050;300;300;0,2;Y;N;N;1,1;30;30;0,02;8487909090
7606;0012-0095;4283230969125;V005-GTR;Fleischspieß 95cm;;15,5;Y;0;0;0;1050;950;12;12;Y;N;N;1,1;95;1,2;1,2;8487909090
7514;TEW-4283230251923;4283230251923;V029-TEW;Steckverbinder Gerätestecker C16 Tafelmontage Schrauben;;1,5;Y;0;0;0;0;0;0;0;N;N;N;0;0;0;0;8536901000
7513;TEW-4283230251725;4283230251725;V029-TEW;Steckverbinder Gerätestecker C13, Tafelmontage Schrauben;;0,83;Y;0;0;0;10;50;28,5;27,5;N;N;N;0,01;5;2,85;2,75;8536901000
7512;TEW-4283230251626;4283230251626;V029-TEW;Steckverbinder Gerätestecker C14 Tafelmontage Klemmen, Sicherung, KCD4-202 rot Installation über 3 Pins;;4,45;Y;0;0;0;30;50;31;32;N;N;N;0,03;5;3,1;3,2;8536901000
7511;TEW-4283230251527;4283230251527;V029-TEW;Steckverbinder Gerätestecker C14 Tafelmontage Schrauben, Sicherung, KCD3-101 Schalter rot, Installation über 3 Pins;;4,45;Y;0;0;0;30;51;50;31,5;N;N;N;0,03;5,1;5;3,15;8536901000
7510;H017-08;4283230254825;V029-TEW;Steckverbinder Gerätestecker C14 Tafelmontage Schrauben, Sicherung, KCD4-202 Schalter rot, Installation über 3 Pins;;4,45;Y;3;0;0;30;59;48,8;38;Y;N;N;0,03;5,9;4,88;3,8;8536901000
7509;H009-01;4283230254726;V112-TMT;Schrittmotor Treiber MACH3 Steuerung 5-Achs-Schrittmotorentreiber;;24,06;Y;2;0;0;300;250;180;35;Y;N;N;0,32;25;18;3,5;8538909189
7508;B016-14;4283230254528;V091-TMT;Klemmring Stellring 8x25x8mm;;4,25;Y;10;4;0;10;25;25;8;Y;Y;N;0,01;2,5;2,5;0,8;8487909090
7507;B015-15;4283230254429;V091-TMT;Klemmring Stellring 12x30x10mm;;4,35;Y;9;8;0;20;30;30;10;Y;Y;N;0,02;3;3;1;8487909090
7506;H010-01;4283230254023;V054-TES;Endschalter LSA-061;;10,65;Y;2;0;0;220;200,5;60,5;30;Y;Y;N;0,23;20,05;6,05;3;8536500700
7505;H008-04;4283230253927;V054-TES;Endschalter LSA-071;;10,63;Y;4;0;0;210;205;65;28;Y;Y;N;0,22;20,5;6,5;2,8;8536500700
7504;D011-09;4283230253828;V054-TES;Endschalter LSA-021;;10,68;Y;0;0;0;230;123;65;50;Y;Y;N;0,25;12,3;6,5;5;8536500700
7503;G011-08;4283230253729;V054-TES;Endschalter LSA-001;;10,62;Y;4;0;0;200;115;60;28;Y;Y;N;0,21;11,5;6;2,8;8536500700
7502;G016-05;4283230253521;V054-TES;Endschalter LSA-012;;10,7;Y;0;0;0;240;120;60;29;Y;Y;N;0,26;12;6;2,9;8536500700
7501;F009-09;4283230252623;V054-TES;Endschalter LSA-003;;10,63;Y;0;0;0;210;110,5;60;30;Y;Y;N;0,22;11,05;6;3;8536500700
7500;M007-07;4283230252524;V037-TES;Induktiver Näherungsschalter SN04-Y2 NC Öffner 90-250VAC;;6,52;Y;15;0;0;30;81;63;18;Y;N;N;0,04;8,1;6,3;1,8;8536500700
7499;M007-09;4283230252425;V037-TES;Induktiver Näherungsschalter SN04-Y NO Schließer 90-250VAC;;6,57;Y;8;0;0;30;103,5;71;19;Y;N;N;0,03;10,35;7,1;1,9;8536500700
7498;TES-4283230252326;4283230252326;V037-TES;Induktiver Näherungsschalter SN04-D2 NC Öffner 10-30V;;6,17;Y;0;0;0;40;90;80;18;N;N;N;0,04;9;8;1,8;8536500700
7497;TES-4283230252227;4283230252227;V037-TES;Induktiver Näherungsschalter SN04-D NO Schließer 10-30V;;6,17;Y;0;0;0;40;90;80;18;N;N;N;0,04;9;8;1,8;8536500700
7496;D005-10;4283230252128;V013-TES;Industrieschalter LA38 DREH Hebel 2 Schaltzustände, RASTEND, 1 Schließer + 1 Öffner;;6,22;Y;32;0;0;50;83;44;46;Y;N;N;0,05;8,3;4,4;4,6;8536500700
7495;K001-01;4283230252029;V061-TES;Industrieschalter On-Off Taster selbstrückstellend Eckig 30mm 1 Schließer + 1 Öffnerkontakt 1NO1NC;;3,69;Y;4;0;0;70;8,3;5,6;3,3;Y;N;N;0,07;0,83;0,56;0,33;8536500700
7488;B013-14;4283230256324;V057-TMS;Nutenstein schwer 45-M4;;1,08;Y;20;0;0;20;19,5;19,5;11;Y;N;N;0,02;1,95;1,95;1,1;8483902090
7487;B012-14;4283230256225;V057-TMS;Nutenstein schwer 40-M3;;1,15;Y;19;0;0;20;19,5;19,5;10;Y;N;N;0,02;1,95;1,95;1;8483902090
7486;B011-14;4283230256126;V057-TMS;Nutenstein schwer 40-M6;;0,96;Y;6;0;0;20;20;19;9;Y;N;N;0,02;2;1,9;0,9;8483902090
7485;B010-14;4283230256027;V057-TMS;Nutenstein schwer 45-M6;;1,08;Y;32;0;0;20;21;20;11;Y;N;N;0,02;2,1;2;1,1;8483902090
7484;B009-14;4283230255921;V057-TMS;Nutenstein schwer 45-M5;;1,08;Y;24;0;0;20;20;20;11;Y;N;N;0,02;2;2;1,1;8483902090
7483;B008-14;4283230255822;V057-TMS;Nutenstein schwer 40-M8;;0,96;Y;8;0;0;20;20;20;10;Y;N;N;0,02;2;2;1;8483902090
7482;B006-14;4283230255723;V108-TSC;Sechskantkupplung Ø2mm;;2,09;Y;7;2;0;20;24;12;12;Y;Y;N;0,02;2,4;1,2;1,2;8483608090
7481;B005-14;4283230255624;V108-TSC;Sechskantkupplung Ø8mm;;2,47;Y;0;0;0;10;22;12;12;Y;Y;N;0,01;2,2;1,2;1,2;8483608090
7480;B004-14;4283230255525;V108-TSC;Sechskantkupplung Ø3.17mm;;2,36;Y;16;9;0;20;23;12;12;Y;Y;N;0,02;2,3;1,2;1,2;8483608090
7479;B003-16;4283230255327;V012-TMT;Trapezgewindemutter T8x2x4, Messing eckig;;2,75;Y;29;20;0;10;22;11;15;Y;Y;N;0,01;2,2;1,1;1,5;7318156290
7478;E020-12;4283230255228;V002-TMT;Zahnriemen HTD3M-300-10;;3;Y;19;14;0;10;40;28;10;Y;Y;N;0,01;4;2,8;1;4010390090
7477;E020-09;4283230255129;V030-TSC;Wellenkupplung starr Alu D14L25 Ø4 auf Ø4mm;;2,54;Y;12;12;0;10;25;14;14;Y;N;N;0,01;2,5;1,4;1,4;8483608090
7476;E019-12;4283230255020;;Trapezgewindemutter T12x2x8, Messing;;6,62;Y;18;14;0;60;36;36;24;Y;Y;N;0,06;3,6;3,6;2,4;7318156290
7475;E019-10;4283230254924;;Trapezgewindemutter T12x2x2, Messing;;6,62;Y;23;38;0;60;36;36;24;Y;Y;N;0,06;3,6;3,6;2,4;7318156290
7474;J016-12;4283230256720;V007-TMT;Zahnriemenscheibe 2GT-80BF-B8-6: Zähne 80, Typ BF, Bohrung 8mm, Riemenbreite 6mm;;8,4;Y;42;31;0;70;54;54;18;Y;Y;N;0,07;5,4;5,4;1,8;8483508090
7473;J014-12;4283230256621;V007-TMT;Zahnriemenscheibe 2GT-80BF-B5-6: Zähne 80, Typ BF, Bohrung 5mm, Riemenbreite 6mm;;8,42;Y;42;31;0;70;55;55;18;Y;Y;N;0,08;5,5;5,5;1,8;8483508090
7472;I033-03;4283230257123;V006-TEW;Schleppkette Energiekette OFFEN, minimaler Biegeradius R28, Innen 15x20mm;;8,02;Y;17;54;0;250;180;160;28;Y;Y;N;0,26;18;16;2,8;8487909090
7471;J010-10;4283230257024;V006-TEW;Schleppkette Energiekette OFFEN, minimaler Biegeradius R15, Innen 7x7mm, Länge 300mm;;4,24;Y;25;20;0;30;75;63;13;Y;Y;N;0,03;7,5;6,3;1,3;8487909090
7470;R002-07;4283230256829;V006-TEW;Schleppkette Energiekette OFFEN, minimaler Biegeradius R15, Innen 7x7mm, Länge 500mm;;4,64;Y;47;46;0;40;95;80;14;Y;Y;N;0,04;9,5;8;1,4;8487909090
7469;G003-01;4283230257420;V113-TMT;Motorhalter flach 86er Motor;;10,46;Y;12;8;0;590;190;100;6;Y;Y;N;0,62;19;10;0,6;8466102000
7468;G012-09;4283230257321;V113-TMT;Motorhalter flach 57er Motor;;4,13;Y;54;35;0;160;135;65;3;Y;Y;N;0,17;13,5;6,5;0,3;8466102000
7467;G010-10;4283230257222;V113-TMT;Motorhalter flach 42er Motor;;3,18;Y;34;23;0;90;100,5;50;3;Y;Y;N;0,09;10,05;5;0,3;8466102000
7404;F010-05;4283230974129;V089-TMT;Trapezgewinde Mutternsitz T12 Alu schwarz;;10,67;Y;12;2;0;150;42;40;40;Y;Y;N;0,15;4,2;4;4;8466102000
7403;D009-01;4283230847829;V089-TMT;Trapezgewinde Mutternsitz T12 Alu silber;;10,67;Y;1;0;0;140;42;42;41;Y;Y;N;0,15;4,2;4,2;4,1;8466102000
7402;E020-10;4283230971227;V089-TMT;Trapezgewinde Mutternsitz T6 / T8 Alu silber;;5,3;Y;22;14;0;70;35,5;28;28;Y;Y;N;0,07;3,55;2,8;2,8;8466102000
7401;G009-10;4283230258823;V017-TEW;Blindstopfen mit Gegenmutter, Kunststoff schwarz, M63 x 1.5, Menge 1 Stk;;3,7;Y;4;0;0;30;73;73;16;Y;N;N;0,03;7,3;7,3;1,6;8487909090
7400;D014-03;4283230258724;V017-TEW;Blindstopfen mit Gegenmutter, Kunststoff schwarz, M50 x 1.5, VPE Menge 20 Stk;;18,48;Y;1;1;0;450;220,5;220,5;60,5;Y;N;Y;0,47;22,05;22,05;6,05;8487909090
7399;D006-06;4283230258625;V017-TEW;Blindstopfen mit Gegenmutter, Kunststoff schwarz, M40 x 1.5, VPE Menge 20 Stk;;13,85;Y;1;1;0;380;260;160;70;Y;N;Y;0,4;26;16;7;8487909090
7398;D011-04;4283230258526;V017-TEW;Blindstopfen mit Gegenmutter, Kunststoff schwarz, M32 x 1.5, VPE Menge 100 Stk;;26,83;Y;1;1;0;1250;320;320;75;Y;N;Y;1,31;32;32;7,5;8487909090
7397;D010-04;4283230258427;V017-TEW;Blindstopfen mit Gegenmutter, Kunststoff schwarz, M30 x 1.5, VPE Menge 100 Stk;;24,65;Y;1;1;0;880;320;180;100;Y;N;Y;0,93;32;18;10;8487909090
7396;D009-03;4283230258328;V017-TEW;Blindstopfen mit Gegenmutter, Kunststoff schwarz, M25 x 1.5, VPE Menge 100 Stk;;22,18;Y;1;1;0;300;270;130;55;Y;N;Y;0,32;27;13;5,5;8487909090
7395;D008-05;4283230258120;V017-TEW;Blindstopfen mit Gegenmutter, Kunststoff schwarz, M24 x 1.5, VPE Menge 100 Stk;;17,87;Y;2;1;0;560;330;145;100;Y;N;Y;0,58;33;14,5;10;8487909090
7394;TEW-4283230258021;4283230258021;V017-TEW;Blindstopfen mit Gegenmutter, Kunststoff schwarz, M22 x 1.5, VPE Menge 100 Stk;;13,19;Y;0;0;0;0;0;0;0;Y;N;Y;0;0;0;0;8487909090
7393;D007-03;4283230257925;V017-TEW;Blindstopfen mit Gegenmutter, Kunststoff schwarz, M20 x 1.5, VPE Menge 100 Stk;;10,55;Y;0;1;0;340;255;150;80;Y;N;Y;0,36;25,5;15;8;8487909090
7392;G009-07;4283230257826;V017-TEW;Blindstopfen mit Gegenmutter, Kunststoff schwarz, M18 x 1.5, VPE Menge 100 Stk;;8,75;Y;1;1;0;260;230;140;50;Y;N;Y;0,27;23;14;5;8487909090
7391;G009-09;4283230257727;V017-TEW;Blindstopfen mit Gegenmutter, Kunststoff schwarz, M16 x 1.5, VPE Menge 100 Stk;;8,02;Y;1;1;0;250;240;170;35;Y;N;Y;0,26;24;17;3,5;8487909090
7390;G009-06;4283230257529;V017-TEW;Blindstopfen mit Gegenmutter, Kunststoff schwarz, M12 x 1.5, VPE Menge 100 Stk;;6,76;Y;1;1;0;300;230;150;30;Y;N;Y;0,32;23;15;3;8487909090
7305;G006-04;4283230262028;V017-TEW;Kabelverschraubung, Kunststoff schwarz, M16 x 1.5, VPE Menge 100 Stk;;12,88;Y;1;1;0;370;230;145;55;Y;Y;Y;0,39;23;14,5;5,5;8487909090
7304;G005-05;4283230261823;V017-TEW;Kabelverschraubung, Kunststoff schwarz, M18 x 1.5, VPE Menge 100 Stk;;16,72;Y;1;1;0;10;210;150;112;Y;Y;Y;0,01;21;15;11,2;8487909090
7303;G004-05;4283230261625;V017-TEW;Kabelverschraubung, Kunststoff schwarz, M12 x 1.5, VPE Menge 100 Stk;;12,6;Y;1;1;0;410;260;130;90;Y;Y;Y;0,43;26;13;9;8487909090
7302;G004-04;4283230261526;V017-TEW;Kabelverschraubung, Kunststoff schwarz, M20 x 1.5, VPE Menge 100 Stk;;19,27;Y;1;1;0;900;220;220;90;Y;Y;Y;0,95;22;22;9;8487909090
7301;G002-10;4283230261427;V017-TEW;Kabelverschraubung, Kunststoff weiß, M20 x 1.5, VPE Menge 100 Stk;;21,66;Y;1;1;0;1060;250;220;130;Y;Y;Y;1,12;25;22;13;8487909090
7300;G002-07;4283230261328;V017-TEW;Kabelverschraubung, Kunststoff weiß, M18 x 1.5, VPE Menge 100 Stk;;16,84;Y;1;1;0;10;240;170;90;Y;Y;Y;0,01;24;17;9;8487909090
7299;G002-05;4283230261229;V017-TEW;Kabelverschraubung, Kunststoff weiß, M16 x 1.5, VPE Menge 100 Stk;;14,34;Y;2;2;0;570;230;140;110;Y;Y;Y;0,6;23;14;11;8487909090
7298;G001-09;4283230261021;V017-TEW;Kabelverschraubung, Kunststoff weiß, M12 x 1.5, VPE Menge 100 Stk;;13,34;Y;1;1;0;1160;220;200;87,5;Y;Y;Y;1,22;22;20;8,75;8487909090
7297;C018-05;4283230260925;V017-TEW;Kabelverschraubung, Kunststoff schwarz, M63 x 1.5, VPE Menge 20 Stk;;31,26;Y;1;1;0;1500;300;300;120;Y;Y;Y;1,58;30;30;12;8487909090
7296;C017-07;4283230260727;V017-TEW;Kabelverschraubung, Kunststoff schwarz, M50 x 1.5, VPE Menge 20 Stk;;30,47;Y;1;1;0;1340;300;300;120;Y;Y;Y;1,41;30;30;12;8487909090
7295;C016-07;4283230260628;V017-TEW;Kabelverschraubung, Kunststoff schwarz, M40 x 1.5, VPE Menge 20 Stk;;24,54;Y;1;1;0;1120;250;280;130;Y;Y;Y;1,18;25;28;13;8487909090
7294;C015-05;4283230260529;V017-TEW;Kabelverschraubung, Kunststoff schwarz, M32 x 1.5, VPE Menge 100 Stk;;39,27;Y;1;1;0;1240;300;300;130;Y;Y;Y;1,3;30;30;13;8487909090
7293;C015-04;4283230260420;V017-TEW;Kabelverschraubung, Kunststoff schwarz, M36 x 1.5, VPE Menge 50 Stk;;30,86;Y;5;1;0;1450;300;300;130;Y;Y;Y;1,52;30;30;13;8487909090
7292;C014-09;4283230260321;V017-TEW;Kabelverschraubung, Kunststoff schwarz, M30 x 1.5, VPE Menge 100 Stk;;44,08;Y;2;1;0;1940;350;350;155;Y;Y;Y;2,04;35;35;15,5;8487909090
7291;C014-04;4283230260222;V017-TEW;Kabelverschraubung, Kunststoff schwarz, M27 x 1.5, VPE Menge 100 Stk;;39,25;Y;1;1;0;1750;350;350;155;Y;Y;Y;1,84;35;35;15,5;8487909090
7290;C013-07;4283230260123;V017-TEW;Kabelverschraubung, Kunststoff schwarz, M25 x 1.5, VPE Menge 100 Stk;;32,36;Y;1;1;0;1900;350;350;155;Y;Y;Y;2;35;35;15,5;8487909090
7289;C012-05;4283230260024;V017-TEW;Kabelverschraubung, Kunststoff schwarz, M24 x 1.5, VPE Menge 100 Stk;;20,43;Y;1;1;0;1080;300;250;60;Y;Y;Y;1,13;30;25;6;8487909090
7288;C011-08;4283230259820;V017-TEW;Kabelverschraubung, Kunststoff schwarz, M22 x 1.5, VPE Menge 100 Stk;;21,61;Y;1;1;0;1100;330;230;60;Y;Y;Y;1,16;33;23;6;8487909090
7287;C011-04;4283230259721;V017-TEW;Kabelverschraubung, Kunststoff weiß, M32 x 1.5, VPE Menge 100 Stk;;40,27;Y;1;1;0;1500;360;300;121;Y;Y;Y;1,58;36;30;12,1;8487909090
7286;C010-01;4283230259622;V017-TEW;Kabelverschraubung, Kunststoff weiß, M27 x 1.5, VPE Menge 100 Stk;;37,85;Y;1;1;0;1570;360;300;121;Y;Y;Y;1,64;36;30;12,1;8487909090
7285;C009-05;4283230259424;V017-TEW;Kabelverschraubung, Kunststoff weiß, M30 x 1.5, VPE Menge 100 Stk;;33,72;Y;1;1;0;2500;121;240;121;Y;Y;Y;2,63;12,1;24;12,1;8487909090
7284;C009-04;4283230259325;V017-TEW;Kabelverschraubung, Kunststoff weiß, M25 x 1.5, VPE Menge 100 Stk;;21,86;Y;1;1;0;1550;121;240;121;Y;Y;Y;1,63;12,1;24;12,1;8487909090
7283;C008-08;4283230259127;V017-TEW;Kabelverschraubung, Kunststoff weiß, M24 x 1.5, VPE Menge 100 Stk;;24,05;Y;2;1;0;1230;300;280;73,5;Y;Y;Y;1,29;30;28;7,35;8487909090
7282;C001-05;4283230259028;V017-TEW;Kabelverschraubung, Kunststoff weiß, M22 x 1.5, VPE Menge 100 Stk;;20,96;Y;2;1;0;1400;290;200;65;Y;Y;Y;1,47;29;20;6,5;8487909090
7279;B002-16;4283230262226;V157-TMS;Aluminiumprofil Abschlusskappe für 2020 weiß;;0,74;Y;30;0;0;10;20;20;0,8;Y;N;N;0,01;2;2;0,08;8487909090
7277;A033-01;4283230262127;V083-TMT;Schwingungsdämpfer für Schrittmotor 57er NEMA23 6mm eckig;;3,77;Y;1;6;0;40;56;56;6;Y;Y;N;0,05;5,6;5,6;0,6;8487909090
7275;A035-13;4283230262424;V053-TMT;Linaerwelle Ø4mm, Länge 50mm;;0,58;Y;77;5;0;10;50;4;4;Y;N;N;0,01;5;0,4;0,4;8487909090
7274;A030-15;4283230262622;V011-TMT;Festlager BC60-12ZC mit C5/HRB SCHRÄGKUGELLAGER;;47,53;Y;1;0;0;300;85;60;60;Y;Y;N;0,32;8,5;6;6;8483902090
7273;D002-01;4283230262523;V011-TMT;Festlager EK10 mit C5/HRB SCHRÄGKUGELLAGER, passend für SFU1605;;27,78;Y;15;0;0;410;71;43;31;Y;Y;N;0,43;7,1;4,3;3,1;8483902090
7272;TES-4283230262721;4283230262721;V115-TES;Hertzmeter 22mm 0 - 75Hz rot;;6,08;Y;0;0;0;20;51;29;29;N;N;N;0,02;5,1;2,9;2,9;8536500700
7267;TSC-4283230262820;4283230262820;;Klauenkupplung D20L25: Ø20, Länge 25, Alu schwarz, Ø9mm Kupplungshälfte;;4,64;Y;0;0;0;90;40;40;39;N;N;N;0,09;4;4;3,9;8483608090
7266;TEW-4283230165824;4283230165824;V206-TEW;Kabelführung grau Ø32mm, VPE 5m;;3,77;Y;0;0;0;500;470;300;130;N;N;Y;0,52;47;30;13;8487909090
7265;TEW-4283230165923;4283230165923;V206-TEW;Kabelführung grau Ø28mm, VPE 5m;;3,18;Y;0;0;0;400;340;340;110;N;N;Y;0,4;34;34;11;8487909090
7264;C003-09;4283230263421;V206-TEW;Kabelführung grau Ø22mm, VPE 5m;;2,68;Y;6;0;0;440;450;300;65;Y;N;Y;0,46;45;30;6,5;8487909090
7263;C005-06;4283230263223;V206-TEW;Kabelführung grau Ø16mm, VPE 5m;;2,26;Y;1;0;0;210;300;270;120;Y;N;Y;0,22;30;27;12;8487909090
7262;C003-02;4283230263124;V206-TEW;Kabelführung grau Ø10mm, VPE 5m;;1,76;Y;2;0;0;100;280;270;250;Y;N;Y;0,11;28;27;25;8487909090
7261;C001-01;4283230262929;V206-TEW;Kabelführung grau Ø8mm, VPE 5m;;1,5;Y;7;0;0;70;285;180;20;Y;N;Y;0,07;28,5;18;2;8487909090
7259;B006-08;4283230263728;V306-TSC;Gelenkkupplung Teleskopkupplung Ø5 auf Ø5mm, Länge 110 auf 155 mm;;15,93;Y;9;2;0;70;110;12;12;Y;Y;N;0,08;11;1,2;1,2;8483608090
7258;B010-09;4283230263629;V306-TSC;Gelenkkupplung Teleskopkupplung Ø8 auf Ø8mm, Länge 81 auf 103 mm;;15,88;Y;4;2;0;50;80;12;12;Y;Y;N;0,05;8;1,2;1,2;8483608090
7257;B003-11;4283230263520;V306-TSC;Gelenkkupplung Teleskopkupplung Ø5 auf Ø5mm, Länge 81 auf 103 mm;;15,88;Y;10;2;0;50;80;12;12;Y;Y;N;0,05;8;1,2;1,2;8483608090
7255;E010-03;4283230264527;V112-TMT;Schrittmotor Treiber 39 42 Motormontage PCB;;24,13;Y;3;0;0;20;44,7;44,7;16;Y;N;N;0,02;4,47;4,47;1,6;8538909189
7254;TMT-4283230264428;4283230264428;V112-TMT;Schrittmotor Treiber Board TB6600 9-40V 4.0A Stepper Drive;;13,5;Y;0;0;0;150;120,5;80;40,5;N;N;N;0,15;12,05;8;4,05;8538909189
7253;TMT-4283230264329;4283230264329;V112-TMT;Schrittmotor Treiber 2 Motoren DC 9-42V 4.0A Stepper Drive 2 Axis;;44,54;Y;0;0;0;270;140;100;41;N;N;N;0,28;14;10;4,1;8538909189
7252;TMT-4283230264121;4283230264121;V112-TMT;Schrittmotor Treiber TB6600 DC 9-42V 4.0A PCB offen Stepper Drive;;14,52;Y;0;0;0;70;110;60;21;N;N;N;0,07;11;6;2,1;8538909189
7251;G017-07;4283230264022;V112-TMT;Schrittmotor Treiber THB6064 AH MQ 10-30Vac 12-42Vdc 4A Stepper Drive;;38,48;Y;3;0;0;280;150;100;40;Y;N;N;0,3;15;10;4;8538909189
7250;G018-05;4283230263926;V112-TMT;Schrittmotor Treiber LV8731 TB62209;;21,3;Y;2;0;0;180;125;80;40;Y;N;N;0,19;12,5;8;4;8538909189
7249;R001-01;4283230263827;V112-TMT;Schrittmotor Treiber DM542S;;17,89;Y;36;25;0;180;125;80;42;Y;Y;N;0,19;12,5;8;4,2;8538909189
7247;4,28323E+12;4283230072122;;Kreismesser  - 1.4112 - 100Tz - gezahnt - GT Premium - P05 - GT;;15,9;Y;0;0;0;80;0;0;0;Y;N;N;0,08;0;0;0;8208300000
7246;GBL-4283230071828;4283230071828;;Kreismesser 120D glatt passend für DOST 120;ABVERKAUFEN, schwarze Verpackung. Harte Kreismesser, die lange scharf bleiben. Nachschleifbarkeit ist bei neuer Premium Serie verbessert.;14;Y;0;0;0;100;0;0;0;N;N;N;0,1;0;0;0;8208300000
7241;ERS-0001;4283230403322;;Versandetikett Thermodruck Rolle 100*150mm VPE 300 Stk;;0;Y;33;30;0;0;0;0;0;Y;N;N;0;0;0;0;
7164;BDE-0004;4283230834027;;Ursprungszeugnisse mit Antrag auf Ausstellung;https://www.fairtoner.de/toner/brother-toner/brother-mfc-9142-cdn-toner/kompatibel-brother-mfc-9142-cdn-tn-246c-toner-cyan/;0;Y;47;5;0;0;0;0;0;Y;N;N;0;0;0;0;
7156;0012-7023;4283230281227;V033-PRO;Adana 3mm stark poliert 23 700;;2,85;N;0;0;0;0;0;0;0;Y;N;N;0;0;0;0;7326909890
7155;0012-65233;4283230281128;V033-PRO;Adana 3mm stark poliert 23 650;;2,76;N;0;0;0;0;0;0;0;Y;N;N;0;0;0;0;7326909890
7154;0012-6023;4283230281029;V033-PRO;Adana 3mm stark poliert 23 600;;2,68;N;0;0;0;0;0;0;0;Y;N;N;0;0;0;0;7326909890
7153;PRO-4283230280923;4283230280923;V033-PRO;Adana 3mm stark poliert 23 550;;2,28;N;0;0;0;0;0;0;0;Y;N;N;0;0;0;0;7326909890
7152;0012-7020;4283230280824;V033-PRO;Adana 3mm stark poliert 20 700;;2,65;N;0;0;0;0;0;0;0;Y;N;N;0;0;0;0;7326909890
7151;PRO-4283230280725;4283230280725;V033-PRO;Adana 3mm stark poliert 20 650;;2,19;N;0;0;0;0;0;0;0;Y;N;N;0;0;0;0;7326909890
7150;PRO-4283230280626;4283230280626;V033-PRO;Adana 3mm stark poliert 20 600;;2,14;N;0;0;0;0;0;0;0;Y;N;N;0;0;0;0;7326909890
7149;0012-55203;4283230280527;V033-PRO;Adana 3mm stark poliert 20 550;;2,34;N;0;0;0;0;0;0;0;Y;N;N;0;0;0;0;7326909890
7147;PRO-4283230283528;4283230283528;;EU Schuko Netzkabel 3*1.5mm² 5m lang schwarz C15 Warmgerätebuchse;;9,88;N;0;0;0;0;0;0;0;Y;N;N;0,75;0;0;0;8544499390
7146;PRO-4283230283429;4283230283429;;Einbaustecker C16 Warmgerätestecker Klemmen Ausschnitt 26.8*20.2mm;;0,53;N;0;0;0;0;0;0;0;Y;N;N;0;0;0;0;
7145;PRO-4283230283320;4283230283320;;USB 2.0 Massenspeichermedium 8GB;;2,21;N;0;0;0;0;0;0;0;Y;N;N;0,03;0;0;0;
7144;PRO-4283230283221;4283230283221;;USB2.0 Adapterkabel 50cm schwarz mit Montagebuchse;;1,58;N;0;0;0;0;0;0;0;Y;N;N;0;0;0;0;
7138;H009-02;4283230978622;V017-TEW;Dichtungsring für Kabelverschraubung, Gummi schwarz, PG48 oder M63, VPE Menge 20 Stk;;5,41;Y;20;1;0;40;63,5;63,5;2;Y;Y;Y;0,05;6,35;6,35;0,2;8487909090
7137;E003-04;4283230980526;V017-TEW;Dichtungsring für Kabelverschraubung, Gummi schwarz, PG42 oder M50, VPE Menge 20 Stk;;4,28;Y;10;1;0;50;100;100;16;Y;Y;Y;0,05;10;10;1,6;8487909090
7136;E003-12;4283230981226;V017-TEW;Dichtungsring für Kabelverschraubung, Gummi schwarz, PG36 oder M40, VPE Menge 20 Stk;;3,69;Y;11;1;0;40;100;100;29;Y;Y;Y;0,05;10;10;2,9;8487909090
7135;H020-05;4283230275127;V017-TEW;Dichtungsring für Kabelverschraubung, Gummi schwarz, PG29 oder M36, VPE Menge 50 Stk;;4,32;Y;11;1;0;60;124;105;15;Y;Y;Y;0,06;12,4;10,5;1,5;8487909090
7134;J004-06;4283230275028;V017-TEW;Dichtungsring für Kabelverschraubung, Gummi schwarz, PG25 oder M30, VPE Menge 50 Stk;;4,25;Y;21;1;0;50;133;110;9;Y;Y;Y;0,05;13,3;11;0,9;8487909090
7133;E011-12;4283230988522;V017-TEW;Dichtungsring für Kabelverschraubung, Gummi schwarz, PG21 oder M27, VPE Menge 50 Stk;;3,54;Y;7;2;0;50;110;70;22;Y;Y;N;0,05;11;7;2,2;8487909090
7132;H021-09;4283230274922;V017-TEW;Dichtungsring für Kabelverschraubung, Gummi schwarz, PG19 oder M24, VPE Menge 100 Stk;;4,62;Y;15;1;0;50;112;79;14;Y;Y;N;0,05;11,2;7,9;1,4;8487909090
7131;E005-04;4283230982520;V017-TEW;Dichtungsring für Kabelverschraubung, Gummi schwarz, PG16 oder M22, VPE Menge 100 Stk;;4,78;Y;2;2;0;60;105;105;25;Y;Y;Y;0,06;10,5;10,5;2,5;8487909090
7130;E007-04;4283230984425;V017-TEW;Dichtungsring für Kabelverschraubung, Gummi schwarz, PG13.5 oder M20, VPE Menge 100 Stk;;4,56;Y;5;5;0;40;10;60;20;Y;Y;Y;0,04;1;6;2;8487909090
7129;E006-04;4283230983527;V017-TEW;Dichtungsring für Kabelverschraubung, Gummi schwarz, PG11 oder M18, VPE Menge 100 Stk;;4,29;Y;6;2;0;50;100;100;17;Y;Y;N;0,05;10;10;1,7;8487909090
7128;E011-07;4283230988126;V017-TEW;Dichtungsring für Kabelverschraubung, Gummi schwarz, PG9 oder M16, VPE Menge 100 Stk;;3,54;Y;1;2;0;30;110;70;22;Y;Y;Y;0,03;11;7;2,2;8487909090
7127;E011-04;4283230987921;V017-TEW;Dichtungsring für Kabelverschraubung, Gummi schwarz, PG7 oder M12, VPE Menge 100 Stk;;3,51;Y;19;1;0;30;118,5;55;22;Y;Y;N;0,03;11,85;5,5;2,2;8487909090
7126;TEW-4283230274823;4283230274823;V017-TEW;O-Ring für Kabelverschraubung, Gummi schwarz, PG42 oder M50, VPE Menge 20 Stk;;4,16;Y;0;0;0;10;98,8;98,8;5;Y;Y;N;0,01;9,88;9,88;0,5;8487909090
7125;E013-07;4283230990129;V017-TEW;O-Ring für Kabelverschraubung, Gummi schwarz, PG36 oder M40, VPE Menge 20 Stk;;3,4;Y;1;1;0;10;98,8;98,8;5;Y;Y;N;0,01;9,88;9,88;0,5;8487909090
7124;A023-14;4283230893123;V017-TEW;O-Ring für Kabelverschraubung, Gummi schwarz, PG29 oder M36, VPE Menge 50 Stk;;4,55;Y;7;1;0;10;100;100;6;Y;Y;Y;0,01;10;10;0,6;8487909090
7123;E012-08;4283230989222;V017-TEW;O-Ring für Kabelverschraubung, Gummi schwarz, PG25 oder M30, VPE Menge 50 Stk;;4,26;Y;4;1;0;20;90;60;26;Y;Y;N;0,02;9;6;2,6;8487909090
7122;A022-16;4283230892126;V017-TEW;O-Ring für Kabelverschraubung, Gummi schwarz, PG21 oder M27, VPE Menge 50 Stk;;3,38;Y;8;1;0;20;106;10;10;Y;Y;N;0,02;10,6;1;1;8487909090
7121;J002-07;4283230274724;V017-TEW;O-Ring für Kabelverschraubung, Gummi schwarz, PG19 oder M24, VPE Menge 50 Stk;;2,92;Y;5;1;0;20;89;76;8;Y;Y;N;0,02;8,9;7,6;0,8;8487909090
7120;J007-05;4283230274625;V017-TEW;O-Ring für Kabelverschraubung, Gummi schwarz, PG16 oder M22, VPE Menge 100 Stk;;4,58;Y;7;1;0;30;108;76;11;Y;Y;N;0,03;10,8;7,6;1,1;8487909090
7119;A023-13;4283230893024;V017-TEW;O-Ring für Kabelverschraubung, Gummi schwarz, PG13.5 oder M20, VPE Menge 100 Stk;;4,57;Y;1;1;0;30;100;100;8;Y;Y;N;0,03;10;10;0,8;8487909090
7118;A022-15;4283230892027;V017-TEW;O-Ring für Kabelverschraubung, Gummi schwarz, PG11 oder M18, VPE Menge 100 Stk;;4,22;Y;1;1;0;20;106;100;10;Y;Y;N;0,02;10,6;10;1;8487909090
7117;A022-14;4283230891921;V017-TEW;O-Ring für Kabelverschraubung, Gummi schwarz, PG9 oder M16, VPE Menge 100 Stk;;3,47;Y;2;1;0;20;106;100;10;Y;Y;N;0,02;10,6;10;1;8487909090
7116;A022-13;4283230891822;V017-TEW;O-Ring für Kabelverschraubung, Gummi schwarz, PG7 oder M12, VPE Menge 100 Stk;;3,49;Y;5;1;0;20;127;100;10;Y;Y;N;0,02;12,7;10;1;8487909090
7102;D004-09;4283230967220;V017-TEW;Blindstopfen mit Gegenmutter, Kunststoff weiß, M63 x 1.5, Menge 1 Stk;;3,7;Y;4;0;0;30;80;80;16;Y;N;N;0,04;8;8;1,6;8487909090
7101;D006-07;4283230968722;V017-TEW;Blindstopfen mit Gegenmutter, Kunststoff weiß, M50 x 1.5, VPE Menge 20 Stk;;18,48;Y;1;1;0;380;260;160;70;Y;N;Y;0,4;26;16;7;8487909090
7100;D006-05;4283230968524;V017-TEW;Blindstopfen mit Gegenmutter, Kunststoff weiß, M40 x 1.5, VPE Menge 20 Stk;;13,85;Y;1;1;0;380;260;160;70;Y;N;Y;0,4;26;16;7;8487909090
7099;D005-07;4283230967923;V017-TEW;Blindstopfen mit Gegenmutter, Kunststoff weiß, M32 x 1.5, VPE Menge 100 Stk;;26,83;Y;1;1;0;1060;300;220;80;Y;N;Y;1,11;30;22;8;8487909090
7098;D005-05;4283230967725;V017-TEW;Blindstopfen mit Gegenmutter, Kunststoff weiß, M30 x 1.5, VPE Menge 100 Stk;;24,65;Y;1;1;0;620;320;200;60;Y;N;Y;0,65;32;20;6;8487909090
7097;D005-06;4283230967824;V017-TEW;Blindstopfen mit Gegenmutter, Kunststoff weiß, M25 x 1.5, VPE Menge 100 Stk;;22,18;Y;1;1;0;760;280;200;70;Y;N;Y;0,79;28;20;7;8487909090
7096;G019-05;4283230274427;V017-TEW;Blindstopfen mit Gegenmutter, Kunststoff weiß, M24 x 1.5, VPE Menge 100 Stk;;17,87;Y;2;2;0;620;200;200;80;Y;N;Y;0,62;20;20;8;8487909090
7095;D005-04;4283230967626;V017-TEW;Blindstopfen mit Gegenmutter, Kunststoff weiß, M22 x 1.5, VPE Menge 100 Stk;;13,19;Y;1;1;0;540;330;180;70;Y;N;Y;0,57;33;18;7;8487909090
7094;G009-04;4283230046420;V017-TEW;Blindstopfen mit Gegenmutter, Kunststoff weiß, M20 x 1.5, VPE Menge 100 Stk;;10,55;Y;2;2;0;340;230;150;40;Y;N;Y;0,35;23;15;4;8487909090
7093;G009-05;4283230046529;V017-TEW;Blindstopfen mit Gegenmutter, Kunststoff weiß, M18 x 1.5, VPE Menge 100 Stk;;8,75;Y;1;1;0;0;230;140;35;Y;N;Y;0;23;14;3,5;8487909090
7092;G008-10;4283230046222;V017-TEW;Blindstopfen mit Gegenmutter, Kunststoff weiß, M16 x 1.5, VPE Menge 100 Stk;;8,02;Y;1;1;0;300;230;160;35;Y;N;Y;0,32;23;16;3,5;8487909090
7091;G008-08;4283230046123;V017-TEW;Blindstopfen mit Gegenmutter, Kunststoff weiß, M12 x 1.5, VPE Menge 100 Stk;;6,76;Y;1;1;0;180;230;120;30;Y;N;Y;0,19;23;12;3;8487909090
7090;D003-08;4283230966223;V017-TEW;Blindstopfen mit Gegenmutter, Kunststoff schwarz, PG48, VPE Menge 20 Stk;;23,41;Y;1;1;0;580;300;220;70;Y;N;Y;0,61;30;22;7;8487909090
7089;D003-07;4283230966124;V017-TEW;Blindstopfen mit Gegenmutter, Kunststoff schwarz, PG42, VPE Menge 20 Stk;;18,48;Y;1;1;0;540;300;140;70;Y;N;Y;0,56;30;14;7;8487909090
7088;D003-05;4283230965929;V017-TEW;Blindstopfen mit Gegenmutter, Kunststoff schwarz, PG36, VPE Menge 20 Stk;;13,85;Y;1;1;0;370;340;140;70;Y;N;Y;0,39;34;14;7;8487909090
7087;D002-08;4283230965424;V017-TEW;Blindstopfen mit Gegenmutter, Kunststoff schwarz, PG29, VPE Menge 100 Stk;;17,25;Y;1;1;0;1110;330;240;110;Y;N;Y;1,16;33;24;11;8487909090
7086;D002-06;4283230965325;V017-TEW;Blindstopfen mit Gegenmutter, Kunststoff schwarz, PG21, VPE Menge 100 Stk;;22,18;Y;1;1;0;630;330;200;70;Y;N;Y;0,66;33;20;7;8487909090
7085;G007-10;4283230045720;V017-TEW;Blindstopfen mit Gegenmutter, Kunststoff schwarz, PG16, VPE Menge 100 Stk;;16,49;Y;1;1;0;410;230;170;40;Y;N;Y;0,43;23;17;4;8487909090
7084;G007-04;4283230045324;V017-TEW;Blindstopfen mit Gegenmutter, Kunststoff schwarz, PG11, VPE Menge 100 Stk;;11,21;Y;1;1;0;280;230;170;35;Y;N;Y;0,29;23;17;3,5;8487909090
7083;G006-08;4283230045027;V017-TEW;Blindstopfen mit Gegenmutter, Kunststoff schwarz, PG9, VPE Menge 100 Stk;;9,47;Y;1;1;0;230;253;160;36;Y;N;Y;0,24;25,3;16;3,6;8487909090
7082;E003-08;4283230274328;V017-TEW;Blindstopfen mit Gegenmutter, Kunststoff schwarz, PG7, VPE Menge 100 Stk;;7,29;Y;1;1;0;20;1,7;1,7;1,2;Y;N;Y;0,02;0,17;0,17;0,12;8487909090
7081;D002-04;4283230965127;V017-TEW;Blindstopfen mit Gegenmutter, Kunststoff weiß, PG48, VPE Menge 20 Stk;;23,41;Y;1;0;0;600;300;200;100;Y;N;Y;0,63;30;20;10;8487909090
7080;D013-10;4283230274229;V017-TEW;Blindstopfen mit Gegenmutter, Kunststoff weiß, PG42, VPE Menge 20 Stk;;18,48;Y;1;1;0;30;65;65;18;Y;N;Y;0,03;6,5;6,5;1,8;8487909090
7079;D001-05;4283230964526;V017-TEW;Blindstopfen mit Gegenmutter, Kunststoff weiß, PG36, VPE Menge 20 Stk;;13,85;Y;1;1;0;390;300;170;100;Y;N;Y;0,41;30;17;10;8487909090
7078;C017-04;4283230962928;V017-TEW;Blindstopfen mit Gegenmutter, Kunststoff weiß, PG29, VPE Menge 50 Stk;;17,25;Y;1;1;0;650;320;200;60;Y;N;Y;0,68;32;20;6;8487909090
7077;C014-03;4283230960627;V017-TEW;Blindstopfen mit Gegenmutter, Kunststoff weiß, PG21, VPE Menge 100 Stk;;22,18;Y;1;1;0;760;300;240;60;Y;N;Y;0,8;30;24;6;8487909090
7076;G006-10;4283230045225;V017-TEW;Blindstopfen mit Gegenmutter, Kunststoff weiß, PG16, VPE Menge 100 Stk;;16,49;Y;6;1;0;440;230;71;40;Y;N;Y;0,46;23;7,1;4;8487909090
7075;G006-06;4283230044723;V017-TEW;Blindstopfen mit Gegenmutter, Kunststoff weiß, PG13.5, VPE Menge 100 Stk;;13,19;Y;1;1;0;400;230;155;70;Y;N;Y;0,41;23;15,5;7;8487909090
7074;G004-10;4283230043726;V017-TEW;Blindstopfen mit Gegenmutter, Kunststoff weiß, PG11, VPE Menge 100 Stk;;11,21;Y;2;1;0;240;90;110;60;Y;N;Y;0,25;9;11;6;8487909090
7073;G003-07;4283230042729;V017-TEW;Blindstopfen mit Gegenmutter, Kunststoff weiß, PG9, VPE Menge 100 Stk;;8,75;Y;1;1;0;240;157;157;31;Y;N;Y;0,25;15,7;15,7;3,1;8487909090
7072;E006-01;4283230274120;V017-TEW;Blindstopfen mit Gegenmutter, Kunststoff weiß, PG7, VPE Menge 100 Stk;;7,29;Y;2;1;0;0;17;17;12;Y;N;Y;0;1,7;1,7;1,2;8487909090
7070;E012-05;4283230988928;V213-TLE;Netzteil AC-DC offen dual out1: 4Amax@18-34V out2: 5Amax@2-32V;;13,61;Y;1;0;0;150;120;70;27;Y;N;N;0,16;12;7;2,7;8536500700
7069;E020-03;4283230996022;V213-TLE;Netzteil AC-DC offen 24V 4A 100W;;7,92;Y;8;0;0;140;130;70;27;Y;N;N;0,15;13;7;2,7;8536500700
7068;TLE-4283230991621;4283230991621;V213-TLE;Netzteil AC-DC offen 36V 5Amax 180W;;12,75;Y;0;0;0;200;120;70;33;N;N;N;0,21;12;7;3,3;8536500700
7067;TLE-4283230989826;4283230989826;V213-TLE;Netzteil AC-DC offen 24V 6Amax 150W;;12,58;Y;0;0;0;210;120;70;35,5;N;N;N;0,22;12;7;3,55;8536500700
7066;TLE-4283230993625;4283230993625;V213-TLE;Netzteil AC-DC offen dual 12V8A + 5V1A;;10,25;Y;0;0;0;140;130;70;27;N;N;N;0,15;13;7;2,7;8536500700
7065;E013-03;4283230989727;V213-TLE;Netzteil AC-DC offen dual out1: 24V 4Amax out2: 5V 1Amax;;10,6;Y;3;0;0;140;120;80;27;Y;N;N;0,15;12;8;2,7;8536500700
7064;E016-11;4283230993427;V213-TLE;Netzteil AC-DC offen dual 24V4A + 12V1A;;9,91;Y;11;0;0;140;140;60,5;30,5;Y;N;N;0,15;14;6,05;3,05;8536500700
7060;TES-4283230998729;4283230998729;V115-TES;Amperemeter 22mm 0 - 100A rot;;7,86;Y;0;0;0;50;80,5;50;40,5;N;N;N;0,06;8,05;5;4,05;8536500700
7059;E023-09;4283230999528;V011-TMT;Festlager EK12 mit C5/HRB SCHRÄGKUGELLAGER, passend für SFU1605;;27,77;Y;9;0;0;400;79;44;30;Y;Y;N;0,42;7,9;4,4;3;8483902090
7058;M004-06;4283230002020;V011-TMT;Festlager FK10 mit C5/HRB SCHRÄGKUGELLAGER, passend für SFU1204;;27,43;Y;18;0;0;200;43;43;29;Y;Y;N;0,21;4,3;4,3;2,9;8483902090
7057;D015-01;4283230021823;V011-TMT;Festlager FK12 mit C5/HRB SCHRÄGKUGELLAGER, passend für SFU1605;;27,45;Y;14;6;0;210;45;45;28;Y;Y;N;0,22;4,5;4,5;2,8;8483902090
7056;D007-02;4283230000927;V011-TMT;Festlager BK10 mit C5/HRB SCHRÄGKUGELLAGER, passend für SFU1204;;27,69;Y;24;4;0;360;68;40;30,5;Y;Y;N;0,37;6,8;4;3,05;8483902090
7055;D012-01;4283230997326;V011-TMT;Festlager BK12 mit C5/HRB SCHRÄGKUGELLAGER, passend für SFU1605;;27,72;Y;18;4;0;380;72;44,5;31;Y;Y;N;0,39;7,2;4,45;3,1;8483902090
7054;A029-03;4283230898920;V049-TMS;Rändelmutter GB806 M4 verzinkt, silber;;0,83;Y;27;0;0;10;12;12;8;Y;N;N;0,01;1,2;1,2;0,8;7318156290
7053;D013-05;4283230973627;V044-TMT;Zahnriemen offen GT2-9-PU, Meterware;;3,66;Y;10;9;0;20;100;90;9;Y;Y;N;0,02;10;9;0,9;4010390090
7052;E022-09;4283230998422;V014-TSC;Wellenkupplung Alu flex D19L25 Ø7 auf Ø8mm;;3,5;Y;14;11;0;10;24,5;18;18;Y;Y;N;0,01;2,45;1,8;1,8;8483608090
7051;E023-12;4283230999825;V014-TSC;Wellenkupplung Alu flex D19L25 Ø7 auf Ø7mm;;3,52;Y;13;4;0;20;25;19;19;Y;Y;N;0,02;2,5;1,9;1,9;8483608090
7050;I030-01;4283230075222;V012-TMT;Trapezgewindespindel T8x2x2-1000, 304 Edelstahl V2A;;11,43;Y;14;10;0;310;1000;8;8;Y;Y;N;0,32;100;0,8;0,8;7318156290
7049;I039-02;4283230079220;V012-TMT;Trapezgewindespindel T8x2x4-1000, 304 Edelstahl V2A;;11,43;Y;0;18;0;310;1000;8;8;Y;Y;N;0,32;100;0,8;0,8;7318156290
7047;0012-0010;4283230283023;;Schraubenzieher Schlitz groß CEYLAN;;0,67;N;0;0;0;20;0;0;0;Y;N;N;0,02;0;0;0;8205400000
7046;PRO-4283230282927;4283230282927;;Renew Mikroschalter Schutzkappe - K011111;;0,45;N;0;0;0;0;0;0;0;Y;N;N;0;0;0;0;8536500700
7045;I003-01;4283230282828;;Kreismesser  - 1.4116 - 90Uz - gezahnt - GT Classic - B02 - GT;;12,5;Y;43;37;0;60;0;0;0;Y;N;N;0,06;0;0;0;8208300000
7044;4,28323E+12;4283230071026;;Kreismesser  - 1.4116 - 90U - glatt - GT Classic - B02 - GT;;10,5;Y;0;336;0;60;0;0;0;Y;N;N;0,06;0;0;0;8208300000
7043;0013-5091;4251840978882;;Kreismesser  - 1.4116 - 90Uz - gezahnt - 0013-5091  TZ90-U - B02 - K011111;;84,03;N;0;0;0;60;0;0;0;Y;N;N;0,06;0;0;0;8208300000
7042;0013-5090;4283230268228;;Kreismesser  - 1.4116 - 90U - glatt -  0013-5090 TG90-U - B02 - K011111;;84,03;N;0;0;0;60;0;0;0;Y;N;N;0,06;0;0;0;8208300000
7041;N029-01;4283230264626;;Atemschutzmaske FFP2 / KN95 - 10er Packung;;5,87;Y;147;0;0;80;0;0;0;Y;N;N;0,09;0;0;0;
7040;E020-05;4283230996121;V052-TMT;Rillenkugellager 6204 2RZ HRB;;4,64;Y;16;0;0;100;50;50;16;Y;N;N;0,11;5;5;1,6;8482101010
7039;E017-05;4283230993823;V052-TMT;Rillenkugellager 6203 2RZ HRB;;4,1;Y;4;0;0;70;43;43;15;Y;N;N;0,07;4,3;4,3;1,5;8482101010
7038;TMT-4283230993526;4283230993526;V052-TMT;Rillenkugellager 6202 2RZ HRB;;4,02;Y;0;0;0;50;39;39;15;N;N;N;0,05;3,9;3,9;1,5;8482101010
7037;E016-10;4283230993328;V052-TMT;Rillenkugellager 6201 2RZ HRB;;3,83;Y;9;0;0;40;40;40;10,5;Y;N;N;0,04;4;4;1,05;8482101010
7036;E016-04;4283230992727;V052-TMT;Rillenkugellager 6200 2RZ HRB;;3,81;Y;29;0;0;30;40;40;13;Y;N;N;0,03;4;4;1,3;8482101010
7035;I022-03;4283230072726;V006-TEW;Schleppkette Energiekette OFFEN, minimaler Biegeradius R56, Innen 25x77mm;;20,61;Y;32;7;0;970;270;230;100;Y;Y;N;1,02;27;23;10;8487909090
7033;A023-16;4283230893222;V124-TMT;Leitrolle Führungsrolle Laufrolle 5x22x7mm Weiß;;1,88;Y;14;0;0;10;22;22;7;Y;N;N;0,01;2,2;2,2;0,7;8482101010
7032;A024-12;4283230894328;V124-TMT;Leitrolle Führungsrolle Laufrolle 5x22x7mm Schwarz;;1,88;Y;11;0;0;10;22;22;7;Y;N;N;0,01;2,2;2,2;0,7;8482101010
7029;TMT-4283230135520;4283230135520;V085-TMT;Flanschrillenkugellager F694ZZ - 3x10x4mm;;1,43;Y;90;0;0;10;12;12;4;Y;N;N;0,01;1,2;1,2;0,4;8482101010
7028;A025-13;4283230895523;V049-TMS;Rändelmutter GB806 M8 Nickel;;1,54;Y;58;0;0;30;23,5;23,5;16;Y;N;N;0,03;2,35;2,35;1,6;7318156290
7027;E029-12;4283230894427;V049-TMS;Rändelmutter GB806 M6 Nickel;;1,12;Y;101;0;0;20;20;20;13;Y;N;N;0,02;2;2;1,3;7318156290
7026;A025-10;4283230895424;V049-TMS;Rändelmutter GB806 M5 Nickel;;0,88;Y;0;0;0;10;16;16;9;Y;N;N;0,01;1,6;1,6;0,9;7318156290
7025;D003-04;4283230965820;V013-TES;Industrieschalter LA38 DREH 3 Schaltzustände, SELBSTRÜCKSTELLEND, 2 Schließer;;3,6;Y;9;0;0;50;83;46;34;Y;N;N;0,05;8,3;4,6;3,4;8536500700
7024;I029-02;4283230074928;V053-TMT;Linearwelle Ø4mm, Länge 400mm;;7,63;Y;11;5;0;40;400;4;4;Y;Y;N;0,04;40;0,4;0,4;7318156290
7023;D001-01;4283230964120;V053-TMT;Linearwelle Ø4mm, Länge 283mm;;2,54;Y;32;32;0;30;283;4;4;Y;Y;N;0,03;28,3;0,4;0,4;7318156290
7022;H001-10;4283230054029;V020-TMS;Winkelgelenk Gerade SQZ-M16x1.5;;10,82;Y;0;0;0;340;115;39;39;Y;Y;N;0,35;11,5;3,9;3,9;8483902090
7021;D016-07;4283230976222;V016-TMS;Gelenkkopf SI14;;4,82;Y;19;16;0;150;80;41;22;Y;Y;N;0,16;8;4,1;2,2;8483902090
7020;A025-15;4283230895721;V108-TSC;Sechskantkupplung Ø7mm lang;;3,85;Y;40;0;0;20;35;12;12;Y;Y;N;0,02;3,5;1,2;1,2;8483608090
7019;A025-14;4283230895622;V039-TSC;Gelenkkupplung Stahl Ø2 auf Ø3mm;check inner diameter on both sides;3,29;Y;19;10;0;10;23;9;9;Y;Y;N;0,01;2,3;0,9;0,9;8483608090
7018;E013-12;4283230990525;V002-TMT;Zahnriemen 2GT-500-10;;4,28;Y;29;20;0;10;35,5;29;10;Y;Y;N;0,01;3,55;2,9;1;4010390090
7017;E014-12;4283230991522;V002-TMT;Zahnriemen 2GT-760-10;;7,17;Y;17;5;0;10;60;60;10;Y;Y;N;0,01;6;6;1;4010390090
7016;E014-05;4283230990921;V002-TMT;Zahnriemen 2GT-600-10;;5,17;Y;15;10;0;10;45;45;10;Y;Y;N;0,01;4,5;4,5;1;4010390090
7015;E014-08;4283230991225;V002-TMT;Zahnriemen 2GT-640-10;;5,31;Y;10;4;0;10;50;30;10;Y;Y;N;0,01;5;3;1;4010390090
7014;E015-07;4283230992123;V002-TMT;Zahnriemen 2GT-3000-10;;12,17;Y;9;4;0;60;50;90,5;10;Y;Y;N;0,06;5;9,05;1;4010390090
7012;H014-07;4283230277329;V092-TMT;Linearführung MGN HIWIN Linearschiene MGNR12C 330mm;;38,27;Y;3;0;0;220;330;12;8;Y;Y;N;0,23;33;1,2;0,8;8487909090
7011;H014-09;4283230277220;V092-TMT;Linearführung MGN HIWIN Linearblock MGN12H;;24,04;Y;3;0;0;60;76;45;19;Y;Y;N;0,06;7,6;4,5;1,9;8487909090
7010;I027-03;4283230074225;V006-TEW;Schleppkette Energiekette OFFEN, minimaler Biegeradius R56, Innen 25x25mm;;15,03;Y;16;19;0;790;260;240;50;Y;Y;N;0,82;26;24;5;8487909090
7009;G001-10;4283230041722;V002-TMT;Zahnriemen HTD3M-810-10;;5,49;Y;7;7;0;20;63;51;10;Y;Y;N;0,03;6,3;5,1;1;4010390090
7008;G003-06;4283230042620;V002-TMT;Zahnriemen HTD3M-639-10;;5,38;Y;11;7;0;40;77,5;48;16;Y;Y;N;0,04;7,75;4,8;1,6;4010390090
7007;G002-08;4283230042224;V002-TMT;Zahnriemen HTD3M-603-10;;5,14;Y;14;6;0;20;73;27;10;Y;Y;N;0,02;7,3;2,7;1;4010390090
7006;E009-09;4283230986726;V002-TMT;Zahnriemen HTD3M-450-10;;3,95;Y;20;12;0;10;44,5;44,5;10;Y;Y;N;0,01;4,45;4,45;1;4010390090
7005;E009-07;4283230986627;V002-TMT;Zahnriemen HTD3M-432-10;;3,64;Y;8;7;0;10;44,5;44,5;10;Y;Y;N;0,01;4,45;4,45;1;4010390090
7004;E008-11;4283230986122;V002-TMT;Zahnriemen HTD3M-420-10;;3,48;Y;12;6;0;10;44,5;44,5;10;Y;Y;N;0,01;4,45;4,45;1;4010390090
7003;E008-12;4283230986221;V002-TMT;Zahnriemen HTD3M-417-10;;4,72;Y;8;0;0;10;44,5;44,5;10;Y;Y;N;0,01;4,45;4,45;1;4010390090
7002;E008-10;4283230986023;V002-TMT;Zahnriemen HTD3M-399-10;;3,48;Y;0;0;0;10;44,5;44,5;10;Y;Y;N;0,01;4,45;4,45;1;4010390090
7001;E007-12;4283230985125;V002-TMT;Zahnriemen HTD3M-396-10;;3,32;Y;6;2;0;10;39,5;39,5;10;Y;Y;N;0,01;3,95;3,95;1;4010390090
7000;E007-07;4283230984623;V002-TMT;Zahnriemen HTD3M-393-10;;3,32;Y;9;2;0;10;40;40;10;Y;Y;N;0,01;4;4;1;4010390090
6999;E006-07;4283230983725;V002-TMT;Zahnriemen HTD3M-390-10;;3,37;Y;8;4;0;10;79;65;10;Y;Y;N;0,01;7,9;6,5;1;4010390090
6998;E005-11;4283230983220;V002-TMT;Zahnriemen HTD3M-384-10;;3,34;Y;0;0;0;10;48;42,5;15;Y;Y;N;0,01;4,8;4,25;1,5;4010390090
6997;E004-12;4283230982223;V002-TMT;Zahnriemen HTD3M-375-10;;3,21;Y;5;5;0;10;78;66;10;Y;Y;N;0,01;7,8;6,6;1;4010390090
6996;E005-10;4283230983121;V002-TMT;Zahnriemen HTD3M-366-10;;3,36;Y;12;4;0;10;107;73;14;Y;Y;N;0,01;10,7;7,3;1,4;4010390090
6995;E004-11;4283230982124;V002-TMT;Zahnriemen HTD3M-363-10;;3,26;Y;8;0;0;10;71;65;10;Y;Y;N;0,01;7,1;6,5;1;4010390090
6994;E004-08;4283230981820;V002-TMT;Zahnriemen HTD3M-360-10;;3,2;Y;13;4;0;10;70;60;10;Y;Y;N;0,01;7;6;1;4010390090
6993;A022-12;4283230891723;V002-TMT;Zahnriemen HTD3M-357-10;;3,22;Y;10;0;0;10;58;34;10;Y;Y;N;0,01;5,8;3,4;1;4010390090
6992;E004-06;4283230981622;V002-TMT;Zahnriemen HTD3M-354-10;;3,26;Y;4;0;0;10;83;55;10;Y;Y;N;0,01;8,3;5,5;1;4010390090
6991;E003-06;4283230980724;V002-TMT;Zahnriemen HTD3M-351-10;;3,27;Y;6;0;0;10;80;66;10;Y;Y;N;0,01;8;6,6;1;4010390090
6990;E002-12;4283230980229;V002-TMT;Zahnriemen HTD3M-345-10;;3,22;Y;8;0;0;10;87;68;10;Y;Y;N;0,01;8,7;6,8;1;4010390090
6989;A021-16;4283230890528;V002-TMT;Zahnriemen HTD3M-342-10;;3,22;Y;8;2;0;10;53;39;10;Y;Y;N;0,01;5,3;3,9;1;4010390090
6988;A021-15;4283230890429;V002-TMT;Zahnriemen HTD3M-339-10;;3,22;Y;4;0;0;10;57;33;10;Y;Y;N;0,01;5,7;3,3;1;4010390090
6987;E002-08;4283230979827;V002-TMT;Zahnriemen HTD3M-336-10;;3,23;Y;8;7;0;10;69;69;5;Y;Y;N;0,01;6,9;6,9;0,5;4010390090
6986;A021-14;4283230890320;V002-TMT;Zahnriemen HTD3M-327-10;;3,22;Y;9;0;0;10;53;35;10;Y;Y;N;0,01;5,3;3,5;1;4010390090
6985;A021-12;4283230890122;V002-TMT;Zahnriemen HTD3M-324-10;;3,22;Y;0;0;0;10;53;37;10;Y;Y;N;0,01;5,3;3,7;1;4010390090
6984;A021-13;4283230890221;V002-TMT;Zahnriemen HTD3M-321-10;;3,05;Y;5;0;0;10;53;33;10;Y;Y;N;0,01;5,3;3,3;1;4010390090
6983;A021-11;4283230890023;V002-TMT;Zahnriemen HTD3M-318-10;;3,05;Y;11;4;0;10;53;37;10;Y;Y;N;0,01;5,3;3,7;1;4010390090
6982;A020-14;4283230888723;V002-TMT;Zahnriemen HTD3M-315-10;;3;Y;1;0;0;10;49;33;10;Y;Y;N;0,01;4,9;3,3;1;4010390090
6981;A020-08;4283230888129;V002-TMT;Zahnriemen HTD3M-312-10;;2,66;Y;13;4;0;10;53;33;10;Y;Y;N;0,01;5,3;3,3;1;4010390090
6980;A020-13;4283230888624;V002-TMT;Zahnriemen HTD3M-309-10;;3;Y;6;0;0;10;53;37;10;Y;Y;N;0,01;5,3;3,7;1;4010390090
6979;A020-10;4283230888327;V002-TMT;Zahnriemen HTD3M-306-10;;3;Y;6;0;0;10;53;33;10;Y;Y;N;0,01;5,3;3,3;1;4010390090
6978;A018-12;4283230885326;V002-TMT;Zahnriemen HTD3M-303-10;;3;Y;0;0;0;10;51;35;10;Y;Y;N;0,01;5,1;3,5;1;4010390090
6977;A020-07;4283230888020;V157-TMS;Aluminiumprofil Abschlusskappe für 2020R weiß;;0,87;Y;12;0;0;10;22;20;11;Y;N;N;0,01;2,2;2;1,1;8487909090
6976;E001-11;4283230979124;V002-TMT;Zahnriemen HTD3M-297-10;;3,12;Y;2;0;0;10;120;80;10;Y;Y;N;0,01;12;8;1;4010390090
6975;A015-03;4283230879929;V002-TMT;Zahnriemen HTD3M-294-10;;3;Y;7;0;0;10;45;34;10;Y;Y;N;0,01;4,5;3,4;1;4010390090
6974;A015-15;4283230881021;V002-TMT;Zahnriemen HTD3M-291-10;;3;Y;3;0;0;10;46;32;10;Y;Y;N;0,01;4,6;3,2;1;4010390090
6973;A015-16;4283230881120;V002-TMT;Zahnriemen HTD3M-288-10;;3;Y;0;0;0;10;47;33;10;Y;Y;N;0,01;4,7;3,3;1;4010390090
6972;A014-15;4283230879523;V002-TMT;Zahnriemen HTD3M-285-10;;3,11;Y;16;4;0;10;47;35;10;Y;Y;N;0,01;4,7;3,5;1;4010390090
6971;A017-16;4283230884220;V002-TMT;Zahnriemen HTD3M-282-10;;2,83;Y;1;2;0;10;46;33;10;Y;Y;N;0,01;4,6;3,3;1;4010390090
6970;A014-14;4283230879424;V002-TMT;Zahnriemen HTD3M-279-10;;2,83;Y;6;0;0;10;46;44;10;Y;Y;N;0,01;4,6;4,4;1;4010390090
6969;A014-12;4283230879226;V002-TMT;Zahnriemen HTD3M-276-10;;3,05;Y;2;4;0;10;45;37;10;Y;Y;N;0,01;4,5;3,7;1;4010390090
6968;A013-15;4283230877925;V002-TMT;Zahnriemen HTD3M-273-10;;3,32;Y;4;0;0;10;46;31;10;Y;Y;N;0,01;4,6;3,1;1;4010390090
6967;A012-14;4283230876225;V002-TMT;Zahnriemen HTD3M-270-10;;2,83;Y;6;6;0;10;40;30;10;Y;Y;N;0,01;4;3;1;4010390090
6966;A011-15;4283230874825;V002-TMT;Zahnriemen HTD3M-267-10;;2,83;Y;1;0;0;10;50;27;10;Y;Y;N;0,01;5;2,7;1;4010390090
6965;A011-12;4283230874528;V002-TMT;Zahnriemen HTD3M-264-10;;2,83;Y;0;0;0;10;41;41;10;Y;Y;N;0,01;4,1;4,1;1;4010390090
6964;A010-15;4283230873224;V002-TMT;Zahnriemen HTD3M-261-10;;2,83;Y;0;0;0;10;43;34;10;Y;Y;N;0,01;4,3;3,4;1;4010390090
6963;A012-15;4283230876324;V002-TMT;Zahnriemen HTD3M-258-10;;2,83;Y;6;4;0;10;40;38;10;Y;Y;N;0,01;4;3,8;1;4010390090
6962;A010-14;4283230873125;V002-TMT;Zahnriemen HTD3M-255-10;;2,49;Y;10;4;0;10;39;33;10;Y;Y;N;0,01;3,9;3,3;1;4010390090
6961;A008-14;4283230870025;V002-TMT;Zahnriemen HTD3M-252-10;;3;Y;11;7;0;10;43;32;10;Y;Y;N;0,01;4,3;3,2;1;4010390090
6960;A008-08;4283230869425;V002-TMT;Zahnriemen HTD3M-246-10;;3;Y;18;0;0;10;50;45;10;Y;Y;N;0,01;5;4,5;1;4010390090
6959;A007-16;4283230868626;V002-TMT;Zahnriemen HTD3M-240-10;;2,66;Y;4;4;0;10;44;38;10;Y;Y;N;0,01;4,4;3,8;1;4010390090
6958;A009-15;4283230871626;V002-TMT;Zahnriemen HTD3M-237-10;;2,49;Y;11;0;0;10;46;33;10;Y;Y;N;0,01;4,6;3,3;1;4010390090
6957;A007-15;4283230868527;V002-TMT;Zahnriemen HTD3M-234-10;;2,49;Y;13;4;0;10;40;34;10;Y;Y;N;0,01;4;3,4;1;4010390090
6956;A005-15;4283230865427;V002-TMT;Zahnriemen HTD3M-231-10;;2,49;Y;9;4;0;10;37;36;10;Y;Y;N;0,01;3,7;3,6;1;4010390090
6955;A006-16;4283230867025;V002-TMT;Zahnriemen HTD3M-228-10;;2,66;Y;3;0;0;10;47;42;10;Y;Y;N;0,01;4,7;4,2;1;4010390090
6954;A007-12;4283230868220;V002-TMT;Zahnriemen HTD3M-225-10;;2,49;Y;9;4;0;10;38;35;10;Y;Y;N;0,01;3,8;3,5;1;4010390090
6953;A005-14;4283230865328;V002-TMT;Zahnriemen HTD3M-222-10;;2,66;Y;20;6;0;10;38;38;10;Y;Y;N;0,01;3,8;3,8;1;4010390090
6952;A007-14;4283230868428;V002-TMT;Zahnriemen HTD3M-219-10;;2,16;Y;12;6;0;10;38;32;10;Y;Y;N;0,01;3,8;3,2;1;4010390090
6951;A006-14;4283230866820;V002-TMT;Zahnriemen HTD3M-213-10;;3;Y;0;0;0;10;39;35;10;Y;Y;N;0,01;3,9;3,5;1;4010390090
6950;A004-14;4283230863720;V002-TMT;Zahnriemen HTD3M-210-10;;3;Y;18;11;0;10;37;26;10;Y;Y;N;0,01;3,7;2,6;1;4010390090
6949;A004-12;4283230863522;V002-TMT;Zahnriemen HTD3M-207-10;;3;Y;0;0;0;10;34;26;10;Y;Y;N;0,01;3,4;2,6;1;4010390090
6948;A002-16;4283230860828;V002-TMT;Zahnriemen HTD3M-204-10;;3;Y;10;4;0;10;35;30;10;Y;Y;N;0,01;3,5;3;1;4010390090
6947;A003-16;4283230862327;V002-TMT;Zahnriemen HTD3M-201-10;;3,01;Y;11;5;0;10;86;30;10;Y;Y;N;0,01;8,6;3;1;4010390090
6946;A002-15;4283230860729;V002-TMT;Zahnriemen HTD3M-195-10;;3;Y;0;0;0;10;41;22;10;Y;Y;N;0,01;4,1;2,2;1;4010390090
6945;A003-15;4283230862228;V002-TMT;Zahnriemen HTD3M-183-10;;2,69;Y;0;0;0;10;60;60;10;Y;Y;N;0,01;6;6;1;4010390090
6944;A002-14;4283230860620;V002-TMT;Zahnriemen HTD3M-180-10;;2,69;Y;8;7;0;10;60;60;10;Y;Y;N;0,01;6;6;1;4010390090
6943;A002-11;4283230860323;V002-TMT;Zahnriemen HTD3M-162-10;;2,68;Y;9;6;0;10;55;55;10;Y;Y;N;0,01;5,5;5,5;1;4010390090
6941;E010-12;4283230987723;V002-TMT;Zahnriemen HTD5M-150-15;;3,82;Y;0;0;0;10;50;50;15;Y;Y;N;0,01;5;5;1,5;4010390090
6940;E010-10;4283230987624;V002-TMT;Zahnriemen HTD5M-250-15;;4,25;Y;8;8;0;20;57;46,5;15;Y;Y;N;0,02;5,7;4,65;1,5;4010390090
6939;C007-07;4283230956026;V002-TMT;Zahnriemen HTD5M-900-15;;9,47;Y;8;7;0;60;157;114,5;15;Y;Y;N;0,06;15,7;11,45;1,5;4010390090
6938;G004-08;4283230043429;V002-TMT;Zahnriemen HTD5M-700-15;;7,92;Y;5;5;0;50;91;42;17;Y;Y;N;0,05;9,1;4,2;1,7;4010390090
6937;C007-06;4283230955920;V002-TMT;Zahnriemen HTD5M-800-15;;9,06;Y;16;10;0;50;121;65;15,5;Y;Y;N;0,06;12,1;6,5;1,55;4010390090
6936;C004-08;4283230953629;V002-TMT;Zahnriemen HTD5M-1000-15;;10,39;Y;11;5;0;70;62;180;15;Y;Y;N;0,07;6,2;18;1,5;4010390090
6935;G003-08;4283230042828;V002-TMT;Zahnriemen HTD5M-525-15;;6,62;Y;7;7;0;40;127;34;15;Y;Y;N;0,04;12,7;3,4;1,5;4010390090
6934;G002-06;4283230042026;V002-TMT;Zahnriemen HTD5M-600-15;;7,08;Y;15;12;0;40;65,5;57;15;Y;Y;N;0,04;6,55;5,7;1,5;4010390090
6933;E009-12;4283230987020;V002-TMT;Zahnriemen HTD5M-200-15;;4,33;Y;13;4;0;10;60,5;60,5;15;Y;Y;N;0,01;6,05;6,05;1,5;4010390090
6932;H006-10;4283230059222;V008-TMT;Kugelumlaufspindel C7 SFU1204-3-150: Ø12mm, Steigung 4mm, Kugelgänge 3, Gesamtlänge 150mm, bearbeitet für BK/BF10;;29,23;Y;4;4;0;190;150;40,5;30;Y;Y;N;0,2;15;4,05;3;8483403090
6931;A026-09;4283230896629;V090-TMS;Feststellmutter RN17 M17x1.0;;4,15;Y;12;4;0;30;24;24;11;Y;Y;N;0,03;2,4;2,4;1,1;7318156290
6930;I023-01;4283230072825;V004-TMT;Linearachse Openbuilds C-Beam, 900mm;;104,37;Y;10;2;0;2850;950;78;27;Y;Y;N;2,95;95;7,8;2,7;8487909090
6929;PRO-4283230282620;4283230282620;;Adana 2*10*600mm;;0,86;N;0;0;0;0;0;0;0;Y;N;N;0;0;0;0;7326909890
6928;PRO-4283230282521;4283230282521;;Adana 2*10*550mm;;0,92;N;0;0;0;0;0;0;0;Y;N;N;0;0;0;0;7326909890
6927;PRO-4283230282422;4283230282422;;Adana Kare 3*3*600mm gebogenes Ende;;0,91;N;0;0;0;0;0;0;0;Y;N;N;0;0;0;0;7326909890
6926;0012-7005;4283230282323;;Adana Kare 5*5*700mm;;1,15;N;0;0;0;0;0;0;0;Y;N;N;0;0;0;0;7326909890
6923;PRO-4283230282026;4283230282026;V023-PRO;Asaki Hand Mixers IB500LF + BLD500 500W + 500mm;;101,89;N;0;0;0;0;0;0;0;Y;N;N;0;0;0;0;
6922;PRO-4283230281920;4283230281920;V023-PRO;Asaki Hand Mixers IB500LF + BLD400 500W + 400mm;;97,03;N;0;0;0;0;0;0;0;Y;N;N;0;0;0;0;
6920;PRO-4283230284228;4283230284228;V234-PRO;Adana 2.5mm thick GA25x700x23;;0;N;0;0;0;0;0;0;0;Y;N;N;0;0;0;0;7326909890
6919;PRO-4283230284129;4283230284129;V234-PRO;Adana 2.5mm thick GA25x650x23;;0;N;0;0;0;0;0;0;0;Y;N;N;0;0;0;0;7326909890
6918;PRO-4283230284020;4283230284020;V234-PRO;Adana 2.5mm thick GA25x600x23;;0;N;0;0;0;0;0;0;0;Y;N;N;0;0;0;0;7326909890
6917;PRO-4283230283924;4283230283924;V234-PRO;Adana 2.5mm thick GA25x700x20;;0;N;0;0;0;0;0;0;0;Y;N;N;0;0;0;0;7326909890
6916;PRO-4283230283825;4283230283825;V234-PRO;Adana 2.5mm thick GA25x650x20;;0;N;0;0;0;0;0;0;0;Y;N;N;0;0;0;0;7326909890
6915;PRO-4283230283726;4283230283726;V234-PRO;Adana 2.5mm thick GA25x600x20;;0;N;0;0;0;0;0;0;0;Y;N;N;0;0;0;0;7326909890
6914;PRO-4283230283627;4283230283627;V234-PRO;Adana 2.5mm thick GA25x550x20;;0;N;0;0;0;0;0;0;0;Y;N;N;0;0;0;0;7326909890
6912;C007-04;4283230955722;V002-TMT;Zahnriemen HTD5M-2950-15;;26,19;Y;12;10;0;200;160;160;15,5;Y;Y;N;0,21;16;16;1,55;4010390090
6911;G90-100694;4283230280428;;Kreismesser  - 1.4112 - G90 - glatt - UYAR-100694 - F02 - K033333;;84,03;N;0;0;0;60;0;0;0;Y;N;N;0,06;0;0;0;8208300000
6908;4,28323E+12;4283230071620;;Kreismesser  - 1.4112 - 120Tz - gezahnt - GT Premium - P05 - GT;;17,9;Y;0;52;0;100;0;0;0;Y;N;N;0,11;0;0;0;8208300000
6907;4,28323E+12;4283230070326;;Kreismesser  - 1.4116 - 80Uz - gezahnt - GT Classic - B01 - GT;;12;Y;0;0;0;50;0;0;0;Y;N;N;0,05;0;0;0;8208300000
6906;I006-02;4283230069528;;Kreismesser  - 1.4116 - 80U - glatt - GT Classic - B01 - GT;;10;Y;500;1063;0;50;0;0;0;Y;N;N;0,05;0;0;0;8208300000
6904;ERS-0049;4283230010827;;Maßband 3m;;0;Y;4;2;0;0;0;0;0;Y;N;N;0;0;0;0;8205510000
6903;ERS-0048;4283230010728;;Maßband 2m;;0;Y;2;2;0;0;0;0;0;Y;N;N;0;0;0;0;8205510000
6902;ERS-0047;4283230010629;;Schieblehre Messschieber Digital;;0;Y;4;2;0;0;0;0;0;Y;N;N;0;0;0;0;8538909189
6901;ERS-0046;4283230010520;;Schieblehre Messschieber Analog;;0;Y;5;1;0;0;0;0;0;Y;N;N;0;0;0;0;8205510000
6900;ERS-0045;4283230010421;;Paketwaage;;0;Y;1;1;0;0;0;0;0;Y;N;N;0;0;0;0;8423812500
6899;ERS-0044;4283230010322;;Cuttermesser;;0;Y;6;4;0;0;0;0;0;Y;N;N;0;0;0;0;8205510000
6893;ERS-0038;4283230009326;;Versandumschlag 290*360+40mm, VPE 60 Stk;;0;Y;2;0;0;0;0;0;0;Y;N;Y;0;0;0;0;4817100000
6891;ERS-0036;4283230009128;;Versandumschlag 180*230+40mm, VPE 150 Stk;;0;Y;13;6;0;0;0;0;0;Y;N;N;0;0;0;0;4817100000
6890;ERS-0035;4283230835529;;EPE Block 10x6,2x3 cm;;0;Y;1000;0;0;0;0;0;0;Y;N;N;0;0;0;0;4817100000
6889;ERS-0034;4283230008824;;Versandumschlag 122*178+40mm, VPE 280 Stk;;0;Y;48;15;0;0;0;0;0;Y;N;Y;0;0;0;0;4817100000
6888;ERS-0033;4283230008725;;Stempeltinte blau;;0;Y;20;10;0;0;0;0;0;Y;N;N;0;0;0;0;
6887;ERS-0032;4283230008626;;Stempel rund (GTech Industries GmbH);;0;Y;3;1;0;0;0;0;0;Y;N;N;0;0;0;0;
6886;ERS-0030;4283230008527;;Stempel rechteckig (Ware geprüft von / 2. Prüfer);;0;Y;6;2;0;0;0;0;0;Y;N;N;0;0;0;0;
6885;ERS-0029;4283230008428;;Stempel rechteckig (Firmenstempel);;0;Y;2;1;0;0;0;0;0;Y;N;N;0;0;0;0;
6880;ERS-0025;4283230008121;;Etikettenrollen Standard DYMO 99012 36x89 mm 260 Stk/Rolle;;0;Y;161;60;0;0;0;0;0;Y;N;N;0;0;0;0;
6879;ERS-0024;4283230008022;;"Aufkleber ""Fragile"" 6 Stk Blatt";;0;Y;15;100;0;0;0;0;0;Y;N;N;0;0;0;0;3920910099
6878;ERS-0023;4283230007926;;Madenschrauben M4*4 schwarz, VPE 1000 Stk 200g;;0;Y;5;3;0;0;0;0;0;Y;N;Y;0;0;0;0;7318156290
6877;ERS-0022;4283230007827;;Madenschrauben M3*3 schwarz, VPE 1000 Stk 85g;;0;Y;7;3;0;0;0;0;0;Y;N;Y;0;0;0;0;7318156290
6876;ERS-0021;4283230007728;;Inbusschlüssel 2.0mm Schwarz, VPE 1000 Stk 1500g;;0;Y;0;3;0;0;0;0;0;Y;N;Y;0;0;0;0;8205510000
6875;ERS-0020;4283230007629;;Inbusschlüssel 1.5mm Silber, VPE 1000 Stk 860g;;0;Y;4;3;0;0;0;0;0;Y;N;Y;0;0;0;0;8205510000
6874;ERS-0019;4283230007520;;Plastiktüte Lagerfach blau 350*500mm 12er Stärke, VPE 100 Stk;;0;Y;1;1;0;0;0;0;0;Y;N;Y;0;0;0;0;3923299000
6873;ERS-0018;4283230007322;;Plastiktüte Lagerfach grün 250*350mm 12er Stärke, VPE 100 Stk;;0;Y;21;1;0;0;0;0;0;Y;N;N;0;0;0;0;4202329090
6872;ERS-0017;4283230007223;;Plastiktüte Lagerfach rot 180*270mm 12er Stärke, VPE 100 Stk;;0;Y;6;6;0;0;0;0;0;Y;N;N;0;0;0;0;4202329090
6871;ERS-0016;4283230007124;;Plastiktüte Lagerfach gelb160*200mm 12er Stärke, VPE 100 Stk;;0;Y;8;8;0;0;0;0;0;Y;N;N;0;0;0;0;4202329090
6870;ERS-0015;4283230007025;;Plastiktüte 180*260mm 12er Stärke, VPE 100 Stk;;0;Y;10;5;0;0;0;0;0;Y;N;N;0;0;0;0;4202329090
6869;ERS-0014;4283230006929;;Plastiktüte 120*180mm 12er Stärke, VPE 100 Stk;;0;Y;16;10;0;0;0;0;0;Y;N;N;0;0;0;0;4202329090
6868;ERS-0013;4283230006820;;Plastiktüte 100*150mm 12er Stärke, VPE 100 Stk;;0;Y;28;15;0;0;0;0;0;Y;N;N;0;0;0;0;4202329090
6867;ERS-0012;4283230006721;;Plastiktüte 80*120mm 12er Stärke, VPE 100 Stk;;0;Y;14;12;0;0;0;0;0;Y;N;N;0;0;0;0;4202329090
6866;ERS-0011;4283230006622;;Plastiktüte 60*90mm 12er Stärke, VPE 100 Stk;;0;Y;29;20;0;0;0;0;0;Y;N;N;0;0;0;0;4202329090
6865;ERS-0010;4283230006523;;Plastiktüte 50*70mm 12er Stärke, VPE 100 Stk;;0;Y;19;15;0;0;0;0;0;Y;N;N;0;0;0;0;4202329090
6864;ERS-0009;4283230006424;;Karton lang 680*130*60mm;;0;Y;156;40;0;0;0;0;0;Y;N;N;0;0;0;0;4817100000
6862;ERS-0007;4283230006226;;Karton lang 540*110*60mm;;0;Y;264;80;0;0;0;0;0;Y;N;N;0;0;0;0;4817100000
6861;ERS-0006;4283230006028;;Karton lang 1180*130*100mm;;0;Y;0;40;0;0;0;0;0;Y;N;N;0;0;0;0;4817100000
6842;TBA-0661632105480;0661632105480;;CLASSIC weiß Glitter 5 Stk;;2,32;Y;0;0;0;10;0;0;0;Y;N;N;0,01;0;0;0;9507900000
6841;TBA-0661632105473;0661632105473;;CLASSIC schwarz Glitter 5 Stk;;2,32;Y;0;0;0;10;0;0;0;Y;N;N;0,01;0;0;0;9507900000
6840;TBA-0661632105497;0661632105497;;CLASSIC fluogelb Glitter 5 Stk;;2,32;Y;0;0;0;10;0;0;0;Y;N;N;0,01;0;0;0;9507900000
6839;TBA-0661632105343;0661632105343;;CLASSIC weiß-schwarz Glitter 5 Stk;;2,4;Y;0;0;0;10;0;0;0;Y;N;N;0,01;0;0;0;9507900000
6838;TBA-0661632105374;0661632105374;;CLASSIC weiß-blau Glitter 5 Stk;;2,75;Y;0;0;0;10;0;0;0;Y;N;N;0,01;0;0;0;9507900000
6837;TBA-0661632105435;0661632105435;;CLASSIC pink-schwarz Glitter 5 Stk;;2,58;Y;0;0;0;10;0;0;0;Y;N;N;0,01;0;0;0;9507900000
6836;TBA-0661632105466;0661632105466;;CLASSIC pink Glitter 5 Stk;;2,32;Y;0;0;0;10;0;0;0;Y;N;N;0,01;0;0;0;9507900000
6835;TBA-0661632105534;0661632105534;;CLASSIC motoröl Glitter 5 Stk;;2,14;Y;0;0;0;10;0;0;0;Y;N;N;0,01;0;0;0;9507900000
6834;TBA-0661632105503;0661632105503;;CLASSIC fluogrün Glitter 5 Stk;;2,32;Y;0;0;0;10;0;0;0;Y;N;N;0,01;0;0;0;9507900000
6833;TBA-0661632105510;0661632105510;;CLASSIC fluoorange Glitter 5 Stk;;2,14;Y;0;0;0;10;0;0;0;Y;N;N;0,01;0;0;0;9507900000
6832;TBA-0661632105367;0661632105367;;CLASSIC weiß-fluogrün Glitter 5 Stk;;2,58;Y;0;0;0;10;0;0;0;Y;N;N;0,01;0;0;0;9507900000
6831;TBA-0661632105350;0661632105350;;CLASSIC weiß-fluoorange Glitter 5 Stk;;2,58;Y;0;0;0;10;0;0;0;Y;N;N;0,01;0;0;0;9507900000
6830;TBA-0661632105381;0661632105381;;CLASSIC weiß-pink Glitter 5 Stk;;2,84;Y;0;0;0;10;0;0;0;Y;N;N;0,01;0;0;0;9507900000
6829;TBA-0661632105398;0661632105398;;CLASSIC schwarz-fluogrün Glitter 5 Stk;;2,58;Y;0;0;0;10;0;0;0;Y;N;N;0,01;0;0;0;9507900000
6828;TBA-0661632105459;0661632105459;;CLASSIC fluogelb-schwarz Glitter 5 Stk;;2,58;Y;0;0;0;10;0;0;0;Y;N;N;0,01;0;0;0;9507900000
6827;TBA-0661632105428;0661632105428;;CLASSIC fluogelb-fluogrün Glitter 5 Stk;;2,49;Y;0;0;0;10;0;0;0;Y;N;N;0,01;0;0;0;9507900000
6826;TBA-0661632105411;0661632105411;;CLASSIC fluogelb-fluoorange Glitter 5 Stk;;2,58;Y;0;0;0;10;0;0;0;Y;N;N;0,01;0;0;0;9507900000
6825;TBA-0661632105442;0661632105442;;CLASSIC fluogrün-fluoorange Glitter 5 Stk;;2,58;Y;0;0;0;10;0;0;0;Y;N;N;0,01;0;0;0;9507900000
6824;TBA-0661632105404;0661632105404;;CLASSIC pink-blau Glitter 5 Stk;;2,58;Y;0;0;0;10;0;0;0;Y;N;N;0,01;0;0;0;9507900000
6822;TBA-0661632105640;0661632105640;;Ballpin weiß 5 Stk;;2,32;Y;0;0;0;10;0;0;0;Y;N;N;0,01;0;0;0;9507900000
6821;TBA-0661632105633;0661632105633;;Ballpin schwarz 5 Stk;;2,32;Y;0;0;0;10;0;0;0;Y;N;N;0,01;0;0;0;9507900000
6820;TBA-0661632105664;0661632105664;;Ballpin silber 5 Stk;;2,14;Y;0;0;0;10;0;0;0;Y;N;N;0,01;0;0;0;9507900000
6819;TBA-0661632105817;0661632105817;;Ballpin motoröl 5 Stk;;2,32;Y;0;0;0;10;0;0;0;Y;N;N;0,01;0;0;0;9507900000
6818;TBA-0661632105657;0661632105657;;Ballpin fluogrün 5 Stk;;2,32;Y;0;0;0;10;0;0;0;Y;N;N;0,01;0;0;0;9507900000
6817;TBA-0661632105671;0661632105671;;Ballpin pink 5 Stk;;2,32;Y;0;0;0;10;0;0;0;Y;N;N;0,01;0;0;0;9507900000
6816;TBA-0661632105725;0661632105725;;Stonefly weiß 5 Stk;;2,14;Y;0;0;0;10;0;0;0;Y;N;N;0,01;0;0;0;9507900000
6815;TBA-0661632105718;0661632105718;;Stonefly schwarz 5 Stk;;2,32;Y;0;0;0;10;0;0;0;Y;N;N;0,01;0;0;0;9507900000
6814;TBA-0661632105749;0661632105749;;Stonefly silber 5 Stk;;2,32;Y;0;0;0;10;0;0;0;Y;N;N;0,01;0;0;0;9507900000
6813;TBA-0661632105763;0661632105763;;Stonefly motoröl 5 Stk;;2,32;Y;0;0;0;10;0;0;0;Y;N;N;0,01;0;0;0;9507900000
6812;TBA-0661632105732;0661632105732;;Stonefly fluogrün 5 Stk;;2,32;Y;0;0;0;10;0;0;0;Y;N;N;0,01;0;0;0;9507900000
6811;TBA-0661632105756;0661632105756;;Stonefly pink 5 Stk;;2,32;Y;0;0;0;10;0;0;0;Y;N;N;0,01;0;0;0;9507900000
6810;TBA-0661632105527;0661632105527;;CLASSIC silber 5 Stk;;2,32;Y;0;0;0;10;0;0;0;Y;N;N;0,01;0;0;0;9507900000
6809;TBA-0661632105831;0661632105831;;Plus weiß 5 Stk;;1,71;Y;0;0;0;10;0;0;0;Y;N;N;0,01;0;0;0;9507900000
6808;TBA-0661632105589;0661632105589;;Plus blau 5 Stk;;1,63;Y;0;0;0;10;0;0;0;Y;N;N;0,01;0;0;0;9507900000
6807;TBA-0661632105572;0661632105572;;Plus silber 5 Stk;;1,71;Y;0;0;0;10;0;0;0;Y;N;N;0,01;0;0;0;9507900000
6806;TBA-0661632105596;0661632105596;;Plus fluogelb 5 Stk;;1,55;Y;0;0;0;10;0;0;0;Y;N;N;0,01;0;0;0;9507900000
6805;TBA-0661632105602;0661632105602;;Plus pink 5 Stk;;1,71;Y;0;0;0;10;0;0;0;Y;N;N;0,01;0;0;0;9507900000
6804;TBA-0661632105800;0661632105800;;Plus motoröl 5 Stk;;1,71;Y;0;0;0;10;0;0;0;Y;N;N;0,01;0;0;0;9507900000
6803;TBA-0661632105626;0661632105626;;Plus Farbenmix 5 Stk;;2,06;Y;0;0;0;10;0;0;0;Y;N;N;0,01;0;0;0;9507900000
6802;TBA-0661632105541;0661632105541;;CLASSIC gold 5 Stk;;2,32;Y;0;0;0;10;0;0;0;Y;N;N;0,01;0;0;0;9507900000
6801;TBA-0661632105695;0661632105695;;Ballpin gold 5 Stk;;2,32;Y;0;0;0;10;0;0;0;Y;N;N;0,01;0;0;0;9507900000
6800;TBA-0661632105770;0661632105770;;Stonefly gold 5 Stk;;2,32;Y;0;0;0;10;0;0;0;Y;N;N;0,01;0;0;0;9507900000
6799;TBA-0661632105787;0661632105787;;Stonefly Farbenmix 7 Stk;;3,01;Y;0;0;0;10;0;0;0;Y;N;N;0,01;0;0;0;9507900000
6798;TBA-0661632105701;0661632105701;;Ballpin Farbenmix 7 Stk;;3,01;Y;0;0;0;10;0;0;0;Y;N;N;0,01;0;0;0;9507900000
6797;TBA-4283230835925;4283230835925;;Echolottasche;;0;N;0;0;0;0;0;0;0;Y;N;N;0;0;0;0;
6796;TBA-4283230836021;4283230836021;;Koffer für Echolottasche;;1,23;N;0;0;0;0;0;0;0;Y;N;N;0;0;0;0;
6795;TBA-4283230064820;4283230064820;;Gummifisch pink-fluogelb 8,5cm 1Stk;;0,56;Y;0;0;0;10;0;0;0;Y;N;N;0,01;0;0;0;9507900000
6794;TBA-4283230066022;4283230066022;;Gummifisch fluoorange-fluogrün 8,5cm 1Stk;;0,56;Y;0;0;0;10;0;0;0;Y;N;N;0,01;0;0;0;9507900000
6793;TBA-4283230066824;4283230066824;;Gummifisch blau-silber 8,5cm 1Stk;;0,56;Y;0;0;0;10;0;0;0;Y;N;N;0,01;0;0;0;9507900000
6792;TBA-4283230064226;4283230064226;;Gummifisch fluogrün-silber 8,5cm 1 Stk;;0,56;Y;0;0;0;10;0;0;0;Y;N;N;0,01;0;0;0;9507900000
6791;TBA-4283230065827;4283230065827;;Crab fluogelb - pink 1 Stk;;0,51;Y;0;0;0;10;0;0;0;Y;N;N;0,01;0;0;0;9507900000
6790;TBA-4283230065728;4283230065728;;Crab blau - transparent 1 Stk;;0,51;Y;0;0;0;10;0;0;0;Y;N;N;0,01;0;0;0;9507900000
6789;TBA-4283230063526;4283230063526;;Crab motoröl - weiß 1 Stk;;0,51;Y;0;0;0;10;0;0;0;Y;N;N;0,01;0;0;0;9507900000
6788;TBA-4283230062727;4283230062727;;Crab fluoorange - fluogrün 1 Stk;;0,51;Y;0;0;0;10;0;0;0;Y;N;N;0,01;0;0;0;9507900000
6657;I030-03;4283230075529;V004-TMT;Linearachse Openbuilds C-Beam, 800mm;;104,81;Y;12;5;0;2900;850;120;90;Y;Y;N;3,05;85;12;9;8487909090
6656;TMT-4283230083029;4283230083029;V048-TMT;Linearachse Openbuilds V-slot 2020 Zahnriemen, Schwarz 600mm;;75,15;Y;0;0;0;2520;670;110,5;85;N;N;N;2,65;67;11,05;8,5;8538909189
6655;I046-04;4283230082121;V048-TMT;Linearachse Openbuilds V-slot 2020 Zahnriemen, Schwarz 500mm;;72,11;Y;3;0;0;1110;570;110,5;80,5;Y;N;N;1,16;57;11,05;8,05;8538909189
6654;TMT-4283230082824;4283230082824;V048-TMT;Linearachse Openbuilds V-slot 2020 Zahnriemen, Schwarz 400mm;;70,86;Y;0;0;0;1030;470;130;100;N;N;N;1,08;47;13;10;8538909189
6653;TMT-4283230082725;4283230082725;V048-TMT;Linearachse Openbuilds V-slot 2020 Zahnriemen, Schwarz 300mm;;66,83;Y;0;0;0;940;370;110;90;N;N;N;0,98;37;11;9;8538909189
6652;I036-01;4283230077523;V048-TMT;Linearachse Openbuilds V-slot 2020 Zahnriemen, Schwarz 250mm;;66,19;Y;2;0;0;880;320;130;100;N;N;N;0,92;32;13;10;8538909189
6650;I027-01;4283230074126;V040-TMT;Linearachse Openbuilds V-slot 2060 Spindel, Silber 600mm;;91,06;Y;6;0;0;870;430;120;90;Y;N;N;0,91;43;12;9;8538909189
6649;I029-03;4283230075024;V040-TMT;Linearachse Openbuilds V-slot 2060 Spindel, Silber 400mm;;89,65;Y;1;0;0;1940;750;160;75;Y;N;N;2,03;75;16;7,5;8538909189
6648;B011-11;4283230918024;V039-TSC;Gelenkkupplung Stahl Ø2 auf Ø4mm;;3,29;Y;1;0;0;10;23;9;9;Y;Y;N;0,01;2,3;0,9;0,9;8483608090
6647;G012-03;4283230048523;V244-TES;Endschalter XCK-J10511H29C;;17,03;Y;4;0;0;380;200,5;60;37;Y;N;N;0,4;20,05;6;3,7;8536500700
6645;G013-03;4283230049421;V054-TES;Endschalter LSA-041;;11,92;Y;10;0;0;240;140;65;42;Y;Y;N;0,25;14;6,5;4,2;8536500700
6644;G018-06;4283230052322;V054-TES;Endschalter LSA-031;;10,71;Y;6;0;0;250;120;65;48,5;Y;Y;N;0,27;12;6,5;4,85;8536500700
6642;D012-06;4283230973122;V010-TES;Endschalter TZ-9101;;7,32;Y;17;0;0;120;185;31;30;Y;Y;N;0,13;18,5;3,1;3;8536500700
6641;D013-07;4283230973726;V010-TES;Endschalter TZ-8169;;7,3;Y;6;0;0;120;185;31;30,5;Y;Y;N;0,12;18,5;3,1;3,05;8536500700
6640;D011-07;4283230972521;V010-TES;Endschalter TZ-8168;;7,34;Y;11;0;0;130;185;30;30;Y;Y;N;0,14;18,5;3;3;8536500700
6639;E014-04;4283230990822;V010-TES;Endschalter TZ-8167;;7,32;Y;13;5;0;120;180,5;30;30;Y;Y;N;0,13;18,05;3;3;8536500700
6638;E017-08;4283230994127;V010-TES;Endschalter TZ-8166;;7,3;Y;10;2;0;120;80,5;30;30;Y;Y;N;0,12;8,05;3;3;8536500700
6637;D009-08;4283230971128;V010-TES;Endschalter TZ-8122;;7,32;Y;10;10;0;120;130;50;30;Y;Y;N;0,13;13;5;3;8536500700
6636;D008-07;4283230970329;V010-TES;Endschalter TZ-8112;;7,33;Y;6;6;0;120;130;55;35;Y;Y;N;0,13;13;5,5;3,5;8536500700
6635;D013-08;4283230973825;V010-TES;Endschalter TZ-8111;;7,3;Y;18;15;0;120;130;50;30;Y;Y;N;0,12;13;5;3;8536500700
6634;D008-08;4283230970428;V010-TES;Endschalter TZ-8108S;;8,15;Y;37;12;0;170;125;50;35;Y;Y;N;0,18;12,5;5;3,5;8536500700
6633;D010-07;4283230971821;V010-TES;Endschalter TZ-8108;;8,16;Y;13;10;0;180;125;50;35;Y;Y;N;0,19;12,5;5;3,5;8536500700
6632;D012-08;4283230973221;V010-TES;Endschalter TZ-8107;;8,11;Y;4;0;0;150;126;50;30;Y;Y;N;0,16;12,6;5;3;8536500700
6631;D007-08;4283230969620;V010-TES;Endschalter TZ-8104S;;8,13;Y;23;17;0;160;125;50;35;Y;Y;N;0,17;12,5;5;3,5;8536500700
6630;D012-05;4283230973023;V010-TES;Endschalter TZ-8104;;8,11;Y;11;12;0;150;130;49,5;31;Y;Y;N;0,16;13;4,95;3,1;8536500700
6628;G010-09;4283230047724;V007-TMT;Zahnriemenscheibe HTD 5M-36BF-B10-15: Zähne 36, Typ BF, Bohrung 10mm, Riemenbreite 15mm;;14,5;Y;26;20;0;160;62;62;32;Y;Y;N;0,17;6,2;6,2;3,2;8483508090
6627;G019-07;4283230052520;V007-TMT;Zahnriemenscheibe HTD 5M-20BF-B8-15: Zähne 20, Typ BF, Bohrung 8mm, Riemenbreite 15mm;;5,3;Y;39;34;0;40;33;33;26;Y;Y;N;0,04;3,3;3,3;2,6;8483508090
6626;G012-05;4283230048721;V007-TMT;Zahnriemenscheibe HTD 5M-20AF-B14-15: Zähne 20, Typ AF, Bohrung 14mm, Riemenbreite 15mm;;4,5;Y;19;17;0;30;33;33;20;Y;Y;N;0,03;3,3;3,3;2;8483508090
6625;G017-09;4283230052124;V007-TMT;Zahnriemenscheibe HTD 5M-20AF-B8-15: Zähne 20, Typ AF, Bohrung 8mm, Riemenbreite 15mm;;4,52;Y;19;17;0;30;34;34;20,5;Y;Y;N;0,04;3,4;3,4;2,05;8483508090
6624;G005-04;4283230043825;V007-TMT;Zahnriemenscheibe HTD 5M-18AF-B18-15: Zähne 18, Typ AF, Bohrung 18mm, Riemenbreite 15mm;;5,88;Y;9;9;0;20;32;32;20;Y;Y;N;0,02;3,2;3,2;2;8483508090
6623;J006-12;4283230089625;V032-TMT;Umlenkrolle glatt Ø22.5-B8-16;;6,63;Y;0;0;0;20;25,5;25,5;20;Y;Y;N;0,02;2,55;2,55;2;8483508090
6622;J008-12;4283230091420;V032-TMT;Umlenkrolle glatt Ø22.5-B8-15;;6,67;Y;10;10;0;20;25,5;25,5;19;Y;Y;N;0,02;2,55;2,55;1,9;8483508090
6621;F021-12;4283230035622;V007-TMT;Zahnriemenscheibe HTD 5M-15AF-B8-16: Zähne 15, Typ AF, Bohrung 8mm, Riemenbreite 16mm;;4,78;Y;18;10;0;20;28;28;21;Y;Y;N;0,02;2,8;2,8;2,1;8483508090
6620;F004-12;4283230016324;V007-TMT;Zahnriemenscheibe HTD 5M-15AF-B8-15: Zähne 15, Typ AF, Bohrung 8mm, Riemenbreite 15mm;;4,2;Y;38;31;0;10;28;20;20;Y;Y;N;0,01;2,8;2;2;8483508090
6617;C003-08;4283230952820;V002-TMT;Zahnriemen HTD5M-2350-15;;20,68;Y;0;0;0;120;128;103;15;Y;Y;N;0,12;12,8;10,3;1,5;4010390090
6616;G003-09;4283230042927;V002-TMT;Zahnriemen HTD5M-595-15;;7,08;Y;25;7;0;40;85;53;15;Y;Y;N;0,04;8,5;5,3;1,5;4010390090
6615;G004-09;4283230043528;V002-TMT;Zahnriemen HTD5M-550-15;;6,63;Y;20;13;0;40;120;85;15;Y;Y;N;0,04;12;8,5;1,5;4010390090
6614;G005-09;4283230044228;V002-TMT;Zahnriemen HTD5M-500-15;;6,08;Y;21;15;0;40;118;84,5;15;Y;Y;N;0,04;11,8;8,45;1,5;4010390090
6613;G007-09;4283230045621;V002-TMT;Zahnriemen HTD5M-475-15;;6,37;Y;7;7;0;30;120;90;15;Y;Y;N;0,03;12;9;1,5;4010390090
6612;E021-07;4283230997128;V002-TMT;Zahnriemen HTD5M-450-15;;5,4;Y;24;23;0;30;49;49;16;Y;Y;N;0,03;4,9;4,9;1,6;4010390090
6611;G006-09;4283230045126;V002-TMT;Zahnriemen HTD5M-425-15;;5,29;Y;17;14;0;30;100;75;15;Y;Y;N;0,03;10;7,5;1,5;4010390090
6610;E024-12;4283230000729;V002-TMT;Zahnriemen HTD5M-410-15;;5,16;Y;14;14;0;30;74;44;15;Y;Y;N;0,03;7,4;4,4;1,5;4010390090
6609;F023-12;4283230038128;V002-TMT;Zahnriemen HTD5M-400-15;;5,17;Y;15;9;0;30;73;52,5;15;Y;Y;N;0,03;7,3;5,25;1,5;4010390090
6608;E024-08;4283230000521;V002-TMT;Zahnriemen HTD5M-375-15;;5,16;Y;10;6;0;30;51;51;15;Y;Y;N;0,03;5,1;5,1;1,5;4010390090
6607;E023-10;4283230999627;V002-TMT;Zahnriemen HTD5M-350-15;;4,6;Y;28;26;0;20;48;43;15;Y;Y;N;0,02;4,8;4,3;1,5;4010390090
6606;E012-09;4283230989321;V002-TMT;Zahnriemen HTD5M-325-15;;4,99;Y;10;4;0;20;120;120;15;Y;Y;N;0,02;12;12;1,5;4010390090
6605;H012-07;4283230981028;V002-TMT;Zahnriemen HTD5M-300-15;;4,54;Y;25;23;0;20;100;70;15;Y;Y;N;0,02;10;7;1,5;4010390090
6604;E018-09;4283230995025;V002-TMT;Zahnriemen HTD5M-290-15;;4,41;Y;11;4;0;20;64;44;15;Y;Y;N;0,02;6,4;4,4;1,5;4010390090
6603;J006-11;4283230089427;V002-TMT;Zahnriemen HTD5M-270-15;;4,2;Y;16;15;0;20;93;59;15;Y;Y;N;0,02;9,3;5,9;1,5;4010390090
6602;J011-10;4283230094421;V002-TMT;Zahnriemen HTD5M-220-15;;4,79;Y;8;7;0;10;78;60;15;Y;Y;N;0,01;7,8;6;1,5;4010390090
6600;0080-5090;4251840978967;;Kreismesser  - 1.4112 - 90P - glatt -  0080-5090 TG90-U - P02 - K011111;;84,03;N;0;0;0;60;0;0;0;Y;N;N;0,06;0;0;0;8208300000
6599;0080-4081;4251840980731;;Kreismesser  - 1.4112 - 80Pz - gezahnt - 0080-4081  TZ80-P - P01 - K011111;;84,03;N;0;0;0;50;0;0;0;Y;N;N;0,05;0;0;0;8208300000
6583;0012-0033;4283230284426;;Rändelmutter GB806 M6 Edelstahl K011111;;0,78;N;0;0;0;0;0;0;0;Y;N;N;0;0;0;0;7318156290
6581;A001-05;4283230280022;V026-TMS;Passschraube mit Bund ISO 7379 M5-Ø6x60mm;;1,74;Y;9;7;0;20;74;10;10;Y;Y;N;0,02;7,4;1;1;7318156290
6580;B020-04;4283230926722;V026-TMS;Passschraube mit Bund ISO 7379 M5-Ø6x35mm;;1,57;Y;49;31;0;10;49;10;10;Y;Y;N;0,01;4,9;1;1;7318156290
6579;B003-05;4283230910028;V026-TMS;Passschraube mit Bund ISO 7379 M5-Ø6x40mm;;1,47;Y;42;23;0;10;54,5;10;10;Y;Y;N;0,01;5,45;1;1;7318156290
6578;B010-02;4283230916624;V026-TMS;Passschraube mit Bund ISO 7379 M5-Ø6x45mm;;1,57;Y;26;16;0;10;59;10,5;10,5;Y;Y;N;0,01;5,9;1,05;1,05;7318156290
6577;B014-11;4283230921222;V026-TMS;Passschraube mit Bund ISO 7379 M5-Ø6x50mm;;1,57;Y;7;6;0;10;64;10;10;Y;Y;N;0,01;6,4;1;1;7318156290
6576;B017-06;4283230923721;V026-TMS;Passschraube mit Bund ISO 7379 M5-Ø6x55mm;;1,74;Y;9;5;0;20;71;10;10;Y;Y;N;0,02;7,1;1;1;7318156290
6575;B015-04;4283230921628;V026-TMS;Passschraube mit Bund ISO 7379 M6-Ø8x35mm;;1,74;Y;53;42;0;20;51,5;13;13;Y;Y;N;0,02;5,15;1,3;1,3;7318156290
6574;B017-04;4283230923523;V026-TMS;Passschraube mit Bund ISO 7379 M6-Ø8x40mm;;1,74;Y;37;30;0;20;56,5;12;12;Y;Y;N;0,02;5,65;1,2;1,2;7318156290
6573;B016-05;4283230922724;V026-TMS;Passschraube mit Bund ISO 7379 M6-Ø8x45mm;;1,76;Y;25;22;0;20;61,5;13;13;Y;Y;N;0,03;6,15;1,3;1,3;7318156290
6572;B006-11;4283230913722;V026-TMS;Passschraube mit Bund ISO 7379 M6-Ø8x50mm;;1,86;Y;25;23;0;30;65;13;13;Y;Y;N;0,03;6,5;1,3;1,3;7318156290
6571;B013-10;4283230920027;V026-TMS;Passschraube mit Bund ISO 7379 M6-Ø8x55mm;;1,86;Y;38;23;0;30;71;13;13;Y;Y;N;0,03;7,1;1,3;1,3;7318156290
6570;B011-09;4283230917829;V026-TMS;Passschraube mit Bund ISO 7379 M6-Ø8x60mm;;1,95;Y;29;23;0;30;77;13;13;Y;Y;N;0,03;7,7;1,3;1,3;7318156290
6569;B017-11;4283230924124;V026-TMS;Passschraube mit Bund ISO 7379 M6-Ø8x65mm;;2,09;Y;15;12;0;30;80;13;13;Y;Y;N;0,03;8;1,3;1,3;7318156290
6568;B002-11;4283230909527;V026-TMS;Passschraube mit Bund ISO 7379 M6-Ø8x70mm;;2,21;Y;14;5;0;30;87;13;13;Y;Y;N;0,04;8,7;1,3;1,3;7318156290
6567;B006-07;4283230913425;V026-TMS;Passschraube mit Bund ISO 7379 M6-Ø8x75mm;;2,55;Y;0;0;0;40;92;13;13;Y;Y;N;0,04;9,2;1,3;1,3;7318156290
6566;B025-07;4283230931726;V026-TMS;Passschraube mit Bund ISO 7379 M6-Ø8x80mm;;2,55;Y;10;11;0;40;95;13;13;Y;Y;N;0,04;9,5;1,3;1,3;7318156290
6565;B015-08;4283230921925;V026-TMS;Passschraube mit Bund ISO 7379 M6-Ø8x85mm;;1,78;Y;0;10;0;40;97;13;13;Y;Y;N;0,04;9,7;1,3;1,3;7318156290
6564;B018-08;4283230924827;V026-TMS;Passschraube mit Bund ISO 7379 M6-Ø8x90mm;;2,83;Y;11;6;0;40;107,5;12;12;Y;Y;N;0,04;10,75;1,2;1,2;7318156290
6563;B004-09;4283230911520;V026-TMS;Passschraube mit Bund ISO 7379 M6-Ø8x100mm;;2,85;Y;8;5;0;50;115;13;13;Y;Y;N;0,05;11,5;1,3;1,3;7318156290
6561;TES-4283230048424;4283230048424;V013-TES;Industrieschalter LA38 NOT-AUS weiße Pfeile, 1 Schließer + 1 Öffner;;4,36;Y;0;0;0;50;84;42;42;N;N;N;0,06;8,4;4,2;4,2;8536500700
6560;F023-11;4283230038029;V056-TES;Industrielle Signalleuchte, Einbau Ø16mm, 6Vac/dc, blau;;1,65;Y;30;0;0;10;45;19;19;Y;N;N;0,01;4,5;1,9;1,9;8536500700
6559;F015-08;4283230029126;V056-TES;Industrielle Signalleuchte, Einbau Ø16mm, 6Vac/dc, grün;;1,65;Y;47;0;0;10;45,5;19;19;Y;N;N;0,01;4,55;1,9;1,9;8536500700
6558;F009-11;4283230021724;V056-TES;Industrielle Signalleuchte, Einbau Ø16mm, 6Vac/dc, gelb;;1,65;Y;45;0;0;10;45;19,5;19,5;Y;N;N;0,01;4,5;1,95;1,95;8536500700
6557;F012-12;4283230025821;V056-TES;Industrielle Signalleuchte, Einbau Ø16mm, 6Vac/dc, rot;;1,65;Y;38;0;0;10;45;19;19;Y;N;N;0,01;4,5;1,9;1,9;8536500700
6556;F010-07;4283230022424;V078-TMT;Handrad für Ø5mm Welle, Schwarz;;6,67;Y;9;10;0;40;40,5;40,5;18;Y;Y;N;0,04;4,05;4,05;1,8;8487909090
6555;F012-10;4283230025623;V078-TMT;Handrad für Ø6.35mm Welle, Schwarz;;6,67;Y;14;10;0;40;40,5;40,5;18;Y;Y;N;0,04;4,05;4,05;1,8;8487909090
6554;E008-02;4283230985323;V078-TMT;Handrad für Ø8mm Welle, Schwarz;;6,67;Y;16;10;0;40;40,5;40,5;18;Y;Y;N;0,04;4,05;4,05;1,8;8487909090
6553;E012-02;4283230988720;V078-TMT;Handrad für Ø14mm Welle, Schwarz;;8,6;Y;10;10;0;90;60;60;19;Y;Y;N;0,09;6;6;1,9;8487909090
6552;J006-10;4283230089328;V067-TMT;Linearlager Schlitten SCS-6;;5,27;Y;14;0;0;30;29;25,5;18;Y;Y;N;0,03;2,9;2,55;1,8;8483902090
6550;TEW-4283230995124;4283230995124;V021-TEW;Steckverbinder GX20 Schutzkappe;;1,02;Y;0;0;0;10;73;24;8;N;N;N;0,01;7,3;2,4;0,8;8536901000
6549;TMS-4283230971722;4283230971722;V071-TMS;Handgriff 180mm Alu schwarz;;4,34;Y;0;0;0;110;198;49;26;N;N;N;0,12;19,8;4,9;2,6;8487909090
6548;D009-04;4283230970725;V071-TMS;Handgriff 180mm Nylon schwarz;;2,67;Y;7;0;0;60;195;49;28;Y;N;N;0,07;19,5;4,9;2,8;8487909090
6547;D016-03;4283230975829;V071-TMS;Handgriff 150mm Nylon schwarz;;2,29;Y;20;0;0;60;170;44;27;Y;N;N;0,06;17;4,4;2,7;8487909090
6546;TMS-4283230112224;4283230112224;V071-TMS;Handgriff 120mm Alu silber;;3,31;Y;0;0;0;60;140;33;19;N;N;N;0,06;14;3,3;1,9;8487909090
6545;TMS-4283230119629;4283230119629;V071-TMS;Handgriff 120mm Alu orange;;4,34;Y;0;0;0;80;140;39;25;N;N;N;0,08;14;3,9;2,5;8487909090
6544;D014-06;4283230119025;V071-TMS;Handgriff 120mm Alu schwarz;;3,24;Y;18;0;0;60;140;33;19;Y;N;N;0,07;14;3,3;1,9;8487909090
6543;A008-16;4283230870223;V007-TMT;Zahnriemenscheibe 2GT-16K-B3.17-6: Zähne 16, Typ K, Bohrung 3.17mm, Riemenbreite 6mm;;3,01;Y;22;20;0;10;14;13;13;Y;Y;N;0,01;1,4;1,3;1,3;8483508090
6542;A005-16;4283230865526;V007-TMT;Zahnriemenscheibe 2GT-16K-B3-6: Zähne 16, Typ K, Bohrung 3mm, Riemenbreite 6mm;;3,01;Y;41;37;0;10;14;13;13;Y;Y;N;0,01;1,4;1,3;1,3;8483508090
6541;A014-16;4283230879622;V007-TMT;Zahnriemenscheibe 2GT-20K-B4-6: Zähne 20, Typ K, Bohrung 4mm, Riemenbreite 6mm;;2,5;Y;0;0;0;10;16;16;16;Y;Y;N;0,01;1,6;1,6;1,6;8483508090
6540;A006-12;4283230874924;V007-TMT;Zahnriemenscheibe 2GT-30BF-B12-10: Zähne 30, Typ BF, Bohrung 12mm, Riemenbreite 10mm;;3,39;Y;3;6;0;10;20;22;20;Y;Y;N;0,01;2;2,2;2;8483508090
6539;A018-16;4283230885722;V007-TMT;Zahnriemenscheibe 2GT-30BF-B10-10: Zähne 30, Typ BF, Bohrung 10mm, Riemenbreite 10mm;;3,92;Y;54;33;0;20;31;31;21;Y;Y;N;0,03;3,1;3,1;2,1;8483508090
6538;A020-16;4283230888921;V007-TMT;Zahnriemenscheibe 2GT-30K-B12-6: Zähne 30, Typ K, Bohrung 12mm, Riemenbreite 6mm;;3,76;Y;11;6;0;10;21,5;21,5;16;Y;Y;N;0,01;2,15;2,15;1,6;8483508090
6537;4,28323E+12;4283230072023;;Kreismesser  - 1.4112 - 80Uz - gezahnt - GT Premium - P01 - GT;;13,9;Y;0;0;0;50;0;0;0;Y;N;N;0,05;0;0;0;8208300000
6500;E013-02;4283230989628;V002-TMT;Zahnriemen 2GT-3230-6;;9,77;Y;15;0;0;40;10;70,5;6;Y;Y;N;0,04;1;7,05;0,6;4010390090
6499;E027-08;4283230003720;V002-TMT;Zahnriemen 2GT-3000-6;;9,47;Y;6;2;0;30;80;80;6;Y;Y;N;0,03;8;8;0,6;4010390090
6498;E018-02;4283230994523;V002-TMT;Zahnriemen 2GT-2500-6;;12,22;Y;17;0;0;20;90,5;60,5;6;Y;Y;N;0,02;9,05;6,05;0,6;4010390090
6497;A005-09;4283230864826;V002-TMT;Zahnriemen 2GT-2220-6;;10,56;Y;17;0;0;20;48;42;6;Y;Y;N;0,02;4,8;4,2;0,6;4010390090
6496;A005-05;4283230864420;V002-TMT;Zahnriemen 2GT-2000-6;;9,65;Y;10;6;0;20;62;54;6;Y;Y;N;0,02;6,2;5,4;0,6;4010390090
6495;A002-08;4283230860026;V002-TMT;Zahnriemen 2GT-1520-6;;7,7;Y;22;0;0;10;54;44,5;6;Y;Y;N;0,01;5,4;4,45;0,6;4010390090
6494;E016-01;4283230992628;V002-TMT;Zahnriemen 2GT-1512-6;;7,63;Y;9;0;0;10;80;60;6;Y;Y;N;0,01;8;6;0,6;4010390090
6493;A009-05;4283230870728;V002-TMT;Zahnriemen 2GT-1500-6;;7,36;Y;13;0;0;10;54;52;6;Y;Y;N;0,01;5,4;5,2;0,6;4010390090
6492;E021-08;4283230997227;V002-TMT;Zahnriemen 2GT-1374-6;;7,39;Y;8;0;0;10;100;70;6;Y;Y;N;0,01;10;7;0,6;4010390090
6491;B007-11;4283230914828;V002-TMT;Zahnriemen 2GT-1350-6;;7,02;Y;23;0;0;10;54;45;6;Y;Y;N;0,01;5,4;4,5;0,6;4010390090
6490;L011-04;4283230119827;V002-TMT;Zahnriemen 2GT-1340-6;;7,02;Y;14;0;0;10;66;51;6;Y;Y;N;0,01;6,6;5,1;0,6;4010390090
6489;J025-04;4283230109026;V002-TMT;Zahnriemen 2GT-1324-6;;6,93;Y;2;0;0;10;60;49;6;Y;Y;N;0,01;6;4,9;0,6;4010390090
6488;L008-10;4283230118127;V002-TMT;Zahnriemen 2GT-1250-6;;7,02;Y;13;0;0;10;51;50;6;Y;Y;N;0,01;5,1;5;0,6;4010390090
6487;L006-04;4283230116529;V002-TMT;Zahnriemen 2GT-1210-6;;6,79;Y;21;0;0;10;60;60;6;Y;Y;N;0,01;6;6;0,6;4010390090
6486;L009-04;4283230118523;V002-TMT;Zahnriemen 2GT-1180-6;;6,65;Y;13;0;0;10;66;45;6;Y;Y;N;0,01;6,6;4,5;0,6;4010390090
6485;A012-05;4283230875426;V002-TMT;Zahnriemen 2GT-1164-6;;6,55;Y;15;0;0;10;50;42;6;Y;Y;N;0,01;5;4,2;0,6;4010390090
6484;E015-11;4283230862020;V002-TMT;Zahnriemen 2GT-1140-6;;6,42;Y;70;4;0;10;50;42;6;Y;Y;N;0,01;5;4,2;0,6;4010390090
6483;E019-05;4283230995421;V002-TMT;Zahnriemen 2GT-1000-6;;5,68;Y;10;5;0;10;70;40,5;6;Y;Y;N;0,01;7;4,05;0,6;4010390090
6482;A009-14;4283230871527;V002-TMT;Zahnriemen 2GT-960-6;;5,54;Y;15;6;0;10;45;45;6;Y;Y;N;0,01;4,5;4,5;0,6;4010390090
6481;E008-05;4283230985521;V002-TMT;Zahnriemen 2GT-930-6;;5,17;Y;12;5;0;10;67,5;42,5;6;Y;Y;N;0,01;6,75;4,25;0,6;4010390090
6480;E006-02;4283230983428;V002-TMT;Zahnriemen 2GT-900-6;;5,45;Y;12;4;0;10;64;40;6;Y;Y;N;0,01;6,4;4;0,6;4010390090
6479;A002-12;4283230860422;V002-TMT;Zahnriemen 2GT-852-6;;5,17;Y;14;2;0;10;46;41;6;Y;Y;N;0,01;4,6;4,1;0,6;4010390090
6478;A010-09;4283230872623;V002-TMT;Zahnriemen 2GT-850-6;;5,17;Y;9;0;0;10;46;41;6;Y;Y;N;0,01;4,6;4,1;0,6;4010390090
6477;A010-11;4283230872821;V002-TMT;Zahnriemen 2GT-848-6;;5,17;Y;9;0;0;10;43,5;34,5;6;Y;Y;N;0,01;4,35;3,45;0,6;4010390090
6476;A008-15;4283230870124;V002-TMT;Zahnriemen 2GT-840-6;;5,17;Y;26;5;0;10;50;43;6;Y;Y;N;0,01;5;4,3;0,6;4010390090
6475;A002-07;4283230859921;V002-TMT;Zahnriemen 2GT-810-6;;5,36;Y;14;0;0;10;70;42;6;Y;Y;N;0,01;7;4,2;0,6;4010390090
6474;A001-14;4283230859228;V002-TMT;Zahnriemen 2GT-800-6;;4,87;Y;6;4;0;10;50;42;6;Y;Y;N;0,01;5;4,2;0,6;4010390090
6473;A005-10;4283230864925;V002-TMT;Zahnriemen 2GT-784-6;;5,36;Y;7;0;0;10;45;43;6;Y;Y;N;0,01;4,5;4,3;0,6;4010390090
6472;A005-12;4283230865120;V002-TMT;Zahnriemen 2GT-782-6;;5,26;Y;5;0;0;10;42;33;6;Y;Y;N;0,01;4,2;3,3;0,6;4010390090
6471;A011-14;4283230874726;V002-TMT;Zahnriemen 2GT-752-6;;5,11;Y;11;0;0;10;38;34;6;Y;Y;N;0,01;3,8;3,4;0,6;4010390090
6469;A015-14;4283230880925;V002-TMT;Zahnriemen 2GT-710-6;;4,87;Y;11;4;0;10;36;32;6;Y;Y;N;0,01;3,6;3,2;0,6;4010390090
6468;F023-06;4283230037428;V002-TMT;Zahnriemen 2GT-696-6;;4,72;Y;6;0;0;10;45;33,5;6;Y;Y;N;0,01;4,5;3,35;0,6;4010390090
6467;F018-09;4283230032324;V002-TMT;Zahnriemen 2GT-670-6;;4,57;Y;13;5;0;10;39;34;6;Y;Y;N;0,01;3,9;3,4;0,6;4010390090
6466;F017-04;4283230030627;V002-TMT;Zahnriemen 2GT-660-6;;4,72;Y;9;0;0;10;47;39;6;Y;Y;N;0,01;4,7;3,9;0,6;4010390090
6465;F020-07;4283230034021;V002-TMT;Zahnriemen 2GT-640-6;;3,95;Y;17;0;0;10;37;31;6;Y;Y;N;0,01;3,7;3,1;0,6;4010390090
6464;F013-03;4283230026125;V002-TMT;Zahnriemen 2GT-630-6;;4,57;Y;26;4;0;10;64,5;47,5;6;Y;Y;N;0,01;6,45;4,75;0,6;4010390090
6463;F010-04;4283230022127;V002-TMT;Zahnriemen 2GT-616-6;;4,42;Y;15;6;0;10;55;33;6;Y;Y;N;0,01;5,5;3,3;0,6;4010390090
6462;F010-09;4283230022721;V002-TMT;Zahnriemen 2GT-606-6;;4,42;Y;11;0;0;10;35;33;6;Y;Y;N;0,01;3,5;3,3;0,6;4010390090
6461;F006-04;4283230017925;V002-TMT;Zahnriemen 2GT-600-6;;3,95;Y;9;6;0;10;37,5;33,5;6;Y;Y;N;0,01;3,75;3,35;0,6;4010390090
6460;F021-11;4283230035523;V002-TMT;Zahnriemen 2GT-586-6;;4,72;Y;7;0;0;10;52,5;33;6;Y;Y;N;0,01;5,25;3,3;0,6;4010390090
6459;F003-12;4283230014924;V002-TMT;Zahnriemen 2GT-570-6;;4,37;Y;11;4;0;10;60;40;6;Y;Y;N;0,01;6;4;0,6;4010390090
6458;A020-06;4283230887924;V002-TMT;Zahnriemen 2GT-540-6;;4,21;Y;0;0;0;10;42;35;6;Y;Y;N;0,01;4,2;3,5;0,6;4010390090
6457;A021-10;4283230889928;V002-TMT;Zahnriemen 2GT-528-6;;4,11;Y;10;0;0;10;42;33;6;Y;Y;N;0,01;4,2;3,3;0,6;4010390090
6456;F016-12;4283230030320;V002-TMT;Zahnriemen 2GT-524-6;;4,11;Y;7;0;0;10;41,5;37;6;Y;Y;N;0,01;4,15;3,7;0,6;4010390090
6455;B016-01;4283230922427;V002-TMT;Zahnriemen 2GT-520-6;;3,79;Y;16;6;0;10;48,5;38,5;6;Y;Y;N;0,01;4,85;3,85;0,6;4010390090
6454;F004-06;4283230015525;V002-TMT;Zahnriemen 2GT-494-6;;3,95;Y;22;4;0;10;60;35;6;Y;Y;N;0,01;6;3,5;0,6;4010390090
6453;F002-05;4283230012920;V002-TMT;Zahnriemen 2GT-488-6;;3,95;Y;28;2;0;10;60;40;6;Y;Y;N;0,01;6;4;0,6;4010390090
6452;J026-07;4283230110329;V002-TMT;Zahnriemen 2GT-484-6;;3,95;Y;29;0;0;10;49;41;6;Y;Y;N;0,01;4,9;4,1;0,6;4010390090
6451;F003-04;4283230014221;V002-TMT;Zahnriemen 2GT-480-6;;3,95;Y;17;6;0;10;60;40;6;Y;Y;N;0,01;6;4;0,6;4010390090
6450;F002-03;4283230012623;V002-TMT;Zahnriemen 2GT-468-6;;3,79;Y;34;2;0;10;60;40;6;Y;Y;N;0,01;6;4;0,6;4010390090
6449;F022-01;4283230035721;V002-TMT;Zahnriemen 2GT-466-6;;3,79;Y;9;4;0;10;53,5;32;6;Y;Y;N;0,01;5,35;3,2;0,6;4010390090
6448;F022-04;4283230036124;V002-TMT;Zahnriemen 2GT-460-6;;3,79;Y;18;0;0;10;47;32;6;Y;Y;N;0,01;4,7;3,2;0,6;4010390090
6447;F017-09;4283230031129;V002-TMT;Zahnriemen 2GT-444-6;;3,64;Y;20;0;0;10;41;32;6;Y;Y;N;0,01;4,1;3,2;0,6;4010390090
6446;F017-11;4283230031327;V002-TMT;Zahnriemen 2GT-436-6;;3,64;Y;0;0;0;10;46;31;6;Y;Y;N;0,01;4,6;3,1;0,6;4010390090
6445;F011-11;4283230024329;V002-TMT;Zahnriemen 2GT-430-6;;3,11;Y;24;0;0;10;47;37,5;6;Y;Y;N;0,01;4,7;3,75;0,6;4010390090
6444;F004-05;4283230015426;V002-TMT;Zahnriemen 2GT-426-6;;3,48;Y;0;0;0;10;60;35;6;Y;Y;N;0,01;6;3,5;0,6;4010390090
6443;J023-06;4283230107329;V002-TMT;Zahnriemen 2GT-420-6;;3,48;Y;12;0;0;10;44;32;6;Y;Y;N;0,01;4,4;3,2;0,6;4010390090
6442;F008-05;4283230020222;V002-TMT;Zahnriemen 2GT-410-6;;3,48;Y;13;10;0;10;42;31,5;6;Y;Y;N;0,01;4,2;3,15;0,6;4010390090
6441;F011-06;4283230023728;V002-TMT;Zahnriemen 2GT-406-6;;3,48;Y;24;0;0;10;44;34;6;Y;Y;N;0,01;4,4;3,4;0,6;4010390090
6440;B009-07;4283230916228;V002-TMT;Zahnriemen 2GT-396-6;;3,48;Y;0;0;0;10;50;50;6;Y;Y;N;0,01;5;5;0,6;4010390090
6439;B010-11;4283230917225;V002-TMT;Zahnriemen 2GT-392-6;;3,48;Y;24;0;0;10;40;30;6;Y;Y;N;0,01;4;3;0,6;4010390090
6438;B014-09;4283230921024;V002-TMT;Zahnriemen 2GT-390-6;;3,48;Y;22;0;0;10;45;29,5;6,5;Y;Y;N;0,01;4,5;2,95;0,65;4010390090
6437;B015-11;4283230922229;V002-TMT;Zahnriemen 2GT-386-6;;3,48;Y;18;0;0;10;40;30;6;Y;Y;N;0,01;4;3;0,6;4010390090
6436;B005-11;4283230912725;V002-TMT;Zahnriemen 2GT-380-6;;3,32;Y;31;0;0;10;40;30;6;Y;Y;N;0,01;4;3;0,6;4010390090
6435;B007-08;4283230914620;V002-TMT;Zahnriemen 2GT-376-6;;3,32;Y;15;6;0;10;50;30;6;Y;Y;N;0,01;5;3;0,6;4010390090
6434;B001-11;4283230908421;V002-TMT;Zahnriemen 2GT-360-6;;3,16;Y;24;22;0;10;43;32;6;Y;Y;N;0,01;4,3;3,2;0,6;4010390090
6433;B007-04;4283230914323;V002-TMT;Zahnriemen 2GT-348-6;;3,16;Y;6;0;0;10;50;30;6;Y;Y;N;0,01;5;3;0,6;4010390090
6432;F011-01;4283230023124;V002-TMT;Zahnriemen 2GT-340-6;;3,22;Y;4;0;0;10;42;30;6;Y;Y;N;0,01;4,2;3;0,6;4010390090
6431;F017-03;4283230030528;V002-TMT;Zahnriemen 2GT-336-6;;3,05;Y;41;33;0;10;45;35,5;6;Y;Y;N;0,01;4,5;3,55;0,6;4010390090
6430;F015-03;4283230028525;V002-TMT;Zahnriemen 2GT-330-6;;3,05;Y;10;8;0;10;48;35,5;6;Y;Y;N;0,01;4,8;3,55;0,6;4010390090
6429;F019-01;4283230032621;V002-TMT;Zahnriemen 2GT-308-6;;3;Y;11;4;0;10;47,5;44;6;Y;Y;N;0,01;4,75;4,4;0,6;4010390090
6428;F019-03;4283230032829;V002-TMT;Zahnriemen 2GT-302-6;;3,01;Y;21;4;0;10;90;50,5;6;Y;Y;N;0,01;9;5,05;0,6;4010390090
6427;E012-01;4283230988621;V002-TMT;Zahnriemen 2GT-300-6;;2,6;Y;30;30;0;10;40,5;27,5;6;Y;Y;N;0,01;4,05;2,75;0,6;4010390090
6426;F024-05;4283230038524;V002-TMT;Zahnriemen 2GT-294-6;;2,83;Y;6;5;0;10;45;30;6;Y;Y;N;0,01;4,5;3;0,6;4010390090
6425;F014-08;4283230027924;V002-TMT;Zahnriemen 2GT-288-6;;2,49;Y;8;9;0;10;36;30;6;Y;Y;N;0,01;3,6;3;0,6;4010390090
6424;E015-02;4283230991720;V002-TMT;Zahnriemen 2GT-284-6;;2,83;Y;9;9;0;10;60;40;6;Y;Y;N;0,01;6;4;0,6;4010390090
6423;F013-12;4283230027221;V002-TMT;Zahnriemen 2GT-278-6;;2,83;Y;11;9;0;10;45;47,5;6;Y;Y;N;0,01;4,5;4,75;0,6;4010390090
6422;F021-01;4283230034526;V002-TMT;Zahnriemen 2GT-274-6;;2,83;Y;17;17;0;10;69;45;6;Y;Y;N;0,01;6,9;4,5;0,6;4010390090
6421;F014-11;4283230028129;V002-TMT;Zahnriemen 2GT-268-6;;2,72;Y;21;10;0;10;98;35;16;Y;Y;N;0,01;9,8;3,5;1,6;4010390090
6420;F019-08;4283230033222;V002-TMT;Zahnriemen 2GT-264-6;;2,69;Y;13;7;0;20;43;30;6;Y;Y;N;0,02;4,3;3;0,6;4010390090
6419;F025-02;4283230039422;V002-TMT;Zahnriemen 2GT-252-6;;2,69;Y;14;20;0;20;43;28;6;Y;Y;N;0,02;4,3;2,8;0,6;4010390090
6418;F019-05;4283230032928;V002-TMT;Zahnriemen 2GT-250-6;;2,69;Y;16;25;0;20;47;34;6;Y;Y;N;0,02;4,7;3,4;0,6;4010390090
6417;E001-07;4283230978721;V002-TMT;Zahnriemen 2GT-244-6;;2,52;Y;14;17;0;20;41,5;35;6;Y;Y;N;0,02;4,15;3,5;0,6;4010390090
6416;J026-08;4283230110428;V002-TMT;Zahnriemen 2GT-242-6;;2,3;Y;17;17;0;20;48;33;6;Y;Y;N;0,02;4,8;3,3;0,6;4010390090
6415;E002-09;4283230979926;V002-TMT;Zahnriemen 2GT-240-6;;2,3;Y;57;36;0;20;33;33;11;Y;Y;N;0,02;3,3;3,3;1,1;4010390090
6414;J023-05;4283230107220;V002-TMT;Zahnriemen 2GT-230-6;;2,52;Y;23;4;0;20;46;35;6;Y;Y;N;0,02;4,6;3,5;0,6;4010390090
6413;E006-10;4283230984029;V002-TMT;Zahnriemen 2GT-228-6;;2,52;Y;7;6;0;20;45;32;6;Y;Y;N;0,02;4,5;3,2;0,6;4010390090
6412;F023-05;4283230037329;V002-TMT;Zahnriemen 2GT-224-6;;2,18;Y;7;5;0;20;40,5;32;6;Y;Y;N;0,02;4,05;3,2;0,6;4010390090
6411;J026-10;4283230110626;V002-TMT;Zahnriemen 2GT-222-6;;2,3;Y;1;0;0;20;60;42;6;Y;Y;N;0,02;6;4,2;0,6;4010390090
6410;E019-03;4283230995322;V002-TMT;Zahnriemen 2GT-220-6;;2,18;Y;35;24;0;20;55;30;6;Y;Y;N;0,02;5,5;3;0,6;4010390090
6409;E017-04;4283230993724;V002-TMT;Zahnriemen 2GT-218-6;;2,3;Y;6;0;0;20;60;37,8;6;Y;Y;N;0,02;6;3,78;0,6;4010390090
6408;E017-11;4283230994226;V002-TMT;Zahnriemen 2GT-214-6;;2,3;Y;5;7;0;20;45;30;6;Y;Y;N;0,02;4,5;3;0,6;4010390090
6407;E009-11;4283230986924;V002-TMT;Zahnriemen 2GT-208-6;;2,13;Y;11;9;0;20;55;48;6;Y;Y;N;0,02;5,5;4,8;0,6;4010390090
6406;E013-09;4283230990327;V002-TMT;Zahnriemen 2GT-204-6;;2,18;Y;11;6;0;20;40;32;6;Y;Y;N;0,02;4;3,2;0,6;4010390090
6405;E008-09;4283230985927;V002-TMT;Zahnriemen 2GT-202-6;;2,13;Y;39;0;0;20;54;30,5;6;Y;Y;N;0,02;5,4;3,05;0,6;4010390090
6404;J017-12;4283230100825;V002-TMT;Zahnriemen 2GT-194-6;;2,13;Y;19;12;0;20;40;40;6;Y;Y;N;0,02;4;4;0,6;4010390090
6403;J005-12;4283230088420;V002-TMT;Zahnriemen 2GT-192-6;;2,07;Y;22;4;0;20;70;50;6;Y;Y;N;0,02;7;5;0,6;4010390090
6402;F003-11;4283230014825;V002-TMT;Zahnriemen 2GT-190-6;;2,02;Y;9;6;0;20;30;22,5;6;Y;Y;N;0,02;3;2,25;0,6;4010390090
6401;F026-04;4283230040626;V002-TMT;Zahnriemen 2GT-188-6;;2,02;Y;69;37;0;20;50;42;6;Y;Y;N;0,02;5;4,2;0,6;4010390090
6400;J003-01;4283230085429;V002-TMT;Zahnriemen 2GT-186-6;;2,02;Y;17;0;0;20;60;50;6;Y;Y;N;0,02;6;5;0,6;4010390090
6399;E025-07;4283230001726;V002-TMT;Zahnriemen 2GT-184-6;;2,02;Y;8;4;0;20;26,5;22;6;Y;Y;N;0,02;2,65;2,2;0,6;4010390090
6398;E023-07;4283230999320;V002-TMT;Zahnriemen 2GT-182-6;;2,02;Y;13;5;0;20;19;14,5;6;Y;Y;N;0,02;1,9;1,45;0,6;4010390090
6397;E021-10;4283230997425;V002-TMT;Zahnriemen 2GT-178-6;;2,02;Y;14;10;0;20;70,5;50;6;Y;Y;N;0,02;7,05;5;0,6;4010390090
6396;F025-11;4283230040220;V002-TMT;Zahnriemen 2GT-176-6;;2,02;Y;20;14;0;20;64;46;6;Y;Y;N;0,02;6,4;4,6;0,6;4010390090
6395;F010-03;4283230022028;V002-TMT;Zahnriemen 2GT-174-6;;2,02;Y;17;14;0;20;72,5;47;6;Y;Y;N;0,02;7,25;4,7;0,6;4010390090
6394;J010-11;4283230093325;V002-TMT;Zahnriemen 2GT-172-6;;2,02;Y;7;7;0;20;43;40,5;6;Y;Y;N;0,02;4,3;4,05;0,6;4010390090
6393;F021-06;4283230035028;V002-TMT;Zahnriemen 2GT-170-6;;2,02;Y;12;14;0;20;52,5;33;6;Y;Y;N;0,02;5,25;3,3;0,6;4010390090
6392;J025-05;4283230109125;V002-TMT;Zahnriemen 2GT-168-6;;2,02;Y;15;6;0;20;63;47;6;Y;Y;N;0,02;6,3;4,7;0,6;4010390090
6391;J019-11;4283230102928;V002-TMT;Zahnriemen 2GT-166-6;;2,02;Y;7;7;0;20;36;36;6;Y;Y;N;0,02;3,6;3,6;0,6;4010390090
6390;J014-11;4283230097927;V002-TMT;Zahnriemen 2GT-164-6;;2,02;Y;13;5;0;20;69;49;6;Y;Y;N;0,02;6,9;4,9;0,6;4010390090
6389;J008-02;4283230090621;V002-TMT;Zahnriemen 2GT-162-6;;2,02;Y;4;5;0;20;54;43;6;Y;Y;N;0,02;5,4;4,3;0,6;4010390090
6388;J020-11;4283230103925;V002-TMT;Zahnriemen 2GT-156-6;;2,02;Y;5;9;0;20;63;47;6;Y;Y;N;0,02;6,3;4,7;0,6;4010390090
6387;A013-14;4283230877826;V002-TMT;Zahnriemen 2GT-154-6;;2,02;Y;24;23;0;20;53;40;6;Y;Y;N;0,02;5,3;4;0,6;4010390090
6386;B013-11;4283230920126;V002-TMT;Zahnriemen 2GT-152-6;;2,02;Y;0;12;0;20;60;50;6;Y;Y;N;0,02;6;5;0,6;4010390090
6385;E001-05;4283230978523;V002-TMT;Zahnriemen 2GT-150-6;;2,02;Y;28;33;0;20;11,4;11,4;6;Y;Y;N;0,02;1,14;1,14;0,6;4010390090
6384;E017-07;4283230994028;V002-TMT;Zahnriemen 2GT-148-6;;2,02;Y;12;11;0;20;69;48;6;Y;Y;N;0,02;6,9;4,8;0,6;4010390090
6383;E005-09;4283230983022;V002-TMT;Zahnriemen 2GT-146-6;;2,02;Y;7;0;0;20;67,5;48;6;Y;Y;N;0,02;6,75;4,8;0,6;4010390090
6382;E014-07;4283230991126;V002-TMT;Zahnriemen 2GT-144-6;;2,02;Y;11;14;0;20;70;50;6;Y;Y;N;0,02;7;5;0,6;4010390090
6381;A020-12;4283230888525;V002-TMT;Zahnriemen 2GT-142-6;;2,02;Y;54;41;0;20;23;19;6;Y;Y;N;0,02;2,3;1,9;0,6;4010390090
6380;J021-02;4283230104021;V002-TMT;Zahnriemen 2GT-138-6;;2,02;Y;13;10;0;20;58;44;6;Y;Y;N;0,02;5,8;4,4;0,6;4010390090
6379;J002-03;4283230084521;V002-TMT;Zahnriemen 2GT-136-6;;2,02;Y;15;7;0;20;60;40;6;Y;Y;N;0,02;6;4;0,6;4010390090
6378;J001-12;4283230084224;V002-TMT;Zahnriemen 2GT-134-6;;2,18;Y;10;4;0;20;60;50;6;Y;Y;N;0,02;6;5;0,6;4010390090
6377;F024-12;4283230039125;V002-TMT;Zahnriemen 2GT-132-6;;2,18;Y;24;18;0;20;58;35;6;Y;Y;N;0,02;5,8;3,5;0,6;4010390090
6376;J013-12;4283230096920;V002-TMT;Zahnriemen 2GT-130-6;;1,99;Y;20;19;0;10;62;46;6;Y;Y;N;0,01;6,2;4,6;0,6;4010390090
6375;E004-10;4283230982025;V002-TMT;Zahnriemen 2GT-128-6;;1,99;Y;12;4;0;10;40;40;6;Y;Y;N;0,01;4;4;0,6;4010390090
6374;J021-06;4283230104120;V002-TMT;Zahnriemen 2GT-126-6;;1,99;Y;15;7;0;10;57;44;6;Y;Y;N;0,01;5,7;4,4;0,6;4010390090
6373;F021-09;4283230035325;V002-TMT;Zahnriemen 2GT-124-6;;2,16;Y;2;4;0;10;70;51;6;Y;Y;N;0,01;7;5,1;0,6;4010390090
6372;E016-09;4283230993229;V002-TMT;Zahnriemen 2GT-120-6;;1,99;Y;45;29;0;10;70;50;6;Y;Y;N;0,01;7;5;0,6;4010390090
6371;F014-04;4283230027627;V002-TMT;Zahnriemen 2GT-118-6;;2,16;Y;22;0;0;10;57;31;6;Y;Y;N;0,01;5,7;3,1;0,6;4010390090
6370;F022-12;4283230036728;V002-TMT;Zahnriemen 2GT-116-6;;1,99;Y;7;7;0;10;59;42;6;Y;Y;N;0,01;5,9;4,2;0,6;4010390090
6369;A010-03;4283230872029;V002-TMT;Zahnriemen 2GT-114-6;;2,16;Y;15;7;0;10;41;31;6;Y;Y;N;0,01;4,1;3,1;0,6;4010390090
6368;E007-08;4283230984722;V002-TMT;Zahnriemen 2GT-112-6;;2,16;Y;4;4;0;10;29;29;6;Y;Y;N;0,01;2,9;2,9;0,6;4010390090
6367;E002-01;4283230979223;V002-TMT;Zahnriemen 2GT-110-6;;1,99;Y;11;23;0;10;22,7;29;6;Y;Y;N;0,01;2,27;2,9;0,6;4010390090
6366;E009-10;4283230986825;V002-TMT;Zahnriemen 2GT-108-6;;2,32;Y;20;11;0;10;55;48;6;Y;Y;N;0,01;5,5;4,8;0,6;4010390090
6365;E008-01;4283230985224;V002-TMT;Zahnriemen 2GT-106-6;;2,32;Y;7;0;0;10;40;40;6;Y;Y;N;0,01;4;4;0,6;4010390090
6364;A007-05;4283230867520;V002-TMT;Zahnriemen 2GT-104-6;;2,32;Y;11;6;0;10;36;30;6;Y;Y;N;0,01;3,6;3;0,6;4010390090
6363;E014-11;4283230991423;V002-TMT;Zahnriemen 2GT-100-6;;1,99;Y;11;9;0;10;30;30;6;Y;Y;N;0,01;3;3;0,6;4010390090
6362;E004-02;4283230981325;V002-TMT;Zahnriemen 2GT-98-6;;2,66;Y;34;0;0;10;55;40;6;Y;Y;N;0,01;5,5;4;0,6;4010390090
6361;E005-05;4283230982629;V002-TMT;Zahnriemen 2GT-96-6;;1,99;Y;38;24;0;10;69;50;6;Y;Y;N;0,01;6,9;5;0,6;4010390090
6359;0080-1082;4283230268624;;Kreismesser  - 1.4112 - 80Ck - Kerben - 0080-1082  TG80-CK - C02 - K011111;;84,03;N;0;0;0;50;0;0;0;Y;N;N;0,05;0;0;0;8208300000
6353;V308-PRO;4283230837127;;Steckverbinder 2EDG 3.81mm Uyar;;0;N;0;0;0;0;0;0;0;N;N;N;0;0;0;0;
6350;0013-2101;4251840916884;;Kreismesser  - 1.4116 - 100Tz - gezahnt - 0013-2101  TZ100-T - B05 - K011111;;84,03;N;0;0;0;70;0;0;0;Y;N;N;0,07;0;0;0;8208300000
6349;0013-2100;4251840916877;;Kreismesser  - 1.4116 - 100T - glatt - 0013-2100  TG100-T - B05 - K011111;;84,03;N;0;0;0;70;0;0;0;Y;N;N;0,07;0;0;0;8208300000
6348;0080-2101;4283230268822;;Kreismesser  - 1.4112 - 100Tz - gezahnt - 0080-2101  TZ100-T - P07 - K011111;;84,03;N;0;0;0;70;0;0;0;Y;N;N;0,07;0;0;0;8208300000
6347;0080-2100;4283230268723;;Kreismesser  - 1.4112 - 100T - glatt -  0080-2100  TG100-T - P07 - K011111;;84,03;N;0;0;0;70;0;0;0;Y;N;N;0,07;0;0;0;8208300000
6346;0080-2120;4251840920799;;Kreismesser  - 1.4112 - 120T - glatt -  0080-2120  TG120-T - P07 - K011111;;84,03;N;0;0;0;130;0;0;0;Y;N;N;0,13;0;0;0;8208300000
6345;0080-2121;4251840978950;;Kreismesser  - 1.4112 - 120Tz - gezahnt -  0080-2121  TZ120-T - P07 - K011111;;84,03;N;0;0;0;130;0;0;0;Y;N;N;0,13;0;0;0;8208300000
6344;0013-2121;4251840916914;;Kreismesser  - 1.4116 - 120Tz - gezahnt -  0013-2121  TZ120-T - B05 - K011111;;84,03;N;0;0;0;130;0;0;0;Y;N;N;0,13;0;0;0;8208300000
6343;M005-07;4283230997524;;Klauenkupplung D40L50: Ø40, Länge 50, Alu 7075, Elastomerstern;;1,89;Y;277;143;0;10;20;17;20;Y;Y;N;0,01;2;1,7;2;8483608090
6326;G80-100693;4283230176325;;Kreismesser  - 1.4112 - G80 - glatt - UYAR-100693 - F01 - K033333;;84,03;N;0;0;0;50;0;0;0;Y;N;N;0,05;0;0;0;8208300000
6324;PRO-4283230289124;4283230289124;;RGB 3535 8mm breit 24V 60LED/m;;0;N;0;0;0;0;0;0;0;Y;N;N;0;0;0;0;9405423170
6323;PRO-4283230289025;4283230289025;;RGBW 5050 10mm breit 24V 60LED/m;;0;N;0;0;0;0;0;0;0;Y;N;N;0;0;0;0;9405423170
6322;PRO-4283230288929;4283230288929;;Edelstahlblende für Grilleinheit;;0;N;0;0;0;0;0;0;0;Y;N;N;0;0;0;0;7326909890
6321;PRO-4283230288820;4283230288820;;Feder Ring Edelstahl VPE 100 Stk;;32;N;0;0;0;0;0;0;0;Y;N;N;0;0;0;0;7326909890
6320;0080-4080;4251840923226;;Kreismesser  - 1.4112 - 80P - glatt -  0080-4080  TG80-P - P01 - K011111;;84,03;N;0;0;0;50;0;0;0;Y;N;N;0,05;0;0;0;8208300000
6319;4,28323E+12;4283230069320;;Kreismesser  - 1.4112 - 90U - glatt - GT Premium - P02 - GT;;12,5;Y;0;0;0;60;0;0;0;Y;N;N;0,06;0;0;0;8208300000
6318;PRO-4283230288721;4283230288721;;Edelstahl Klebeschild ceylan-shop.de VPE 100 Stk;;39;N;0;0;0;0;0;0;0;Y;N;N;0;0;0;0;7326909890
6317;PRO-4283230288622;4283230288622;;Mutter CEYLAN Devran Schnitttiefenverstellung - K011111;;0,28;N;0;0;0;0;0;0;0;Y;N;N;0;0;0;0;7318156290
6316;0012-0006;4283230068521;;Schleifstein für Kreismesser rosa 120x10x6mm einzeln in Gewebeschutzschlauch;;2;Y;0;2400;0;20;120;10;6;Y;N;N;0,02;12;1;0,6;6804300000
6315;PRO-4283230281524;4283230281524;;Wellenkupplung Alu flexibel DIN912 Schraube D25L30 8 auf 10mm Projekt;;5,87;Y;0;0;0;40;0;0;0;Y;N;N;0,04;0;0;0;8483608090
6314;PRO-4283230288523;4283230288523;V001-PRO;Pizzaschaufel Alu 30cm breit Griff 90cm;;12,9;N;0;0;0;0;0;0;0;Y;N;N;0;0;0;0;7615108090
6312;PRO-4283230288325;4283230288325;V001-PRO;Pizzaschaufel Alu 30cm breit Griff 70cm;;11,7;N;0;0;0;0;0;0;0;Y;N;N;0;0;0;0;7615108090
6311;PRO-4283230288226;4283230288226;V001-PRO;Pizzaschaufel Alu 30cm breit Griff 50cm;;9,7;N;0;0;0;0;0;0;0;Y;N;N;0;0;0;0;7615108090
6309;T002-03;4283230080820;V012-TMT;Trapezgewindespindel T8x2x8-500, 304 Edelstahl V2A;;7,17;Y;30;25;0;150;500;8;8;Y;Y;N;0,16;50;0,8;0,8;7318156290
6308;C002-09;4283230952127;V012-TMT;Trapezgewindespindel T8x2x8-400, 304 Edelstahl V2A;;6,32;Y;15;10;0;120;400;8;8;Y;Y;N;0,13;40;0,8;0,8;7318156290
6307;D014-09;4283230974723;V012-TMT;Trapezgewindespindel T8x2x8-300, 304 Edelstahl V2A;;4,88;Y;9;9;0;90;300;8;8;Y;Y;N;0,1;30;0,8;0,8;7318156290
6306;D012-09;4283230973320;V012-TMT;Trapezgewindespindel T8x2x8-250, 304 Edelstahl V2A;;4,65;Y;104;4;0;80;250;8;8;Y;Y;N;0,08;25;0,8;0,8;7318156290
6305;C001-09;4283230951229;V012-TMT;Trapezgewindespindel T8x2x8-200, 304 Edelstahl V2A;;3,93;Y;9;7;0;60;200;8;8;Y;Y;N;0,07;20;0,8;0,8;7318156290
6304;D010-09;4283230971920;V012-TMT;Trapezgewindespindel T8x2x8-150, 304 Edelstahl V2A;;3,09;Y;22;14;0;50;150;8;8;Y;Y;N;0,05;15;0,8;0,8;7318156290
6303;D013-09;4283230973924;V012-TMT;Trapezgewindespindel T8x2x8-100, 304 Edelstahl V2A;;2,39;Y;26;15;0;30;100;8;8;Y;Y;N;0,03;10;0,8;0,8;7318156290
6297;4,28323E+12;4283230069023;;Kreismesser 80U glatt passend für 80mm CEYLAN, DOST 080, POTIS, Edelstahl rostfrei;"Abverkaufen. Schwarze Verpackung
Sind harte Kreismesser, die lange scharf bleiben. Nachschleifen ist bei neuen Premium Serie verbessert";10;Y;0;0;0;50;0;0;0;N;N;N;0,05;0;0;0;8208300000
6296;0080-1080 in Box;4283230268426;;Kreismesser  - 1.4112 - 80C - glatt -  0080-1080  TG80-C - X01 - K011111;;84,03;N;0;0;0;50;0;0;0;Y;N;N;0,05;0;0;0;8208300000
6295;0080-1081;4251840923158;;Kreismesser  - 1.4112 - 80Cz - gezahnt -  0080-1081  TZ80-C - C02 - K011111;;84,03;N;0;0;0;50;0;0;0;Y;N;N;0,05;0;0;0;8208300000
6294;F004-11;4283230016225;V052-TMT;Rillenkugellager 6003 2RS;;2,2;Y;87;0;0;40;35,5;35,5;10;Y;N;N;0,04;3,55;3,55;1;8482101010
6293;4,28323E+12;4283230070920;;Kreismesser  - 1.4116 - 140T - glatt - GT Classic - B07 - GT;ABVERKAUFEN;19;Y;0;0;0;150;0;0;0;Y;N;N;0,16;0;0;0;8208300000
6292;PRO-4283230281425;4283230281425;;Handrad Schrittmotor 57er 8mm Schwarz Projektartikel;;3,94;Y;0;0;0;0;0;0;0;Y;N;N;0;0;0;0;7318156290
6281;0013-4080;4251840916839;;Kreismesser  - 1.4116 - 80P - glatt - 0013-4080  TG80-P - B01 - K011111;;84,03;N;0;0;0;50;0;0;0;Y;N;N;0,05;0;0;0;8208300000
6280;0013-4081;4251840916846;;Kreismesser  - 1.4116 - 80Pz - gezahnt -  0013-4081  TZ80-P - B01- K011111;;84,03;N;0;0;0;50;0;0;0;Y;N;N;0,05;0;0;0;8208300000
6279;A004-15;4283230863829;V146-TES;Montage Halter Näherungsschalter und Sensoren Ø8mm gerade;;2,01;Y;47;0;0;10;58,5;16;2;Y;N;N;0,01;5,85;1,6;0,2;8487909090
6278;0012-0019;4283230266125;;Feder Edelstahl lang, Ausrollmaschine VPE 100 Stk;;36;N;0;0;0;0;0;0;0;Y;N;N;0;0;0;0;7326909890
6257;0012-1402;4283230266729;;Messerschraube CEYLAN Devran - K011111;;0,53;N;0;0;0;0;0;0;0;Y;N;N;0;0;0;0;7318156290
6256;0012-1401;4283230287724;;Schnittstärkenregler  CEYLAN Devran M4 Schraube - K011111;;0,29;N;0;0;0;0;0;0;0;Y;N;N;0;0;0;0;7318156290
6255;0012-1400;4283230266620;;Rändelmutter CEYLAN Devran M4 Mutter K011111;;0,31;N;0;0;0;0;0;0;0;Y;N;N;0;0;0;0;7318156290
6254;0012-0034;4283230071422;;Diamant-Schärfwerkzeug Handschleifer auf Karton, K011111;;6,18;N;0;0;0;70;0;0;0;Y;N;N;0,08;0;0;0;8203100000
6252;4,28323E+12;4283230069122;;Kreismesser  - 1.4116 - 120Dz - gezahnt - GT Classic - B05 - GT;ABVERKAUF;16;Y;0;0;0;100;0;0;0;Y;N;N;0,11;0;0;0;8208300000
6248;F025-08;4283230039927;V102-TMS;Sicherheitsmutter DIN 985 M8, Menge 10 Stk;;2,78;Y;4;0;0;50;57;40;8;Y;N;N;0,05;5,7;4;0,8;7318156290
6247;F022-09;4283230036520;V102-TMS;Sicherheitsmutter DIN 985 M6, Menge 10 Stk;;1,62;Y;16;0;0;20;45;28;6;Y;N;N;0,02;4,5;2,8;0,6;7318156290
6246;F022-03;4283230036025;V102-TMS;Sicherheitsmutter DIN 985 M5, Menge 10 Stk;;1,53;Y;12;0;0;10;41;54;5;Y;N;N;0,01;4,1;5,4;0,5;7318156290
6245;F016-04;4283230029522;V102-TMS;Sicherheitsmutter DIN 985 M4, Menge 10 Stk;;1,22;Y;1;0;0;10;37;30;7;Y;N;N;0,01;3,7;3;0,7;7318156290
6244;TMS-4283230038920;4283230038920;V102-TMS;Sicherheitsmutter DIN 985 M3, Menge 10 Stk;;1,22;Y;0;0;0;10;46;10,5;5;N;N;N;0,01;4,6;1,05;0,5;7318156290
6242;TMS-4283230991829;4283230991829;V171-TMS;Mutter DIN 934 M8, Menge 10 Stk;;1,62;Y;0;0;0;50;70;50;6,5;N;N;N;0,05;7;5;0,65;7318156290
6241;E004-04;4283230981523;V171-TMS;Mutter DIN 934 M6, Menge 10 Stk;;1,32;Y;13;0;0;20;60;50;5;Y;N;N;0,02;6;5;0,5;7318156290
6240;E006-08;4283230983824;V171-TMS;Mutter DIN 934 M5, Menge 10 Stk;;1,1;Y;15;0;0;10;80;60;4;Y;N;N;0,01;8;6;0,4;7318156290
6239;TMS-4283230988324;4283230988324;V171-TMS;Mutter DIN 934 M4, Menge 10 Stk;;0,93;Y;0;0;0;10;14;48;4;N;N;N;0,01;1,4;4,8;0,4;7318156290
6238;E016-07;4283230993021;V171-TMS;Mutter DIN 934 M3, Menge 10 Stk;;0,83;Y;57;0;0;10;70;50;2,6;Y;N;N;0,01;7;5;0,26;7318156290
6236;F001-04;4283230011428;V087-TMS;Schrauben DIN 912 M5x80, Menge 10 Stk;;4,68;Y;7;0;0;110;100;80;9;Y;N;N;0,12;10;8;0,9;7318156290
6235;F004-08;4283230015822;V087-TMS;Schrauben DIN 912 M5x70, Menge 10 Stk;;4,57;Y;7;0;0;10;75;8;8;Y;N;N;0,01;7,5;0,8;0,8;7318156290
6234;F002-02;4283230012524;V087-TMS;Schrauben DIN 912 M5x60, Menge 10 Stk;;4,28;Y;11;0;0;90;90;60;9;Y;N;N;0,09;9;6;0,9;7318156290
6233;F007-01;4283230018724;V087-TMS;Schrauben DIN 912 M5x50, Menge 10 Stk;;3,13;Y;4;0;0;80;90;60;9;Y;N;N;0,08;9;6;0,9;7318156290
6232;F011-07;4283230023827;V087-TMS;Schrauben DIN 912 M5x40, Menge 10 Stk;;3,55;Y;2;0;0;70;50;45;9;Y;N;N;0,07;5;4,5;0,9;7318156290
6231;F016-09;4283230030023;V087-TMS;Schrauben DIN 912 M5x30, Menge 10 Stk;;2,99;Y;12;0;0;50;70;40;10;Y;N;N;0,06;7;4;1;7318156290
6230;F020-10;4283230034328;V087-TMS;Schrauben DIN 912 M5x25, Menge 10 Stk;;2,84;Y;18;0;0;50;88;58;7,5;Y;N;N;0,05;8,8;5,8;0,75;7318156290
6229;F007-11;4283230019721;V087-TMS;Schrauben DIN 912 M5x20, Menge 10 Stk;;1,91;Y;22;0;0;40;41;28;9;Y;N;N;0,04;4,1;2,8;0,9;7318156290
6228;F015-11;4283230029324;V087-TMS;Schrauben DIN 912 M5x16, Menge 10 Stk;;1,81;Y;15;0;0;40;93;60;8,5;Y;N;Y;0,04;9,3;6;0,85;7318156290
6227;F001-11;4283230012227;V087-TMS;Schrauben DIN 912 M5x12, Menge 10 Stk;;1,65;Y;15;0;0;30;80;60;9;Y;N;N;0,03;8;6;0,9;7318156290
6226;F013-06;4283230026323;V087-TMS;Schrauben DIN 912 M4x70, Menge 10 Stk;;3,51;Y;13;0;0;60;79;55;7,5;Y;N;N;0,07;7,9;5,5;0,75;7318156290
6225;F001-02;4283230011121;V087-TMS;Schrauben DIN 912 M4x60, Menge 10 Stk;;2,95;Y;12;0;0;50;80;60;7;Y;N;N;0,06;8;6;0,7;7318156290
6224;F003-07;4283230014429;V087-TMS;Schrauben DIN 912 M4x50, Menge 10 Stk;;2,59;Y;1;0;0;50;90;60;7;Y;N;N;0,05;9;6;0,7;7318156290
6223;F006-08;4283230018328;V087-TMS;Schrauben DIN 912 M4x30, Menge 10 Stk;;2,07;Y;11;0;0;30;46;65;5;Y;N;N;0,03;4,6;6,5;0,5;7318156290
6222;TMS-4283230024121;4283230024121;V087-TMS;Schrauben DIN 912 M4x25, Menge 10 Stk;;1,65;Y;0;0;0;30;76;49;4;Y;N;N;0,03;7,6;4,9;0,4;7318156290
6221;F015-06;4283230028921;V087-TMS;Schrauben DIN 912 M4x20, Menge 10 Stk;;1,55;Y;1;0;0;20;38;29;4;Y;N;N;0,03;3,8;2,9;0,4;7318156290
6220;F010-11;4283230023025;V087-TMS;Schrauben DIN 912 M4x16, Menge 10 Stk;;1,62;Y;7;0;0;20;90;60;4;Y;N;N;0,02;9;6;0,4;7318156290
6219;F018-04;4283230031822;V087-TMS;Schrauben DIN 912 M4x12, Menge 10 Stk;;1,51;Y;11;0;0;20;40;47;6,6;Y;N;N;0,02;4;4,7;0,66;7318156290
6218;F015-01;4283230028327;V087-TMS;Schrauben DIN 912 M3x50, Menge 10 Stk;;2,45;Y;10;0;0;30;73;52;11;Y;N;N;0,03;7,3;5,2;1,1;7318156290
6217;F023-01;4283230036827;V087-TMS;Schrauben DIN 912 M3x40, Menge 10 Stk;;1,91;Y;3;0;0;20;46,5;29;4,6;Y;N;N;0,02;4,65;2,9;0,46;7318156290
6216;F023-08;4283230037626;V087-TMS;Schrauben DIN 912 M3x30, Menge 10 Stk;;1,91;Y;4;0;0;20;40;24;5,5;Y;N;N;0,02;4;2,4;0,55;7318156290
6215;F002-07;4283230013224;V087-TMS;Schrauben DIN 912 M3x25, Menge 10 Stk;;1,7;Y;12;0;0;10;60;40;6;Y;N;N;0,01;6;4;0,6;7318156290
6214;F007-09;4283230019523;V087-TMS;Schrauben DIN 912 M3x20, Menge 10 Stk;;1,52;Y;0;0;0;10;80,5;65,5;5;Y;N;N;0,01;8,05;6,55;0,5;7318156290
6213;F009-10;4283230021625;V087-TMS;Schrauben DIN 912 M3x16, Menge 10 Stk;;1,54;Y;18;0;0;10;60;50;7;Y;N;N;0,01;6;5;0,7;7318156290
6212;F015-09;4283230029225;V087-TMS;Schrauben DIN 912 M3x10, Menge 10 Stk;;1,23;Y;0;0;0;10;64;49;8;Y;N;Y;0,01;6,4;4,9;0,8;7318156290
6211;F018-10;4283230032423;V087-TMS;Schrauben DIN 912 M3x6, Menge 10 Stk;;1,16;Y;1;0;0;10;59;46,6;5,5;Y;N;N;0,01;5,9;4,66;0,55;7318156290
6209;F020-11;4283230034427;V021-TEW;Steckverbinder GX16 Set 2: Kabelmontage Pins M + Kabelmontage Loch F, 10-polig;;4,74;Y;2;0;0;30;72,5;18;18;Y;N;N;0,04;7,25;1,8;1,8;8536901000
6208;E024-11;4283230000828;V021-TEW;Steckverbinder GX16 Set 2: Kabelmontage Pins M + Kabelmontage Loch F, 9-polig;;4,3;Y;14;0;0;30;70;18;18;Y;N;N;0,03;7;1,8;1,8;8536901000
6207;F024-10;4283230039026;V021-TEW;Steckverbinder GX16 Set 2: Kabelmontage Pins M + Kabelmontage Loch F, 8-polig;;4,25;Y;4;0;0;30;75;23;23;Y;N;N;0,03;7,5;2,3;2,3;8536901000
6206;F023-02;4283230036926;V021-TEW;Steckverbinder GX16 Set 2: Kabelmontage Pins M + Kabelmontage Loch F, 7-polig;;4,28;Y;15;0;0;30;70;19;196;Y;N;N;0,03;7;1,9;19,6;8536901000
6205;E022-08;4283230998323;V021-TEW;Steckverbinder GX16 Set 2: Kabelmontage Pins M + Kabelmontage Loch F, 6-polig;;3,87;Y;6;0;0;30;70;17,5;17,5;Y;N;N;0,03;7;1,75;1,75;8536901000
6204;TEW-4283230033727;4283230033727;V021-TEW;Steckverbinder GX16 Set 2: Kabelmontage Pins M + Kabelmontage Loch F, 5-polig;;3,79;Y;0;0;0;30;70,5;17;17;N;N;N;0,03;7,05;1,7;1,7;8536901000
6203;TEW-4283230029829;4283230029829;V021-TEW;Steckverbinder GX16 Set 2: Kabelmontage Pins M + Kabelmontage Loch F, 3-polig;;3,78;Y;0;0;0;30;69,8;17,4;17,4;N;N;N;0,03;6,98;1,74;1,74;8536901000
6202;TEW-4283230021526;4283230021526;V021-TEW;Steckverbinder GX16 Set 2: Kabelmontage Pins M + Kabelmontage Loch F, 2-polig;;3,69;Y;0;0;0;30;70;18;18;N;N;N;0,03;7;1,8;1,8;8536901000
6134;E019-06;4283230995520;;Klauenkupplung D40L50: Ø40, Länge 50, Alu 7075, Ø22mm Kupplungshälfte;;6,68;Y;12;10;0;10;40;40;15;Y;Y;N;0,01;4;4;1,5;8483608090
6133;H007-08;4283230989024;;Klauenkupplung D40L50: Ø40, Länge 50, Alu 7075, Ø20mm Kupplungshälfte;;6,75;Y;63;46;0;50;40;31;40;Y;Y;N;0,05;4;3,1;4;8483608090
6132;H009-10;4283230992826;;Klauenkupplung D40L50: Ø40, Länge 50, Alu 7075, Ø19mm Kupplungshälfte;;6,77;Y;51;37;0;50;40;31;40;Y;Y;N;0,06;4;3,1;4;8483608090
6131;E022-10;4283230998521;;Klauenkupplung D40L50: Ø40, Länge 50, Alu 7075, Ø16mm Kupplungshälfte;;6,77;Y;29;22;0;60;40;31;40;Y;Y;N;0,06;4;3,1;4;8483608090
6130;E010-07;4283230987327;;Klauenkupplung D40L50: Ø40, Länge 50, Alu 7075, Ø15mm Kupplungshälfte;;6,77;Y;27;21;0;60;40;31;40;Y;Y;N;0,06;4;3,1;4;8483608090
6129;H016-04;4283230985828;;Klauenkupplung D40L50: Ø40, Länge 50, Alu 7075, Ø14mm Kupplungshälfte;;6,77;Y;50;46;0;60;40;31;40;Y;Y;N;0,06;4;3,1;4;8483608090
6128;H009-03;4283230989529;;Klauenkupplung D40L50: Ø40, Länge 50, Alu 7075, Ø12mm Kupplungshälfte;;6,77;Y;48;38;0;60;40;31;40;Y;Y;N;0,06;4;3,1;4;8483608090
6127;E007-11;4283230985026;;Klauenkupplung D40L50: Ø40, Länge 50, Alu 7075, Ø10mm Kupplungshälfte;;6,79;Y;59;47;0;60;40;31;40;Y;Y;N;0,07;4;3,1;4;8483608090
6125;E019-11;4283230995827;;Klauenkupplung D40L50: Ø40, Länge 50, Alu 7075, Ø8mm Kupplungshälfte;;6,79;Y;26;18;0;70;40;31;40;Y;Y;N;0,07;4;3,1;4;8483608090
6116;TEW-4283230993120;4283230993120;V021-TEW;Steckverbinder GX20 Set 1: Tafelmontage Pins M + Kabelmontage Loch F, 12-polig;;5,84;Y;0;0;0;40;57;22;22;N;N;N;0,04;5,7;2,2;2,2;8536901000
6115;TEW-4283230988225;4283230988225;V021-TEW;Steckverbinder GX20 Set 1: Tafelmontage Pins M + Kabelmontage Loch F, 10-polig;;5,29;Y;0;0;0;40;57;22;22;N;N;N;0,04;5,7;2,2;2,2;8536901000
6114;E006-09;4283230983923;V021-TEW;Steckverbinder GX20 Set 1: Tafelmontage Pins M + Kabelmontage Loch F, 9-polig;;5,13;Y;2;0;0;40;57,5;22;22;Y;N;N;0,04;5,75;2,2;2,2;8536901000
6113;E001-01;4283230978424;V021-TEW;Steckverbinder GX20 Set 1: Tafelmontage Pins M + Kabelmontage Loch F, 8-polig;;4,97;Y;14;0;0;40;57;21,5;21,5;Y;N;N;0,04;5,7;2,15;2,15;8536901000
6112;TEW-4283230982421;4283230982421;V021-TEW;Steckverbinder GX20 Set 1: Tafelmontage Pins M + Kabelmontage Loch F, 7-polig;;4,81;Y;0;0;0;40;57;22;22;N;N;N;0,04;5,7;2,2;2,2;8536901000
6111;E015-08;4283230992222;V021-TEW;Steckverbinder GX20 Set 1: Tafelmontage Pins M + Kabelmontage Loch F, 6-polig;;4,61;Y;6;0;0;40;56,5;20;20;Y;N;N;0,04;5,65;2;2;8536901000
6110;TEW-4283230995926;4283230995926;V021-TEW;Steckverbinder GX20 Set 1: Tafelmontage Pins M + Kabelmontage Loch F, 5-polig;;4,74;Y;0;0;0;40;57;22;22;N;N;N;0,04;5,7;2,2;2,2;8536901000
6109;TEW-4283230990723;4283230990723;V021-TEW;Steckverbinder GX20 Set 1: Tafelmontage Pins M + Kabelmontage Loch F, 4-polig;;4,57;Y;0;0;0;40;56;22;22;N;N;N;0,04;5,6;2,2;2,2;8536901000
6108;TEW-4283230986528;4283230986528;V021-TEW;Steckverbinder GX20 Set 1: Tafelmontage Pins M + Kabelmontage Loch F, 3-polig;;4,4;Y;0;0;0;30;56,7;21,5;21,5;N;N;N;0,04;5,67;2,15;2,15;8536901000
6107;E005-08;4283230982926;V021-TEW;Steckverbinder GX20 Set 1: Tafelmontage Pins M + Kabelmontage Loch F, 2-polig;;4,23;Y;2;0;0;30;56,5;22;22;Y;N;N;0,04;5,65;2,2;2,2;8536901000
6105;A017-15;4283230884121;V032-TMT;Umlenkrolle glatt Ø12.0-B4-6;;3,49;Y;8;7;0;10;23;23;14;Y;Y;N;0,01;2,3;2,3;1,4;8483508090
6104;B002-05;4283230909022;V032-TMT;Umlenkrolle 2GT-20-Ø12.0-B5-6 schwarz;;3,93;Y;1;0;0;10;23;23;14;Y;Y;N;0,01;2,3;2,3;1,4;8483508090
6103;TMT-4283230277022;4283230277022;V032-TMT;Umlenkrolle 2GT-20-Ø12.0-B3-6 schwarz;;3,68;Y;0;0;0;10;18;18;13;Y;Y;N;0,01;1,8;1,8;1,3;8483508090
6098;T001-04;4283230292025;V044-TMT;Zahnriemen offen GT2-6-PU-white, Meterware;;2,99;Y;38;22;0;10;73;73;6;Y;Y;N;0,01;7,3;7,3;0,6;4010390090
6097;A019-13;4283230887023;V002-TMT;Zahnriemen 2GT-1310-6;;6,93;Y;19;5;0;10;53;45;6;Y;Y;N;0,01;5,3;4,5;0,6;4010390090
6096;A017-08;4283230883421;V002-TMT;Zahnriemen 2GT-1100-6;;6,28;Y;3;0;0;10;50;42;6;Y;Y;N;0,01;5;4,2;0,6;4010390090
6095;A018-02;4283230884428;V065-TEW;Steckverbinder DC Lötkontakte Einbaubuchse DC-021 5.5x2.1;;0,86;Y;52;0;0;0;21;10;10;Y;N;N;0;2,1;1;1;8536901000
6094;A017-06;4283230883223;V065-TEW;Steckverbinder DC Lötkontakte Einbaubuchse DC-022 5.5x2.1;;0,42;Y;25;0;0;0;18;14;14;Y;N;N;0;1,8;1,4;1,4;8536901000
6093;E012-06;4283230882820;V065-TEW;Steckverbinder DC Lötkontakte Buchse 5.5x2.1;;0,86;Y;83;0;0;0;40;10;10;Y;N;N;0;4;1;1;8536901000
6092;TEW-4283230887122;4283230887122;V065-TEW;Steckverbinder DC Lötkontakte Stecker 5.5x2.1;;0,42;Y;0;0;0;0;45;9;9;N;N;N;0;4,5;0,9;0,9;8536901000
6090;TEW-4283230883124;4283230883124;V204-TEW;DC Kabel 5.5x2.1 Adapter SET, Menge 8 Stk;;4,3;Y;0;0;0;40;100;44;12;N;N;N;0,04;10;4,4;1,2;8536901000
6089;G006-03;4283230044525;V031-TMT;Motorhalterung L-Montage für 42er Schrittmotor NEMA 17, Stahl Guss;;12,01;Y;0;0;0;120;100;90;45;Y;Y;N;0,12;10;9;4,5;8466102000
6088;G002-02;4283230041920;V031-TMT;Motorhalterung L-Montage für 57er Schrittmotor NEMA 23, Stahl Guss;;11,96;Y;15;13;0;120;101;68;50;Y;Y;N;0,12;10,1;6,8;5;8466102000
6087;D004-01;4283230966421;V031-TMT;Motorhalterung L-Montage für 86er Schrittmotor NEMA 34, Stahl Guss;check inner diameter =73,3mm;22,61;Y;4;6;0;230;130;135;65;Y;Y;N;0,24;13;13,5;6,5;8466102000
6086;TMT-4283230031525;4283230031525;V155-TMT;Wellenhalter Kunststoff orthogonal Ø12xØ12mm;;2,23;Y;0;0;0;30;55;55;21;N;N;N;0,03;5,5;5,5;2,1;8466102000
6085;H022-09;4283230037220;V155-TMT;Wellenhalter Kunststoff Ø12mm;;2,23;Y;16;0;0;30;56;38;30;Y;N;N;0,03;5,6;3,8;3;8466102000
6083;D007-05;4283230969323;V073-TMT;Schrittmotor 57er Doppelwelle 23HS5628S-D 57BYGH56;;29,2;Y;7;4;0;700;96;57;67;Y;Y;N;0,74;9,6;5,7;6,7;8501109958
6082;A017-13;4283230883926;V083-TMT;Schwingungsdämpfer Schrittmotor 42er NEMA 6mm Ø10mm;;3,44;Y;9;0;0;30;41;41;7;Y;N;N;0,03;4,1;4,1;0,7;8487909090
6075;A016-02;4283230881328;V093-TMT;Rillenkugellager 629ZZ - 9x26x8mm;;0,78;Y;22;0;0;20;26;26;8;Y;N;N;0,02;2,6;2,6;0,8;8482101010
6074;A019-06;4283230886323;V093-TMT;Rillenkugellager 607ZZ - 7x19x6mm;;0,76;Y;22;0;0;10;19;19;6;Y;N;N;0,01;1,9;1,9;0,6;8482101010
6073;A017-07;4283230883322;V093-TMT;Rillenkugellager 685ZZ - 5x11x5mm;;0,76;Y;14;0;0;10;11;11;5;Y;N;N;0,01;1,1;1,1;0,5;8482101010
6072;G008-07;4283230046024;V152-TES;Mikroschalter RAMPS 1.4 Schwarz;;3,56;Y;51;0;0;10;110;60;15;Y;N;N;0,01;11;6;1,5;8536500700
6071;A019-07;4283230886422;V158-TMS;Kreuzschlüssel M2 M2.5 M3 M4;;1,5;Y;11;0;0;10;47,5;25;10;Y;N;N;0,01;4,75;2,5;1;7318156290
6059;G011-03;4283230047823;V158-TMS;Mutter M3 quadratisch 5.4x5.4mm Edelstahl V2A, VPE Menge 2000 Stk;;9,49;Y;0;0;0;1480;240;130;15;Y;N;Y;1,55;24;13;1,5;7318156290
6057;G006-02;4283230044426;V158-TMS;Schrauben Senkkopf Edelstahl M3x6, VPE Menge 1000 Stk;;9,99;Y;1;0;0;5760;235;220;80;Y;N;Y;6,04;23,5;22;8;7318156290
6056;TMS-4283230886729;4283230886729;V158-TMS;Isolierungsring Dichtungsring 3mm, VPE Menge 100 Stk;;1,42;Y;0;0;0;0;65;47;3;N;N;Y;0;6,5;4,7;0,3;7318156290
6055;A016-11;4283230882226;V158-TMS;Mutter M3, VPE Menge 100 Stk;;1,34;Y;2;0;0;40;104;80;3;Y;N;Y;0,04;10,4;8;0,3;7318156290
6054;A018-08;4283230885029;V158-TMS;Mutter M2.5, VPE Menge 50 Stk;;1,42;Y;1;0;0;10;50;36;7;Y;N;Y;0,01;5;3,6;0,7;7318156290
6053;A016-09;4283230882028;V158-TMS;Mutter M2, VPE Menge 100 Stk;;1,42;Y;9;0;0;10;48;37;2;Y;N;Y;0,01;4,8;3,7;0,2;7318156290
6052;A019-11;4283230886828;V158-TMS;Schrauben Linsenkopf M3x20;;0,16;Y;7;0;0;0;22;5;5;Y;N;N;0;2,2;0,5;0,5;7318156290
6051;A019-12;4283230886927;;Schrauben Senkkopf M3*20, VPE Menge 50 Stk;;3,1;Y;0;1;0;40;60;40;7;Y;N;Y;0,05;6;4;0,7;7318156290
6050;TMS-4283230882424;4283230882424;V158-TMS;Schrauben Senkkopf M3x10, VPE Menge 100 Stk;;2,51;Y;0;0;0;50;52;42;6;N;N;Y;0,05;5,2;4,2;0,6;7318156290
6049;A018-03;4283230884527;V158-TMS;Schrauben Senkkopf M3x6, VPE Menge 50 Stk;;1,42;Y;0;0;0;20;80;60;7;Y;N;Y;0,02;8;6;0,7;7318156290
6048;A019-09;4283230886620;V158-TMS;Schrauben Linsenkopf spitz 2,3x9 Schwarz, VPE Menge 50 Stk;;1,42;Y;2;0;0;10;50;36;4;Y;N;Y;0,01;5;3,6;0,4;7318156290
6047;TMS-4283230886224;4283230886224;V158-TMS;Schrauben Senkkopf M2x10, VPE Menge 50 Stk;;2,51;Y;0;0;0;10;50;36;4;N;N;Y;0,01;5;3,6;0,4;7318156290
6045;A018-15;4283230885623;V176-TTI;Gewindeschneider schwarz spiral M16x2;;18,04;Y;8;0;0;90;103;18;19;Y;N;N;0,1;10,3;1,8;1,9;8487909090
6044;A016-15;4283230882622;V042-TTI;Spannzange ER16 Ø3.0mm;;3,52;Y;7;0;0;30;31;22;22;Y;N;N;0,03;3,1;2,2;2,2;8466102000
6043;GTR-4283230287526;4283230287526;;Gewebeschutzschlauch für ROSA Schleifsteine 13,5 cm;;0,05;N;0;0;0;0;140;0;0;Y;N;N;0;14;0;0;6804300000
6034;0012-0108;4283230071521;V005-GTR;Fleischspieß 108cm;;16;Y;0;0;0;1150;1080;13;13;Y;N;N;1,16;108;1,3;1,3;8487909090
6014;TMS-4283230050021;4283230050021;V059-TMS;Abstandsbolzen Abstandshalter M2 Set, Menge 270 Stk;;10,61;Y;0;0;0;100;130;65;22;N;N;N;0,11;13;6,5;2,2;8466102000
6013;G012-07;4283230049025;V059-TMS;Abstandsbolzen Abstandshalter M3 Set;;5,85;Y;4;0;0;90;85;50;15;Y;N;N;0,09;8,5;5;1,5;8466102000
6012;A019-15;4283230887221;V059-TMS;Abstandsbolzen Abstandshalter M3x50+6mm männlich;;1,2;Y;30;0;0;10;56;5;5;Y;N;N;0,01;5,6;0,5;0,5;8466102000
6011;A016-05;4283230881625;V059-TMS;Abstandsbolzen Abstandshalter M3x40+6mm männlich;;1,02;Y;20;0;0;0;46;5;5;Y;N;N;0;4,6;0,5;0,5;8466102000
6010;A019-08;4283230886521;V059-TMS;Abstandsbolzen Abstandshalter M3x35+6mm männlich;;0,95;Y;28;0;0;0;41;5;5;Y;N;N;0;4,1;0,5;0,5;8466102000
6009;A018-05;4283230884725;V059-TMS;Abstandsbolzen Abstandshalter M3x30+6mm männlich;;0,89;Y;80;0;0;0;36;5;5;Y;N;N;0;3,6;0,5;0,5;8466102000
6008;A018-07;4283230884923;V059-TMS;Abstandsbolzen Abstandshalter M3x25+6mm männlich;;0,89;Y;42;0;0;0;31;5;5;Y;N;N;0;3,1;0,5;0,5;8466102000
6007;A016-12;4283230882325;V059-TMS;Abstandsbolzen Abstandshalter M3x20+6mm männlich;;0,78;Y;88;0;0;0;26;5;5;Y;N;N;0;2,6;0,5;0,5;8466102000
6006;A016-07;4283230881823;V059-TMS;Abstandsbolzen Abstandshalter M3x15+6mm männlich;;0,74;Y;81;0;0;0;21;5;5;Y;N;N;0;2,1;0,5;0,5;8466102000
6005;A016-01;4283230881229;V059-TMS;Abstandsbolzen Abstandshalter M3x10+6mm männlich;;0,69;Y;59;0;0;0;16;5;5;Y;N;N;0;1,6;0,5;0,5;8466102000
6004;A018-14;4283230885524;V059-TMS;Abstandsbolzen Abstandshalter M3x6+6mm männlich;;0,57;Y;86;0;0;0;12;0,5;0,5;Y;N;N;0;1,2;0,05;0,05;8466102000
6003;A016-04;4283230881526;V059-TMS;Abstandsbolzen Abstandshalter M3x40mm weiblich;;0,95;Y;56;0;0;0;40;5;5;Y;N;N;0;4;0,5;0,5;8466102000
6002;A017-10;4283230883629;V059-TMS;Abstandsbolzen Abstandshalter M3x30mm weiblich;;0,84;Y;69;0;0;0;30;5;5;Y;N;N;0;3;0,5;0,5;8466102000
6001;A017-02;4283230882929;V059-TMS;Abstandsbolzen Abstandshalter M3x25mm weiblich;;0,78;Y;107;0;0;0;25;5;5;Y;N;N;0;2,5;0,5;0,5;8466102000
6000;A016-03;4283230881427;V059-TMS;Abstandsbolzen Abstandshalter M3x20mm weiblich;;0,74;Y;44;0;0;0;20;5;5;Y;N;N;0;2;0,5;0,5;8466102000
5999;A018-09;4283230885128;V059-TMS;Abstandsbolzen Abstandshalter M3x15mm weiblich;;0,69;Y;58;0;0;0;15;5;5;Y;N;N;0;1,5;0,5;0,5;8466102000
5998;A016-10;4283230882127;V059-TMS;Abstandsbolzen Abstandshalter M3x10mm weiblich;;0,57;Y;95;0;0;0;10;5;5;Y;N;N;0;1;0,5;0,5;8466102000
5997;A018-13;4283230885425;V059-TMS;Abstandsbolzen Abstandshalter M3x6mm weiblich;;0,57;Y;84;0;0;0;0,6;0,5;0,5;Y;N;N;0;0,06;0,05;0,05;8466102000
5995;TTI-4283230041425;4283230041425;V151-TTI;Schieblehre Messschieber Analog +/-0.01 0-150mm;;54,29;Y;0;0;0;370;270;109;35,5;N;N;N;0,39;27;10,9;3,55;8538909189
5994;TTI-4283230045829;4283230045829;V151-TTI;Schieblehre Messschieber Edelstahl 3V +/-0.1 0-150mm;;21,98;Y;0;0;0;350;260;100;32;N;N;N;0,36;26;10;3,2;8538909189
5993;TTI-4283230045423;4283230045423;V151-TTI;Schieblehre Messschieber Edelstahl mit Kunststoff +/-0.1 0-150mm;;21,05;Y;0;0;0;280;250;90;21;N;N;N;0,29;25;9;2,1;8538909189
5992;TTI-4283230042323;4283230042323;V151-TTI;Schieblehre Messschieber Kunststoff +/-0.1 0-150mm;;10,07;Y;0;0;0;100;260;90;19;N;N;N;0,11;26;9;1,9;8538909189
5991;TTI-4283230045928;4283230045928;V151-TTI;Schieblehre Messschieber Kunststoff +/-0.1 0-100mm;;9,36;Y;0;0;0;50;225;80;18;N;N;N;0,05;22,5;8;1,8;8538909189
5981;A016-14;4283230882523;V063-TMS;Madenschrauben M6x8, Menge 10 Stk;;1,18;Y;46;0;0;10;47;35;6;Y;N;N;0,01;4,7;3,5;0,6;8483902090
5980;A018-06;4283230884824;V063-TMS;Madenschrauben M5x16, Menge 10 Stk;;1,42;Y;47;0;0;20;50;36;5;Y;N;N;0,02;5;3,6;0,5;8483902090
5979;A016-08;4283230881922;V063-TMS;Madenschrauben M5x12, Menge 10 Stk;;1,23;Y;19;0;0;10;54;50;5;Y;N;N;0,01;5,4;5;0,5;8483902090
5978;A017-12;4283230883827;V063-TMS;Madenschrauben M5x8, Menge 10 Stk;;1,12;Y;21;0;0;10;56;38;5;Y;N;N;0,01;5,6;3,8;0,5;8483902090
5977;A018-04;4283230884626;V063-TMS;Madenschrauben M5x6, Menge 10 Stk;;0,93;Y;77;0;0;10;50;40;5;Y;N;N;0,01;5;4;0,5;8483902090
5976;A016-06;4283230881724;V063-TMS;Madenschrauben M4x6, Menge 10 Stk;;0,99;Y;37;0;0;10;54;37;4;Y;N;N;0,01;5,4;3,7;0,4;8483902090
5975;A018-10;4283230885227;V063-TMS;Madenschrauben M4x5, Menge 10 Stk;;0,82;Y;18;0;0;10;50;36;5;Y;N;N;0,01;5;3,6;0,5;8483902090
5974;E001-08;4283230882721;V063-TMS;Madenschrauben M4x4, Menge 10 Stk;;0,82;Y;11;0;0;10;47;35;4;Y;N;N;0,01;4,7;3,5;0,4;8483902090
5970;B039-02;4283230947222;V021-TEW;Steckverbinder GX16 Schutzkappe;;0,92;Y;20;0;0;10;65;27;14;Y;N;N;0,01;6,5;2,7;1,4;8536901000
5969;B039-05;4283230947529;V021-TEW;Steckverbinder GX12 Schutzkappe;;0,85;Y;56;0;0;10;61;23;13,5;Y;N;N;0,01;6,1;2,3;1,35;8536901000
5967;TEW-4283230032027;4283230032027;V021-TEW;Steckverbinder GX16 Set 2: Kabelmontage Pins M + Kabelmontage Loch F, 4-polig;;3,92;Y;0;0;0;30;71;18;18;N;N;N;0,03;7,1;1,8;1,8;8536901000
5966;A039-05;4283230906922;V021-TEW;Steckverbinder GX12 Set 1:  Tafelmontage Pins M + Kabelmontage Loch F, 6-polig;;2,76;Y;6;0;0;20;46;15;15;Y;N;N;0,02;4,6;1,5;1,5;8536901000
5965;B039-04;4283230947420;V021-TEW;Steckverbinder GX12 Set 1:  Tafelmontage Pins M + Kabelmontage Loch F, 5-polig;;2,62;Y;2;0;0;20;47;15;15;Y;N;N;0,02;4,7;1,5;1,5;8536901000
5964;A039-03;4283230906724;V021-TEW;Steckverbinder GX12 Set 1:  Tafelmontage Pins M + Kabelmontage Loch F, 4-polig;;2,52;Y;3;0;0;20;47;15;15;Y;N;N;0,02;4,7;1,5;1,5;8536901000
5963;TEW-4283230946126;4283230946126;V021-TEW;Steckverbinder GX12 Set 1:  Tafelmontage Pins M + Kabelmontage Loch F, 3-polig;;2,42;Y;0;0;0;10;46;15;15;N;N;N;0,02;4,6;1,5;1,5;8536901000
5962;TEW-4283230018229;4283230018229;V021-TEW;Steckverbinder GX12 Set 1: Tafelmontage Pins M + Kabelmontage Loch F, 2-polig;;2,28;Y;0;0;0;20;46;15;15;N;N;N;0,02;4,6;1,5;1,5;8536901000
5953;TEW-4283230050724;4283230050724;V204-TEW;Kabel DC5.5x2.1mm Länge 1.1m offenes Ende;;2,75;Y;0;0;0;50;120;90;16;N;N;N;0,05;12;9;1,6;8536901000
5945;F008-07;4283230020321;V215-TMT;Schrittmotorkabel 3Pin 70cm;;0,86;Y;24;0;0;10;88;15;4;Y;N;N;0,01;8,8;1,5;0,4;8487909090
5944;TMT-4283230017024;4283230017024;V215-TMT;Schrittmotorkabel 6 Pol Stecker offenes Ende 1m;;1,11;Y;0;0;0;10;34;34;12;N;N;N;0,01;3,4;3,4;1,2;8487909090
5934;G013-01;4283230049322;V116-TEW;Kabelhalter HC-4, schwarz, [HC-2], VPE Menge 100 Stk;;6,97;Y;1;0;0;160;200;170;30;Y;N;Y;0,17;20;17;3;8487909090
5933;G014-02;4283230032126;V116-TEW;Kabelhalter HC-4, weiß, [HC-2 ], VPE Menge 100 Stk;;6,97;Y;3;0;0;130;150;100;30;Y;N;Y;0,13;15;10;3;8487909090
5932;A039-06;4283230907028;V116-TEW;Kabelhalter HC-3, schwarz, [HC-1S], VPE Menge 100 Stk;;4,47;Y;1;0;0;20;114;100;19;Y;N;Y;0,02;11,4;10;1,9;8487909090
5931;A039-04;4283230906823;V116-TEW;Kabelhalter HC-3, weiß, [HC-1S], VPE Menge 100 Stk;;4,47;Y;3;0;0;20;100;100;12;Y;N;Y;0,03;10;10;1,2;8487909090
5930;TEW-4283230907226;4283230907226;V116-TEW;Kabelhalter HC-2, schwarz, [HC-1], VPE Menge 100 Stk;;4,47;Y;0;0;0;50;100;100;20;N;N;Y;0,05;10;10;2;8487909090
5929;A039-01;4283230906526;V116-TEW;Kabelhalter HC-2, weiß, [HC-1], VPE Menge 100 Stk;;4,47;Y;0;0;0;50;100;100;20;Y;N;Y;0,05;10;10;2;8487909090
5928;TEW-4283230946027;4283230946027;V116-TEW;Kabelhalter HC-1, schwarz, [HC-0(S)], VPE Menge 100 Stk;;3,7;Y;0;0;0;40;114;83;17;N;N;Y;0,04;11,4;8,3;1,7;8487909090
5927;B038-04;4283230946225;V116-TEW;Kabelhalter HC-1, weiß, [HC-0(S)], VPE Menge 100 Stk;;3,7;Y;2;0;0;40;107;98;13;Y;N;Y;0,04;10,7;9,8;1,3;8487909090
5922;G010-07;4283230047526;V116-TEW;Kabelhalter CL-3 schwarz, VPE Menge 100 Stk;;23,53;Y;0;0;0;270;250;220;70;Y;N;Y;0,28;25;22;7;8487909090
5921;F014-03;4283230027429;V116-TEW;Kabelhalter CL-2 schwarz, VPE Menge 100 Stk;;14,13;Y;0;0;0;120;180;150;70;Y;N;Y;0,13;18;15;7;8487909090
5920;F020-05;4283230033826;V116-TEW;Kabelhalter CL-1 schwarz, VPE Menge 100 Stk;;13,18;Y;0;0;0;70;200;160;51,5;Y;N;Y;0,07;20;16;5,15;8487909090
5918;0012-0004;4283230287328;;Sonderanfertigung Schleifstein Abziehstein Kombi 200*50*25mm Grün-Schwarz 600#/120# Körnung;;9,9;N;0;0;0;500;200;50;25;Y;N;N;0,5;20;5;2,5;6804300000
5917;GTR-4283230287229;4283230287229;;Sonderanfertigung Schleifstein Abziehstein Kombi 200*50*25mm Grün-Schwarz 600#/120# Körnung, einzelverpackt;;3,8;N;0;0;0;500;200;5;2,5;Y;N;N;0,6;20;0,5;0,25;6804300000
5916;0012-0021;4283230287120;;Schleifstein für Kreismesser rosa 120x10x6mm 2 Stk in Einzelverpackung;;3,5;N;0;0;0;40;176;81;7;Y;N;N;0,04;17,6;8,1;0,7;6804300000
5914;TMT-4283230972422;4283230972422;V092-TMT;Linearführung MGN HIWIN Linearschiene MGNR9C 400mm;;49,91;Y;0;0;0;150;400;9;7;Y;Y;N;0,16;40;0,9;0,7;8487909090
5913;TMT-4283230947727;4283230947727;V092-TMT;Linearführung MGN HIWIN Linearblock MGN9H;;30,08;Y;0;0;0;30;51;20,5;10;Y;Y;N;0,03;5,1;2,05;1;8487909090
5908;I037-04;4283230078421;;Trapezgewindespindel T12x2x8-1000;;21,93;Y;7;6;0;750;1000;12;12;Y;Y;N;0,79;100;1,2;1,2;7318156290
5907;I038-04;4283230078926;;Trapezgewindespindel T12x2x8-800;;17,56;Y;0;0;0;610;800;12;12;Y;Y;N;0,64;80;1,2;1,2;7318156290
5906;T005-03;4283230081629;;Trapezgewindespindel T12x2x8-600;;13,28;Y;0;0;0;460;600;12;12;Y;Y;N;0,48;60;1,2;1,2;7318156290
5905;I040-03;4283230079725;;Trapezgewindespindel T12x2x2-1000;;20,38;Y;0;0;0;740;1000;12;12;Y;Y;N;0,78;100;1,2;1,2;7318156290
5904;I043-02;4283230082022;;Trapezgewindespindel T12x2x2-800;;17,56;Y;7;7;0;610;800;12;12;Y;Y;N;0,64;80;1,2;1,2;7318156290
5903;T008-02;4283230294326;;Trapezgewindespindel T12x2x2-600;;13,28;Y;10;10;0;460;600;12;12;Y;Y;N;0,48;60;1,2;1,2;7318156290
5901;B037-03;4283230945020;V192-TOP;Temperaturfühler Thermistor NTC 100K Weiß 2 Pin klein;;2,34;Y;4;0;0;10;72;72;3;Y;N;N;0,01;7,2;7,2;0,3;8536500700
5900;TOP-4283230946522;4283230946522;V192-TOP;Temperaturfühler Thermistor NTC 100K Weiß offenes Ende;;1,76;Y;0;0;0;10;67;76;4;N;N;N;0,01;6,7;7,6;0,4;8536500700
5899;B039-08;4283230947826;V192-TOP;Temperaturfühler Thermistor NTC 100K Weiß 2 Pin Kappe;;3,77;Y;9;0;0;10;100;50;1,5;Y;N;N;0,01;10;5;0,15;8536500700
5898;B037-05;4283230945228;V192-TOP;Temperaturfühler Thermistor NTC 100K Weiß 2 Pin Groß;;2,68;Y;1;0;0;10;73;73;2;Y;N;N;0,01;7,3;7,3;0,2;8536500700
5897;TOP-4283230945921;4283230945921;V192-TOP;Temperaturfühler Thermistor NTC 100K Schwarz;;2,09;Y;0;0;0;10;61;58,5;5;N;N;N;0,01;6,1;5,85;0,5;8536500700
5888;C013-03;4283230015228;V132-TES;Industrieschalter XB2 ZB2 EINZELTEIL Kontaktblock grün 1NO Schließer;;1,91;Y;945;11;0;10;30;30;15;Y;Y;N;0,01;3;3;1,5;8536500700
5887;C010-06;4283230030429;V132-TES;Industrieschalter XB2 ZB2 EINZELTEIL Kontaktblock rot 1NC Öffner;;1,91;Y;982;8;0;10;30;30;15;Y;Y;N;0,01;3;3;1,5;8536500700
5886;F010-01;4283230021922;V132-TES;Industrieschalter XB2 ZB2 EINZELTEIL Drehschalter 3 Schaltzustände RASTEND;;2,68;Y;30;2;0;40;44;28;28;Y;Y;N;0,04;4,4;2,8;2,8;8536500700
5885;F013-01;4283230025920;V132-TES;Industrieschalter XB2 ZB2 EINZELTEIL Drehschalter 2 Schaltzustände RASTEND;;2,68;Y;3;2;0;40;44,5;28;28;Y;Y;N;0,04;4,45;2,8;2,8;8536500700
5884;H021-04;4283230031723;V132-TES;Industrieschalter XB2 ZB2 EINZELTEIL Not-Aus Schalter Ø40mm Drehverriegelung rot;;3,13;Y;27;2;0;50;47;40;42;Y;Y;N;0,05;4,7;4;4,2;8536500700
5883;F008-10;4283230020628;V132-TES;Industrieschalter XB2 ZB2 EINZELTEIL Pilzdrucktaster Ø40mm SELBSTRÜCKSTELLEND schwarz;;3,11;Y;9;2;0;40;44;40;40;Y;Y;N;0,04;4,4;4;4;8536500700
5882;F018-05;4283230031921;V132-TES;Industrieschalter XB2 ZB2 EINZELTEIL Pilzdrucktaster Ø40mm SELBSTRÜCKSTELLEND gelb;;3,13;Y;21;2;0;40;46;40;40;Y;Y;N;0,05;4,6;4;4;8536500700
5881;F020-06;4283230033925;V132-TES;Industrieschalter XB2 ZB2 EINZELTEIL Pilzdrucktaster Ø40mm SELBSTRÜCKSTELLEND grün;;3,13;Y;27;2;0;40;45;40;40;Y;Y;N;0,05;4,5;4;4;8536500700
5880;F025-03;4283230039521;V132-TES;Industrieschalter XB2 ZB2 EINZELTEIL Pilzdrucktaster Ø40mm SELBSTRÜCKSTELLEND rot;;3,13;Y;20;2;0;40;45;41;41;Y;Y;N;0,05;4,5;4,1;4,1;8536500700
5879;F014-02;4283230027320;V132-TES;Industrieschalter XB2 ZB2 EINZELTEIL Drucktaster SELBSTRÜCKSTELLEND weiß;;1,95;Y;28;2;0;30;26,5;29;29;Y;Y;N;0,03;2,65;2,9;2,9;8536500700
5878;F006-02;4283230017727;V132-TES;Industrieschalter XB2 ZB2 EINZELTEIL Drucktaster SELBSTRÜCKSTELLEND blau;;1,95;Y;27;2;0;30;29;29;27;Y;Y;N;0,03;2,9;2,9;2,7;8536500700
5877;F005-04;4283230016829;V132-TES;Industrieschalter XB2 ZB2 EINZELTEIL Drucktaster SELBSTRÜCKSTELLEND gelb;;1,95;Y;33;2;0;30;34;32;32;Y;Y;N;0,03;3,4;3,2;3,2;8536500700
5876;F025-01;4283230039323;V132-TES;Industrieschalter XB2 ZB2 EINZELTEIL Drucktaster SELBSTRÜCKSTELLEND rot;;1,95;Y;47;2;0;30;34;34;31,7;Y;Y;N;0,03;3,4;3,4;3,17;8536500700
5875;F021-03;4283230034724;V132-TES;Industrieschalter XB2 ZB2 EINZELTEIL Drucktaster SELBSTRÜCKSTELLEND grün;;1,95;Y;35;2;0;30;29;29;27;Y;Y;N;0,03;2,9;2,9;2,7;8536500700
5873;B035-04;4283230942920;V167-TMS;Aluprofil Verbinder 1530 GB Standard 4er Bohrung;;2,2;Y;12;0;0;20;50;9,5;9,5;Y;N;N;0,02;5;0,95;0,95;8487909090
5872;TMS-4283230943828;4283230943828;V167-TMS;Aluprofil Verbinder 4040 GB Standard 4er Bohrung;;2,85;Y;0;0;0;40;41;13;13;N;N;N;0,05;4,1;1,3;1,3;8487909090
5871;B035-03;4283230942821;V167-TMS;Aluprofil Verbinder 4040 Standard 2er Bohrung;;2,77;Y;18;0;0;40;38;19;19;N;N;N;0,04;3,8;1,9;1,9;8487909090
5870;B036-01;4283230943620;V167-TMS;Aluprofil Verbinder 3030 GB Standard 2er Bohrung;;1,97;Y;17;0;0;20;30;10;10;Y;N;N;0,02;3;1;1;8487909090
5869;B036-08;4283230944320;V167-TMS;Aluprofil Verbinder 3030 GB Standard 4er Bohrung;;2,16;Y;14;0;0;20;30;10;10;Y;N;N;0,02;3;1;1;8487909090
5868;B037-07;4283230945426;V167-TMS;Aluprofil Verbinder 3030 Standard 2er Bohrung;;2,22;Y;4;0;0;30;37;14,5;14,5;Y;N;N;0,03;3,7;1,45;1,45;8487909090
5867;TMS-4283230942722;4283230942722;V167-TMS;Aluprofil Verbinder 2020 Standard 2er Bohrung;;1,31;Y;0;0;0;10;25,5;9;9;N;N;N;0,01;2,55;0,9;0,9;8487909090
5865;B037-02;4283230944924;V122-TMS;Scharnier Alu Profil Metall Silber 4040;;3,84;Y;4;0;0;90;44;15;15;Y;N;N;0,09;4,4;1,5;1,5;8487909090
5864;TMS-4283230945129;4283230945129;V122-TMS;Scharnier Alu Profil Metall Silber 3030;;3,54;Y;0;0;0;70;40;13,5;13,5;N;N;N;0,07;4;1,35;1,35;8487909090
5863;TMS-4283230944122;4283230944122;V122-TMS;Scharnier Alu Profil Metall Silber 2020;;2,5;Y;0;0;0;30;30,5;11;11;N;N;N;0,03;3,05;1,1;1,1;8487909090
5862;B037-01;4283230944825;V122-TMS;Scharnier Alu Profil Metall Schwarz 4040;;3,84;Y;1;0;0;90;44;15,5;15,5;Y;N;N;0,09;4,4;1,55;1,55;8487909090
5861;TMS-4283230946423;4283230946423;V122-TMS;Scharnier Alu Profil Metall Schwarz 3030;;3,54;Y;0;0;0;70;40;34;14;N;N;N;0,07;4;3,4;1,4;8487909090
5860;TMS-4283230944221;4283230944221;V122-TMS;Scharnier Alu Profil Metall Schwarz 2020;;2,55;Y;0;0;0;30;30,5;10;10;N;N;N;0,03;3,05;1;1;8487909090
5859;TMS-4283230945525;4283230945525;V122-TMS;Scharnier Alu Profil Kunststoff 4040;;1,65;Y;0;0;0;30;50;37;17;N;N;N;0,04;5;3,7;1,7;8487909090
5858;TMS-4283230943927;4283230943927;V122-TMS;Scharnier Alu Profil Kunststoff 3030;;1,58;Y;0;0;0;30;44;16;16;N;N;N;0,03;4,4;1,6;1,6;8487909090
5857;TMS-4283230943729;4283230943729;V122-TMS;Scharnier Alu Profil Kunststoff 2020;;1,2;Y;0;0;0;10;30;9;9;N;N;N;0,01;3;0,9;0,9;8487909090
5855;E001-02;4283230935922;V002-TMT;Zahnriemen 2GT-160-6;;1,99;Y;6;31;0;10;20;11;6;Y;Y;N;0,01;2;1,1;0,6;4010390090
5846;TMS-4283230938527;4283230938527;V157-TMS;Aluminiumprofil Abschlusskappe für 4080 schwarz;;0,99;Y;0;0;0;10;80;39;11;N;N;N;0,01;8;3,9;1,1;8487909090
5845;B034-06;4283230942128;V157-TMS;Aluminiumprofil Abschlusskappe für 4040 schwarz;;0,74;Y;6;0;0;10;40;40;11;Y;N;N;0,01;4;4;1,1;8487909090
5844;TMS-4283230940421;4283230940421;V157-TMS;Aluminiumprofil Abschlusskappe für 3060 schwarz;;0,85;Y;0;0;0;10;65;35;16;N;N;N;0,01;6,5;3,5;1,6;8487909090
5843;TMS-4283230941824;4283230941824;V157-TMS;Aluminiumprofil Abschlusskappe für 3030 schwarz;;0,69;Y;0;0;0;10;30;30;10;N;N;N;0,01;3;3;1;8487909090
5842;B032-04;4283230939623;V157-TMS;Aluminiumprofil Abschlusskappe für 3030R schwarz;;0,87;Y;20;0;0;10;29;29;10;Y;N;N;0,01;2,9;2,9;1;8487909090
5841;B033-07;4283230941022;V157-TMS;Aluminiumprofil Abschlusskappe für 2040 schwarz;;0,82;Y;5;0;0;10;41;20;8;Y;N;N;0,01;4,1;2;0,8;8487909090
5840;B031-01;4283230938428;V157-TMS;Aluminiumprofil Abschlusskappe für 2020 schwarz;;0,63;Y;11;0;0;10;20;20;0,8;Y;N;N;0,01;2;2;0,08;8487909090
5839;TMS-4283230939029;4283230939029;V157-TMS;Aluminiumprofil Abschlusskappe für 2020R schwarz;;0,87;Y;0;0;0;10;27;20;10;N;N;N;0,01;2,7;2;1;8487909090
5837;B032-01;4283230939425;V146-TES;Montage Halter Näherungsschalter und Sensoren Ø30mm gerade;;2,85;Y;7;0;0;50;118,5;42;2,8;Y;N;N;0,05;11,85;4,2;0,28;8487909090
5836;TES-4283230940520;4283230940520;V146-TES;Montage Halter Näherungsschalter und Sensoren Ø18mm gerade;;2,06;Y;0;0;0;30;88;26;2;N;N;N;0,03;8,8;2,6;0,2;8487909090
5835;B033-06;4283230940926;V146-TES;Montage Halter Näherungsschalter und Sensoren Ø12mm gerade;;2,01;Y;2;0;0;10;73;20;1,5;Y;N;N;0,01;7,3;2;0,15;8487909090
5834;B031-06;4283230938824;V021-TEW;Steckverbinder GX12 Set 1:  Tafelmontage Pins M + Kabelmontage Loch F, 7-polig;;2,81;Y;6;0;0;20;46,7;15;15;Y;N;N;0,02;4,67;1,5;1,5;8536901000
5833;TES-4283230104724;4283230104724;V146-TES;Montage Halter Näherungsschalter und Sensoren Ø30mm gewinkelt;;1,8;Y;0;0;0;50;79,5;42;40;N;N;N;0,05;7,95;4,2;4;8487909090
5832;TES-4283230939524;4283230939524;V146-TES;Montage Halter Näherungsschalter und Sensoren Ø18mm gewinkelt;;1,68;Y;0;0;0;20;47;26;26;N;N;N;0,02;4,7;2,6;2,6;8487909090
5831;TES-4283230942029;4283230942029;V146-TES;Montage Halter Näherungsschalter und Sensoren Ø12mm gewinkelt;;1,66;Y;0;0;0;10;38;19,5;19,5;N;N;N;0,01;3,8;1,95;1,95;8487909090
5830;B031-07;4283230938923;V146-TES;Montage Halter Näherungsschalter und Sensoren Ø8mm gewinkelt;;1,66;Y;36;0;0;10;33,6;16;16;Y;N;N;0,01;3,36;1,6;1,6;8487909090
5828;D017-10;4283230054920;V044-TMT;Zahnriemen offen GT3-10, Meterware;;6,61;Y;46;36;0;30;150;90;10;Y;Y;N;0,04;15;9;1;4010390090
5827;D008-06;4283230970220;V044-TMT;Zahnriemen offen GT3-6, Meterware;;4,65;Y;19;14;0;20;75;70;6;Y;Y;N;0,03;7,5;7;0,6;4010390090
5823;B035-06;4283230943026;V095-TMT;Zahnriemenspanner für 10mm Riemen;;2,11;Y;290;44;0;10;10;12,5;7;Y;Y;N;0,01;1;1,25;0,7;8487909090
5819;B030-01;4283230937223;V007-TMT;Zahnriemenscheibe 2GT-40BF-B12-6: Zähne 40, Typ BF, Bohrung 12mm, Riemenbreite 6mm;;4,25;Y;9;4;0;10;33;33;22;Y;Y;N;0,01;3,3;3,3;2,2;8483508090
5813;B033-08;4283230941121;V081-TEW;Steckverbinder Flachstecker Leitung 0.75mm² Brücke 6.3-4.8 10cm Rot;;1,01;Y;95;0;0;10;10;6;2;Y;N;N;0,01;1;0,6;0,2;8536901000
5812;TEW-4283230305220;4283230305220;V006-TEW;Schleppkette Energiekette schnell&leise, minimaler Biegeradius R56, Innen 25x77mm;;26,06;Y;0;0;0;1210;275;230;96;Y;Y;N;1,27;27,5;23;9,6;8487909090
5811;J024-10;4283230108623;V143-TEW;Steckverbinder Flachstecker 6.3 männlich, Menge 1 Stk;;0,63;Y;661;0;0;10;25;0,6;0,5;Y;N;N;0,01;2,5;0,06;0,05;8536901000
5810;J022-02;4283230104328;V143-TEW;Steckverbinder Flachstecker 6.3 weiblich, Menge 1 Stk;;0,63;Y;734;0;0;10;19;0,7;0,5;Y;N;N;0,01;1,9;0,07;0,05;8536901000
5809;B034-01;4283230941626;V143-TEW;Steckverbinder Flachstecker 6.3 im Steckergehäuse 14-polig weiblich;;2,96;Y;9;0;0;10;67,5;28,5;20;Y;N;N;0,01;6,75;2,85;2;8536901000
5808;B035-08;4283230943224;V143-TEW;Steckverbinder Flachstecker 6.3 im Steckergehäuse 14-polig männlich;;2,95;Y;17;0;0;10;64;25;17,5;Y;N;N;0,01;6,4;2,5;1,75;8536901000
5807;TEW-4283230943125;4283230943125;V143-TEW;Steckverbinder Flachstecker 6.3 im Steckergehäuse 12-polig weiblich;;2,79;Y;0;0;0;10;55;29;20;N;N;N;0,01;5,5;2,9;2;8536901000
5806;B034-02;4283230941725;V143-TEW;Steckverbinder Flachstecker 6.3 im Steckergehäuse 12-polig männlich;;2,74;Y;5;0;0;10;55;25;18;Y;N;N;0,01;5,5;2,5;1,8;8536901000
5805;B031-04;4283230938626;V143-TEW;Steckverbinder Flachstecker 6.3 im Steckergehäuse 8-polig weiblich;;1,99;Y;2;0;0;20;39;54;26,5;N;N;N;0,02;3,9;5,4;2,65;8536901000
5804;B032-06;4283230939722;V143-TEW;Steckverbinder Flachstecker 6.3 im Steckergehäuse 8-polig männlich;;2,02;Y;2;0;0;20;76;63;18;Y;N;N;0,02;7,6;6,3;1,8;8536901000
5803;G017-01;4283230051622;V143-TEW;Steckverbinder Flachstecker 6.3 im Steckergehäuse 6-polig weiblich;;1,3;Y;123;0;0;10;100;80;16;Y;N;N;0,01;10;8;1,6;8536901000
5802;E003-09;4283230941923;V143-TEW;Steckverbinder Flachstecker 6.3 im Steckergehäuse 6-polig männlich;;1,35;Y;134;0;0;10;100;80;20;Y;N;N;0,01;10;8;2;8536901000
5801;J012-06;4283230095022;V143-TEW;Steckverbinder Flachstecker 6.3 im Steckergehäuse 4-polig weiblich;;1,17;Y;5;0;0;10;80;50;16;Y;N;N;0,01;8;5;1,6;8536901000
5800;E020-04;4283230940629;V143-TEW;Steckverbinder Flachstecker 6.3 im Steckergehäuse 4-polig männlich;;1,2;Y;14;0;0;10;90;60;16,5;Y;N;N;0,01;9;6;1,65;8536901000
5799;H017-04;4283230939920;V143-TEW;Steckverbinder Flachstecker 6.3 im Steckergehäuse 3-polig weiblich;;1;Y;26;0;0;10;49;28;21;Y;N;N;0,01;4,9;2,8;2,1;8536901000
5798;E019-08;4283230940827;V143-TEW;Steckverbinder Flachstecker 6.3 im Steckergehäuse 3-polig männlich;;1,01;Y;27;0;0;10;55;38;14;Y;N;N;0,01;5,5;3,8;1,4;8536901000
5797;J009-10;4283230092328;V143-TEW;Steckverbinder Flachstecker 6.3 im Steckergehäuse 2-polig weiblich;;0,84;Y;31;0;0;10;80;53;13;Y;N;N;0,01;8;5,3;1,3;8536901000
5796;B034-08;4283230942227;V143-TEW;Steckverbinder Flachstecker 6.3 im Steckergehäuse 2-polig männlich;;0,78;Y;43;0;0;10;27;20;10;Y;N;N;0,01;2,7;2;1;8536901000
5795;TEW-4283230940728;4283230940728;V143-TEW;Steckverbinder Flachstecker 6.3 im Steckergehäuse 1-polig weiblich;;0,78;Y;0;0;0;10;28;14;13;N;N;N;0,01;2,8;1,4;1,3;8536901000
5794;TEW-4283230939821;4283230939821;V143-TEW;Steckverbinder Flachstecker 6.3 im Steckergehäuse 1-polig männlich;;0,79;Y;0;0;0;10;44;44;11;N;N;N;0,01;4,4;4,4;1,1;8536901000
5784;TMS-4283230938725;4283230938725;V057-TMS;Nutenstein Zentriersteg & Federkugel einschwenkbar 20-M3;;0,82;Y;0;0;0;10;13;8;5;N;N;N;0,01;1,3;0,8;0,5;8483902090
5783;0012-1403;4283230266828;;Feder Edelstahl 0.6mm Draht 7 Windungen 4.6x11mm abgeflachte Enden, Menge VPE 1000 Stk, K011111;;36;N;0;0;0;0;0;0;0;Y;N;N;0;0;0;0;7326909890
5782;C002-02;4283230951427;V123-TOP;Schlauch PTFE F46 Ø4x6mm, weiß, Meterware;;4,96;Y;10;0;0;40;152;114;11;Y;N;N;0,04;15,2;11,4;1,1;8487909090
5781;G010-05;4283230047328;V123-TOP;Schlauch PTFE F46 Ø3x4mm weiß, Meterware;;3,35;Y;4;0;0;10;130;100;9;Y;N;N;0,01;13;10;0,9;8487909090
5780;G015-05;4283230051028;V123-TOP;Schlauch PTFE F46 Ø2.5x4mm,weiß, Meterware;;3,68;Y;8;0;0;10;130;100;8;Y;N;N;0,01;13;10;0,8;8487909090
5779;G018-04;4283230052223;V123-TOP;Schlauch PTFE F46 Ø2x4mm, weiß. Meterware;;3,2;Y;0;0;0;20;130;100;8;N;N;N;0,02;13;10;0,8;8487909090
5778;G020-07;4283230053121;V123-TOP;Schlauch PTFE F46 Ø2x3mm, weiß, Meterware;;2,76;Y;9;0;0;10;110;100;4;Y;N;N;0,01;11;10;0,4;8487909090
5776;F019-11;4283230033529;V031-TMT;Motorhalterung L-Montage für Ø37mm Motoren, Alu 3mm;;2,98;Y;15;0;0;20;47;41;41;Y;Y;N;0,02;4,7;4,1;4,1;8466102000
5775;F013-05;4283230026224;V031-TMT;Motorhalterung L-Montage für Ø37mm Motoren, Stahl 1.5mm;;2,69;Y;13;0;0;30;46;40;40;Y;Y;N;0,03;4,6;4;4;8466102000
5773;TEW-4283230036322;4283230036322;V254-TEW;Sicherungshalter 1 auf 2 60A;;7,58;Y;0;0;0;160;106,5;47;31;N;N;N;0,17;10,65;4,7;3,1;8536901000
5764;G020-05;4283230052926;V070-TMT;Motorhalter Klemmhalterung, NEMA34 Schrittmotor 86er, Alu gefräst 80mm schwarz;;28,05;Y;0;0;0;340;95;95;95;Y;Y;N;0,35;9,5;9,5;9,5;8466102000
5763;G016-04;4283230051226;V070-TMT;Motorhalter Klemmhalterung, NEMA23 Schrittmotor 57er, Alu gefräst 60mm schwarz;;13,5;Y;0;0;0;220;75;75;75;Y;N;N;0,23;7,5;7,5;7,5;8466102000
5762;G020-03;4283230052728;V031-TMT;Motorhalterung L-Montage für 86er Schrittmotor NEMA 34, Stahl Guss;;18,26;Y;0;0;0;300;85;85;52;Y;Y;N;0,31;8,5;8,5;5,2;8466102000
5761;G017-02;4283230051721;V070-TMT;Motorhalter Klemmhalterung, NEMA23 Schrittmotor 57er, Gussteil 55mm schwarz;;13,12;Y;6;0;0;120;55;55;60;Y;Y;N;0,13;5,5;5,5;6;8466102000
5760;G016-06;4283230051325;V031-TMT;Motorhalterung L-Montage für 57er Schrittmotor NEMA 23, Stahl Guss;;13,16;Y;8;7;0;150;75;70;40;Y;Y;N;0,16;7,5;7;4;8466102000
5758;TMT-4283230972828;4283230972828;V031-TMT;Motorhalterung L-Montage für 104er Motoren, Stahl Guss;;12,25;Y;0;0;0;370;160;150;65;Y;Y;N;0,38;16;15;6,5;8466102000
5757;D006-01;4283230968227;V031-TMT;Motorhalterung L-Montage für 80er Motoren, Stahl Guss;;8,97;Y;1;0;0;170;145;120;60;Y;Y;N;0,18;14,5;12;6;8466102000
5756;G010-04;4283230047229;V031-TMT;Motorhalterung L-Montage für 70er Motoren, Stahl Guss;;8,47;Y;3;2;0;110;110;100;50;Y;Y;N;0,12;11;10;5;8466102000
5755;H012-04;4283230050922;V031-TMT;Motorhalterung L-Montage für 60er Motoren, Stahl Guss;;8,32;Y;11;9;0;90;100;90;45;Y;Y;N;0,1;10;9;4,5;8466102000
5749;A008-06;4283230869227;V007-TMT;Zahnriemenscheibe 3GT-20BF-B5-6: Zähne 20, Typ BF, Bohrung 5mm, Riemenbreite 6mm;;3,76;Y;15;6;0;10;21;27;21;Y;Y;N;0,01;2,1;2,7;2,1;8483508090
5748;A011-04;4283230873729;V007-TMT;Zahnriemenscheibe 3GT-20K-B4-6: Zähne 20, Typ K, Bohrung 4mm, Riemenbreite 6mm;;3,39;Y;4;0;0;10;16;22;16;Y;Y;N;0,01;1,6;2,2;1,6;8483508090
5746;D012-02;4283230972729;V152-TES;Mikroschalter RAMPS 1.4 Rot;;3,01;Y;84;0;0;10;107,5;67,5;7,5;Y;N;N;0,01;10,75;6,75;0,75;8536500700
5745;TES-4283230025326;4283230025326;V152-TES;Optischer Endschalter RAMPS 1.4 1m Kabel 3 Pin Schwarz;;4,52;Y;0;0;0;10;61;53;10;N;N;N;0,01;6,1;5,3;1;8536500700
5743;J007-07;4283230090126;V081-TEW;Steckverbinder Flachstecker Leitung 0.75mm² Brücke 6.3-6.3 30cm Rot;;1,25;Y;41;0;0;30;45;26;5;Y;N;N;0,03;4,5;2,6;0,5;8536901000
5742;E019-07;4283230995629;V081-TEW;Steckverbinder Flachstecker Leitung 0.75mm² Brücke 6.3-6.3 30cm Schwarz;;1,25;Y;34;0;0;30;72;26;4;Y;N;N;0,03;7,2;2,6;0,4;8536901000
5741;B025-08;4283230931825;V081-TEW;Steckverbinder Flachstecker Leitung 0.75mm² Brücke 6.3-6.3 20cm Rot;;1,16;Y;29;0;0;30;20;8;3;Y;N;N;0,03;2;0,8;0,3;8536901000
5740;E026-06;4283230002624;V081-TEW;Steckverbinder Flachstecker Leitung 0.75mm² Brücke 6.3-6.3 20cm Schwarz;;1,16;Y;36;0;0;30;56;39;5;Y;N;N;0,03;5,6;3,9;0,5;8536901000
5739;B024-03;4283230930323;V081-TEW;Steckverbinder Flachstecker Leitung 0.75mm² Brücke 6.3-6.3 10cm Rot;;1,06;Y;36;0;0;30;10;7,5;3;Y;N;N;0,03;1;0,75;0,3;8536901000
5738;B022-03;4283230928528;V081-TEW;Steckverbinder Flachstecker Leitung 0.75mm² Brücke 6.3-6.3 10cm Schwarz;;1,06;Y;21;0;0;30;10;8;4;Y;N;N;0,03;1;0,8;0,4;8536901000
5737;B025-04;4283230931429;V081-TEW;Steckverbinder Flachstecker Leitung 0.75mm² Brücke 6.3-4.8 10cm Schwarz;;1,06;Y;69;0;0;30;10;8,5;4;Y;N;N;0,03;1;0,85;0,4;8536901000
5736;E002-05;4283230979520;V081-TEW;Steckverbinder Flachstecker Leitung 0.75mm² Brücke 4.8-4.8 30cm Rot;;1,25;Y;0;0;0;30;170;4;6;N;N;N;0,03;17;0,4;0,6;8536901000
5735;F002-06;4283230013026;V081-TEW;Steckverbinder Flachstecker Leitung 0.75mm² Brücke 4.8-4.8 30cm Schwarz;;1,25;Y;0;0;0;30;60;40;4;N;N;N;0,03;6;4;0,4;8536901000
5734;B025-06;4283230931627;V081-TEW;Steckverbinder Flachstecker Leitung 0.75mm² Brücke 4.8-4.8 20cm Rot;;1,16;Y;35;0;0;30;20;6,5;2,5;Y;N;N;0,03;2;0,65;0,25;8536901000
5733;E029-07;4283230005229;V081-TEW;Steckverbinder Flachstecker Leitung 0.75mm² Brücke 4.8-4.8 20cm Schwarz;;1,16;Y;54;0;0;30;60;50;4;Y;N;N;0,03;6;5;0,4;8536901000
5732;B021-02;4283230927620;V081-TEW;Steckverbinder Flachstecker Leitung 0.75mm² Brücke 4.8-4.8 10cm Rot;;1,06;Y;17;0;0;30;121;6;2;Y;N;N;0,03;12,1;0,6;0,2;8536901000
5731;B024-06;4283230930521;V081-TEW;Steckverbinder Flachstecker Leitung 0.75mm² Brücke 4.8-4.8 10cm Schwarz;;1,06;Y;19;0;0;30;10;6,5;3;Y;N;N;0,03;1;0,65;0,3;8536901000
5730;B025-02;4283230931221;V081-TEW;Steckverbinder Flachstecker Leitung 0.5mm² Brücke 2.8-2.8 30cm Rot;;1,11;Y;24;0;0;30;30;4;3;Y;N;N;0,03;3;0,4;0,3;8536901000
5729;B025-01;4283230931122;V081-TEW;Steckverbinder Flachstecker Leitung 0.5mm² Brücke 2.8-2.8 30cm Schwarz;;1,11;Y;40;0;0;30;30;4;3;Y;N;N;0,03;3;0,4;0,3;8536901000
5728;B023-01;4283230929228;V081-TEW;Steckverbinder Flachstecker Leitung 0.5mm² Brücke 2.8-2.8 20cm Rot;;1,04;Y;68;0;0;30;20;4,6;3;Y;N;N;0,03;2;0,46;0,3;8536901000
5727;B023-04;4283230929525;V081-TEW;Steckverbinder Flachstecker Leitung 0.5mm² Brücke 2.8-2.8 20cm Schwarz;;1,04;Y;57;0;0;30;20;5;4;Y;N;N;0,03;2;0,5;0,4;8536901000
5726;B023-08;4283230929822;V081-TEW;Erdungsbrücke 0.5mm² 4.2mm²Ringöse 4.8 Flachstecker PE grün-gelb 8cm für z.B. Photovoltaik Panels;;0,76;Y;58;0;0;0;8;4;3;Y;N;N;0;0,8;0,4;0,3;8536901000
5725;B023-02;4283230929327;V081-TEW;Steckverbinder Flachstecker Leitung 0.5mm² Brücke 2.8-2.8 10cm Schwarz;;0,94;Y;55;0;0;30;10;4,5;3;Y;N;N;0,03;1;0,45;0,3;8536901000
5724;B023-03;4283230929426;V081-TEW;Steckverbinder Flachstecker Leitung 0.5mm² Brücke 4.8 mit 4.2 Ringöse 8cm Gelb;;1,2;Y;12;0;0;30;8;7;4;Y;N;N;0,03;0,8;0,7;0,4;8536901000
5723;B021-03;4283230927729;V081-TEW;Steckverbinder Flachstecker Leitung 0.5mm²Erde PE 4.8-4.2 Ringöse 8cm Gelb / Grün;;1,16;Y;13;0;0;10;96,5;6;2;Y;N;N;0,01;9,65;0,6;0,2;8536901000
5722;E004-05;4283230927828;V081-TEW;Steckverbinder Flachstecker Leitung 0.75mm² offen 6.3 30cm Rot;;0,99;Y;177;0;0;10;30;7;3,5;Y;N;N;0,01;3;0,7;0,35;8536901000
5721;J013-07;4283230096227;V081-TEW;Steckverbinder Flachstecker Leitung 0.75mm² offen 6.3 30cm Schwarz;;0,99;Y;26;0;0;10;120;80;2;Y;N;N;0,01;12;8;0,2;8536901000
5720;TEW-4283230928825;4283230928825;V081-TEW;Steckverbinder Flachstecker Leitung 0.5mm² offen 4.8 30cm Rot;;0,89;Y;0;0;0;10;30;7;3,5;N;N;N;0,01;3;0,7;0,35;8536901000
5719;E028-06;4283230004420;V081-TEW;Steckverbinder Flachstecker Leitung 0.5mm² offen 4.8 30cm Schwarz;;0,89;Y;2;0;0;10;56;39;5;Y;N;N;0,01;5,6;3,9;0,5;8536901000
5718;B021-06;4283230927927;V081-TEW;Steckverbinder Flachstecker Leitung 0.5mm² offen 2.8 30cm Rot;;0,89;Y;17;0;0;10;30;3,5;2;Y;N;N;0,01;3;0,35;0,2;8536901000
5717;B021-07;4283230928023;V081-TEW;Steckverbinder Flachstecker Leitung 0.5mm² offen 2.8 30cm Schwarz;;0,89;Y;44;0;0;10;30;4,5;3;Y;N;N;0,01;3;0,45;0,3;8536901000
5693;0013-2120;4251840916891;;Kreismesser  - 1.4116 - 120T - glatt - 0013-2120  TG120-T - B05 - K011111;;84,03;N;0;0;0;130;0;0;0;Y;N;N;0,13;0;0;0;8208300000
5692;0012-6006;4283230286925;;Gastro Spieß klein 6*6*600 mm;;1,58;N;0;0;0;0;0;0;0;Y;N;N;0;0;0;0;7326909890
5691;0012-0026;4283230266521;;Schalter ON-OFF Grün groß RL2-321/N-C-2-GR/BK-P1 - K011111;;3;N;0;0;0;20;0;0;0;Y;N;N;0,02;0;0;0;8536500700
5690;0012-0025;4283230266422;;Schalter rechts/links groß RL2(P)-23-6-BK/BK-P4;;3;N;0;0;0;20;0;0;0;Y;N;N;0,02;0;0;0;8536500700
5689;3100-0010;4283230266323;;Schalter rechts/links RL1-313-C-369-BK/BK-P1;;2;N;0;0;0;10;0;0;0;Y;N;N;0,01;0;0;0;8536500700
5688;F009-06;4283230021229;V178-TLE;DC-DC Wandler im Gehäuse 24V auf 5V, 20A;;24,36;Y;1;0;0;260;100;79;31;Y;N;N;0,27;10;7,9;3,1;8536500700
5687;TLE-4283230011824;4283230011824;V178-TLE;DC-DC Wandler im Gehäuse 24V auf 5V, 10A;;18,39;Y;0;0;0;0;0;0;0;N;N;N;0;0;0;0;8536500700
5686;TLE-4283230037121;4283230037121;V178-TLE;DC-DC Wandler im Gehäuse 24V auf 5V, 5A;;12,76;Y;0;0;0;0;0;0;0;N;N;N;0;0;0;0;8536500700
5685;TLE-4283230022523;4283230022523;V178-TLE;DC-DC Wandler im Gehäuse 24V auf 5V, 2A;;9,91;Y;0;0;0;40;110;70;20;N;N;N;0,04;11;7;2;8536500700
5683;H008-06;4283230060327;V080-TES;Induktiver Näherungsschalter LJ12A3-4-Z/BX NPN M12 NO 6-36V;;5,28;Y;6;0;0;50;130;100;12;Y;N;N;0,05;13;10;1,2;8536500700
5682;H013-06;4283230063021;V080-TES;Induktiver Näherungsschalter LJ12A3-4-Z/BY PNP M12 NO 6-36V;;5,32;Y;10;0;0;50;150;100;13;Y;N;N;0,05;15;10;1,3;8536500700
5680;E022-11;4283230998620;V049-TMS;Rändelmutter GB806 M10 verzinkt, Silber;;1,52;Y;38;0;0;60;30;30;20;Y;N;N;0,06;3;3;2;7318156290
5679;G013-06;4283230049926;V049-TMS;Rändelmutter GB806 M8 verzinkt, Silber;;1,54;Y;73;0;0;30;24;24;15,5;Y;N;N;0,03;2,4;2,4;1,55;7318156290
5678;G013-09;4283230050120;V049-TMS;Rändelmutter GB806 M6 verzinkt, Silber;;1,12;Y;109;0;0;20;20;20;12;Y;N;N;0,02;2;2;1,2;7318156290
5677;A003-07;4283230861528;V049-TMS;Rändelmutter GB806 M5 verzinkt, Silber;;0,98;Y;22;0;0;10;16;16;9;Y;N;N;0,01;1,6;1,6;0,9;7318156290
5676;E010-08;4283230987426;V078-TMT;Handrad für Ø14mm Welle, silbern;;8,6;Y;10;10;0;90;60;60;19;Y;Y;N;0,09;6;6;1,9;8487909090
5675;L002-03;4283230991928;V078-TMT;Handrad für Ø8mm Welle, silbern;;6,67;Y;51;15;0;40;40;40;18;Y;Y;N;0,04;4;4;1,8;8487909090
5674;A005-06;4283230864529;V078-TMT;Handrad für Ø6.35mm Welle, silbern;;6,67;Y;14;10;0;40;41;41;18;Y;Y;N;0,04;4,1;4,1;1,8;8487909090
5673;A009-12;4283230871329;V078-TMT;Handrad für Ø5mm Welle, silbern;;6,67;Y;14;10;0;40;41;10;18;Y;Y;N;0,04;4,1;1;1,8;8487909090
5671;C006-09;4283230018922;V138-TEW;Steckverbinder Flachstecker einzeln SET NUR WEIBLICHE 2.8+4.8+6.3, Gesamtmenge 50 Stk;;9,55;Y;6;0;0;150;170;108;28;Y;N;N;0,15;17;10,8;2,8;8536901000
5670;TEW-4283230019325;4283230019325;V138-TEW;Steckverbinder Flachstecker einzeln SET weiblich+männlich 2.8, 4.8, 6.3, Gesamtmenge 30 Stk;;11,98;Y;0;0;0;150;170,5;100;23;N;N;N;0,16;17,05;10;2,3;8536901000
5666;J008-03;4283230869029;V138-TEW;Steckverbinder Flachstecker einzeln weiblich 6.3 mit Schutzhülle, VPE Menge 100 Stk;;8,17;Y;0;0;0;50;150;100;15;Y;N;Y;0,05;15;10;1,5;8536901000
5665;J009-06;4283230878427;V138-TEW;Steckverbinder Flachstecker einzeln weiblich 4.8 mit Schutzhülle, VPE Menge 100 Stk;;7,58;Y;1;0;0;10;118;108;17;Y;N;Y;0,01;11,8;10,8;1,7;8536901000
5664;TEW-4283230867421;4283230867421;V138-TEW;Steckverbinder Flachstecker einzeln weiblich 2.8 mit Schutzhülle, VPE Menge 100 Stk;;6,37;Y;0;0;0;20;150;100;15;N;N;Y;0,02;15;10;1,5;8536901000
5633;TTI-4283230867728;4283230867728;V096-TTI;Spannzangenmutter ER20-Typ M-M24x1.0;;4,33;Y;0;0;0;40;38;38;22;N;N;N;0,04;3,8;3,8;2,2;8466102000
5632;A004-06;4283230862921;V096-TTI;Spannzangenmutter ER20-Typ A-M25x1.5;;4,4;Y;2;0;0;70;37;37;24;Y;N;N;0,07;3,7;3,7;2,4;8466102000
5631;A004-07;4283230863027;V096-TTI;Spannzangenmutter ER16-Typ M-M19x1.0;;4,29;Y;10;0;0;20;31;31;24;Y;N;N;0,02;3,1;3,1;2,4;8466102000
5630;A006-07;4283230866226;V096-TTI;Spannzangenmutter ER16-Typ A-M22x1.5;;4,33;Y;22;0;0;30;31;31;21;Y;N;N;0,04;3,1;3,1;2,1;8466102000
5629;TTI-4283230866523;4283230866523;V096-TTI;Spannzangenmutter ER11-Typ M-M13x0.75;;3,49;Y;0;0;0;10;33;33;24;N;N;N;0,01;3,3;3,3;2,4;8466102000
5628;TTI-4283230858528;4283230858528;V096-TTI;Spannzangenmutter ER11-Typ A-M14x0.75;;3,5;Y;0;0;0;20;26;17;17;N;N;N;0,02;2,6;1,7;1,7;8466102000
5623;D01.27.02;4283230131928;;Kreismesser  - 1.4116 - 80P - glatt - POTIS EcoLine - F01;;84,03;N;0;0;0;50;0;0;0;Y;N;N;0,05;0;0;0;8208300000
5622;P004-03;4283230878021;;Klauenkupplung D20L25: Ø20, Länge 25, Alu schwarz, Elastomerstern blau;;1,47;Y;88;28;0;70;40;31;40;Y;Y;N;0,07;4;3,1;4;8483608090
5618;P017-07;4283230186522;V016-TMS;Gelenkkopf SA3;;2,87;Y;28;22;0;10;33;12;6;Y;Y;N;0,01;3,3;1,2;0,6;8483902090
5617;P016-02;4283230184627;V016-TMS;Gelenkkopf SA4;;2,69;Y;46;38;0;10;36;14;7;Y;Y;N;0,01;3,6;1,4;0,7;8483902090
5588;TES-4283230026729;4283230026729;V145-TES;Edelstahl Schalter Einbau Ø12mm ON/OFF- Edelstahl Schalter - selbstrückstellend 12-24V Gelb;;3,31;Y;0;0;0;10;21;14;14;N;N;N;0,01;2,1;1,4;1,4;8536500700
5587;TES-4283230031228;4283230031228;V145-TES;Edelstahl Schalter Einbau Ø12mm ON/OFF- Edelstahl Schalter - selbstrückstellend 12-24V Grün;;3,31;Y;0;0;0;10;21;14;14;N;N;N;0,01;2,1;1,4;1,4;8536500700
5586;TES-4283230018526;4283230018526;V145-TES;Edelstahl Schalter Einbau Ø12mm ON/OFF- Edelstahl Schalter - selbstrückstellend 12-24V Rot;;3,31;Y;0;0;0;10;21;14;14;N;N;N;0,01;2,1;1,4;1,4;8536500700
5584;TES-4283230037824;4283230037824;V120-TES;Taster Edelstahl Einbau Ø12mm, hoher Kopf;;2,58;Y;0;0;0;10;22;14;14;N;N;N;0,01;2,2;1,4;1,4;8536500700
5583;F001-01;4283230011022;V120-TES;Taster Edelstahl Einbau Ø12mm, flacher Kopf;;2,58;Y;3;0;0;10;21;14;14;Y;N;N;0,01;2,1;1,4;1,4;8536500700
5581;TES-4283230033024;4283230033024;V120-TES;Taster Edelstahl Einbau Ø19mm, 2 Schraubkontakte hoher Kopf;;3,7;Y;0;0;0;20;35,5;27;27;N;N;N;0,02;3,55;2,7;2,7;8536500700
5580;TES-4283230038821;4283230038821;V120-TES;Taster Edelstahl Einbau Ø19mm, 2 Schraubkontakte gewölbter Kopf;;3,7;Y;0;0;0;20;30,5;22;22;N;N;N;0,02;3,05;2,2;2,2;8536500700
5579;TES-4283230984128;4283230984128;V120-TES;Taster Edelstahl Einbau Ø19mm, 2 Schraubkontakte flacher Kopf;;3,7;Y;0;0;0;20;29;22;22;N;N;N;0,02;2,9;2,2;2,2;8536500700
5573;TES-4283230020420;4283230020420;V145-TES;Edelstahl Schalter Einbau Ø19mm selbstrückstellend 220-240V LED flacher Kopf Blau;;5,03;Y;0;0;0;20;35;22;22;N;N;N;0,02;3,5;2,2;2,2;8536500700
5572;TES-4283230026422;4283230026422;V145-TES;Edelstahl Schalter Einbau Ø19mm selbstrückstellend 220-240V LED flacher Kopf Gelb;;5,03;Y;0;0;0;20;34,5;22;22;N;N;N;0,02;3,45;2,2;2,2;8536500700
5571;TES-4283230862129;4283230862129;V145-TES;Edelstahl Schalter Einbau Ø19mm selbstrückstellend 220-240V LED flacher Kopf Grün;;5,03;Y;0;0;0;20;34,5;22;22;N;N;N;0,02;3,45;2,2;2,2;8536500700
5570;TES-4283230029720;4283230029720;V145-TES;Edelstahl Schalter Einbau Ø19mm selbstrückstellend 220-240V LED flacher Kopf Rot;;5,03;Y;0;0;0;20;35;22;22;N;N;N;0,02;3,5;2,2;2,2;8536500700
5569;TES-4283230034229;4283230034229;V145-TES;Edelstahl Schalter Einbau Ø19mm selbstrückstellend 12-24V LED flacher Kopf Blau;;5,03;Y;0;0;0;20;35;22;22;N;N;N;0,02;3,5;2,2;2,2;8536500700
5568;TES-4283230038425;4283230038425;V145-TES;Edelstahl Schalter Einbau Ø19mm selbstrückstellend 12-24V LED flacher Kopf Gelb;;5,03;Y;0;0;0;20;36;22;22;N;N;N;0,02;3,6;2,2;2,2;8536500700
5567;TES-4283230035424;4283230035424;V145-TES;Edelstahl Schalter Einbau Ø19mm selbstrückstellend 12-24V LED flacher Kopf Grün;;5,03;Y;0;0;0;20;35;22;22;N;N;N;0,02;3,5;2,2;2,2;8536500700
5566;TES-4283230030924;4283230030924;V145-TES;Edelstahl Schalter Einbau Ø19mm selbstrückstellend 12-24V LED flacher Kopf Rot;;5,03;Y;0;0;0;20;40;27;27;N;N;N;0,02;4;2,7;2,7;8536500700
5564;A005-02;4283230864123;V145-TES;Edelstahl Schalter Einbau Ø19mm ON/OFF selbstrückstellend 12-24V LED flacher Kopf Rot;;5,03;Y;1;0;0;20;35;22;22;Y;N;N;0,02;3,5;2,2;2,2;8536500700
5563;A015-05;4283230880123;V145-TES;Edelstahl Schalter Einbau Ø19mm ON/OFF selbstrückstellend 12-24V LED flacher Kopf Grün;;5,03;Y;1;0;0;20;35;22;22;Y;N;N;0,02;3,5;2,2;2,2;8536500700
5562;TES-4283230859624;4283230859624;V145-TES;Edelstahl Schalter Einbau Ø19mm ON/OFF selbstrückstellend 12-24V LED flacher Kopf Blau;;5,03;Y;0;0;0;20;35;22;22;N;N;N;0,02;3,5;2,2;2,2;8536500700
5560;TES-4283230095527;4283230095527;V145-TES;Edelstahl Schalter Einbau Ø19mm ON/OFF 220-240V LED 5 Pin Edelstahl flacher Kopf Blau;;5,42;Y;0;0;0;20;35;22;22;N;N;N;0,02;3,5;2,2;2,2;8536500700
5559;TES-4283230863621;4283230863621;V145-TES;Edelstahl Schalter Einbau Ø19mm ON/OFF 220-240V LED 5 Pin Edelstahl flacher Kopf Grün;;5,42;Y;0;0;0;20;35;22;22;N;N;N;0,02;3,5;2,2;2,2;8536500700
5558;TES-4283230873026;4283230873026;V145-TES;Edelstahl Schalter Einbau Ø19mm ON/OFF 220-240V LED 5 Pin Edelstahl flacher Kopf Rot;;5,42;Y;0;0;0;20;35;22;22;N;N;N;0,02;3,5;2,2;2,2;8536500700
5557;A015-10;4283230880529;V145-TES;Edelstahl Schalter Einbau Ø19mm ON/OFF 12-24V LED 5 Pin Edelstahl flacher Kopf Blau;;5,42;Y;4;0;0;20;35;22;22;Y;N;N;0,02;3,5;2,2;2,2;8536500700
5556;F002-09;4283230013422;V145-TES;Edelstahl Schalter Einbau Ø19mm ON/OFF 12-24V LED 5 Pin Edelstahl flacher Kopf Grün;;5,42;Y;6;0;0;20;35;22;22;Y;N;N;0,02;3,5;2,2;2,2;8536500700
5555;TES-4283230017222;4283230017222;V145-TES;Edelstahl Schalter Einbau Ø19mm ON/OFF 12-24V LED 5 Pin Edelstahl flacher Kopf Rot;;5,42;Y;0;0;0;20;34,7;22;22;N;N;N;0,02;3,47;2,2;2,2;8536500700
5553;TES-4283230016027;4283230016027;V145-TES;Edelstahl Schalter Einbau Ø19mm 220-240V LED 5 Pin flacher Kopf Blau;;5,42;Y;0;0;0;20;34,5;22;22;N;N;N;0,02;3,45;2,2;2,2;8536500700
5552;TES-4283230273925;4283230273925;V145-TES;Edelstahl Schalter Einbau Ø19mm 220-240V LED 5 Pin flacher Kopf Weiß;;5,42;Y;0;0;0;20;35;22;22;N;N;N;0,02;3,5;2,2;2,2;8536500700
5551;J009-11;4283230092427;V145-TES;Edelstahl Schalter Einbau Ø19mm 220-240V LED 5 Pin flacher Kopf Gelb;;5,42;Y;1;0;0;20;35;22;22;Y;N;N;0,02;3,5;2,2;2,2;8536500700
5550;TES-4283230026026;4283230026026;V145-TES;Edelstahl Schalter Einbau Ø19mm 220-240V LED 5 Pin flacher Kopf Grün;;5,42;Y;0;0;0;20;35;22;22;N;N;N;0,02;3,5;2,2;2,2;8536500700
5549;TES-4283230041029;4283230041029;V145-TES;Edelstahl Schalter Einbau Ø19mm 220-240V LED 5 Pin flacher Kopf Rot;;5,75;Y;0;0;0;180;120;120;6;N;N;N;0,19;12;12;0,6;8536500700
5548;TES-4283230028426;4283230028426;V145-TES;Edelstahl Schalter Einbau Ø19mm 12-24V LED 5 Pin flacher Kopf Blau;;5,42;Y;0;0;0;20;40;27;27;N;N;N;0,02;4;2,7;2,7;8536500700
5547;TES-4283230106827;4283230106827;V145-TES;Edelstahl Schalter Einbau Ø19mm 12-24V LED 5 Pin flacher Kopf Gelb;;5,42;Y;0;0;0;20;34,5;22;22;N;N;N;0,02;3,45;2,2;2,2;8536500700
5546;TES-4283230035820;4283230035820;V145-TES;Edelstahl Schalter Einbau Ø19mm 12-24V Ring LED 5 Pin flacher Kopf Grün;;5,42;Y;0;0;0;20;35;22;22;N;N;N;0,02;3,5;2,2;2,2;8536500700
5545;TES-4283230040527;4283230040527;V145-TES;Edelstahl Schalter Einbau Ø19mm 12-24V LED 5 Pin flacher Kopf Rot;;5,42;Y;0;0;0;20;35;22;22;N;N;N;0,02;3,5;2,2;2,2;8536500700
5543;J022-10;4283230106728;V083-TMT;Schwingungsdämpfer Schrittmotor 57er NEMA23 8mm;;4,22;Y;0;0;0;50;56;56;8;Y;Y;N;0,05;5,6;5,6;0,8;8487909090
5542;F019-10;4283230033420;V083-TMT;Schwingungsdämpfer Schrittmotor 57er NEMA23 6mm;;4,22;Y;16;15;0;40;56;56;6;Y;Y;N;0,04;5,6;5,6;0,6;8487909090
5541;F006-09;4283230018427;V083-TMT;Schwingungsdämpfer Schrittmotor 42er NEMA17 6mm Zentrierung;;3,44;Y;0;0;0;20;54;54;7;Y;Y;N;0,02;5,4;5,4;0,7;8487909090
5540;F021-05;4283230034922;V083-TMT;Schwingungsdämpfer Schrittmotor 42er NEMA17 6mm 22mm;;4,73;Y;1;0;0;20;52;52;6;Y;Y;N;0,02;5,2;5,2;0,6;8487909090
5537;C005-05;4283230954220;V064-TEW;Kabelführung Ø4mm weiß-transparent, VPE 20m;;2,4;Y;5;0;0;100;200;200;22;Y;N;Y;0,1;20;20;2,2;8487909090
5536;D006-08;4283230968821;V029-TEW;Steckverbinder Gerätestecker C13 Kabelmontage 10A;;2,49;Y;3;0;0;20;74;27;17,5;Y;N;N;0,02;7,4;2,7;1,75;8536901000
5535;F003-10;4283230014726;V029-TEW;Steckverbinder Gerätestecker C8 Tafelmontage Schrauben;;0,51;Y;119;0;0;0;32;20;15;Y;N;N;0;3,2;2;1,5;8536901000
5534;C003-01;4283230952226;V029-TEW;Steckverbinder Gerätestecker C14 Kabelmontage 10A;;2,49;Y;12;0;0;30;77;29;20;Y;N;N;0,03;7,7;2,9;2;8536901000
5533;G005-06;4283230043924;V029-TEW;Steckverbinder Gerätestecker C14 Tafelmontage Klemmen + 4pol Schalter;;2,14;Y;33;0;0;20;41,6;30;29;Y;N;N;0,02;4,16;3;2,9;8536901000
5529;F008-09;4283230859525;V007-TMT;Zahnriemenscheibe 2GT-60BF-B14-10: Zähne 60, Typ BF, Bohrung 14mm, Riemenbreite 10mm;;5,5;Y;17;10;0;50;42;42;22;Y;Y;N;0,05;4,2;4,2;2,2;8483508090
5528;A004-02;4283230862525;V007-TMT;Zahnriemenscheibe 2GT-12K-B5-10: Zähne 12, Typ K, Bohrung 5mm, Riemenbreite 10mm;;3,01;Y;30;28;0;10;18;10;10;Y;Y;N;0,01;1,8;1;1;8483508090
5527;B001-08;4283230877628;V007-TMT;Zahnriemenscheibe 2GT-12K-B4-10: Zähne 12, Typ K, Bohrung 4mm, Riemenbreite 10mm;;2,88;Y;1;0;0;10;18;10;10;Y;Y;N;0,01;1,8;1;1;8483508090
5522;D008-03;4283230970022;V013-TES;Industrieschalter LA38 DREH 2 Schaltzustände, SELBSTRÜCKSTELLEND, 1 Schließer + 1 Öffner;;3,65;Y;10;0;0;50;88;48;39;Y;N;N;0,05;8,8;4,8;3,9;8536500700
5521;B035-01;4283230019622;V079-TMT;Stellring 18x30x10mm;;2,63;Y;13;10;0;30;30;30;10;Y;Y;N;0,03;3;3;1;8466102000
5520;A008-11;4283230869722;V079-TMT;Stellring 15x25x9mm;;2,15;Y;20;20;0;20;25;10;10;Y;Y;N;0,02;2,5;1;1;8466102000
5519;A032-05;4283230085320;V079-TMT;Stellring 14x25x9mm;;2,1;Y;15;8;0;20;25;25;9;Y;Y;N;0,02;2,5;2,5;0,9;8466102000
5518;A030-13;4283230015723;V079-TMT;Stellring 13x22x8mm;;2,62;Y;0;0;0;20;22;22;8;Y;Y;N;0,02;2,2;2,2;0,8;8487909090
5513;B009-02;4283230915825;V079-TMT;Stellring 7.05x12x5mm;;1,09;Y;64;37;0;10;12;12;5;Y;Y;N;0,01;1,2;1,2;0,5;8466102000
5512;B015-09;4283230922021;V079-TMT;Stellring 4.05x9x5mm;;1,02;Y;80;46;0;10;9;9;5;Y;Y;N;0,01;0,9;0,9;0,5;8466102000
5511;B019-04;4283230925626;V079-TMT;Stellring 3.05x8x5mm;;0,97;Y;36;21;0;10;8;8;5;Y;Y;N;0,01;0,8;0,8;0,5;8466102000
5510;B006-05;4283230913326;V079-TMT;Stellring 2.05x7x5mm;;1,02;Y;47;38;0;10;7;7;5;Y;Y;N;0,01;0,7;0,7;0,5;8466102000
5509;F001-06;4283230011626;V036-TSC;Wellenkupplung Alu flex mit Klemmnabe D20L25 Ø10 auf Ø10mm;;5,89;Y;14;4;0;10;25;20;20;Y;Y;N;0,01;2,5;2;2;8483608090
5508;TOP-4283230858221;4283230858221;V133-TOP;Lüfter 3010 Usongshine 24V;;3,77;Y;0;0;0;10;300;30;10,5;N;N;N;0,01;30;3;1,05;8538909189
5507;TOP-4283230870421;4283230870421;V133-TOP;Lüfter 3010 Usongshine 12V;;3,77;Y;0;0;0;10;30;30;10;N;N;N;0,01;3;3;1;8538909189
5506;TOP-4283230892621;4283230892621;V133-TOP;Lüfter 3010 Usongshine 5V;;3,77;Y;0;0;0;10;30;30;10;N;N;N;0,01;3;3;1;8538909189
5416;F025-10;4283230040121;V154-TMS;Aluminiumprofil Winkel 45x45 Schwarz;;2,73;Y;10;0;0;40;43;43;30,5;Y;N;N;0,05;4,3;4,3;3,05;8487909090
5415;C003-04;4283230101822;V154-TMS;Aluminiumprofil Winkel 40x80 grau;;3,63;Y;13;0;0;80;78;78;39,5;Y;N;N;0,09;7,8;7,8;3,95;8487909090
5414;TMS-4283230013323;4283230013323;V154-TMS;Aluminiumprofil Winkel 40x40 Schwarz;;1,76;Y;0;0;0;30;55;37;27;N;N;N;0,03;5,5;3,7;2,7;8487909090
5413;F003-03;4283230013927;V154-TMS;Aluminiumprofil Winkel 30x30 grau;;1,54;Y;1;0;0;20;50;28;25;Y;N;N;0,02;5;2,8;2,5;8487909090
5412;TMS-4283230014627;4283230014627;V154-TMS;Aluminiumprofil Winkel 20x40 doppelte Halterung;;1,74;Y;0;0;0;20;56;18;18;N;N;N;0,02;5,6;1,8;1,8;8487909090
5411;TMS-4283230018021;4283230018021;V154-TMS;Aluminiumprofil Winkel 20x40 einfache Halterung;;1,69;Y;0;0;0;20;39;39;18;N;N;N;0,02;3,9;3,9;1,8;8487909090
5409;TMS-4283230863324;4283230863324;V154-TMS;Aluminiumprofil Winkel 20x28-B Schwarz;;1,2;Y;0;0;0;10;39;20;20;N;N;N;0,01;3,9;2;2;8487909090
5408;A007-03;4283230867322;V154-TMS;Aluminiumprofil Winkel 20x28-B grau;;1,2;Y;6;0;0;10;39;20;21;Y;N;N;0,01;3,9;2;2,1;8487909090
5407;A010-07;4283230872425;V154-TMS;Aluminiumprofil Winkel 20x28-A grau;;1,25;Y;1;0;0;10;40;20;19;Y;N;N;0,01;4;2;1,9;8487909090
5405;A013-05;4283230876928;V154-TMS;Aluminiumprofil Winkel 15x25 grau;;1,72;Y;8;0;0;10;35;15;21;Y;N;N;0,01;3,5;1,5;2,1;8487909090
5404;A011-05;4283230873828;V154-TMS;Aluminiumprofil Winkel 15x15 grau;;1,51;Y;4;0;0;10;20;20;15;Y;N;N;0,01;2;2;1,5;8487909090
5402;A012-12;4283230876027;V154-TMS;Aluminiumprofil Winkel 20x20-B grau;;1,15;Y;1;0;0;10;29;17;16;Y;N;N;0,01;2,9;1,7;1,6;8487909090
5401;A008-02;4283230868824;V154-TMS;Aluminiumprofil Winkel 20x20-B Schwarz;;1,15;Y;1;0;0;10;28,5;17;16;Y;N;N;0,01;2,85;1,7;1,6;8487909090
5400;A006-15;4283230866929;V154-TMS;Aluminiumprofil Winkel 20x20-A grau;;1,15;Y;1;0;0;10;28;17;11;Y;N;N;0,01;2,8;1,7;1,1;8487909090
5398;TOP-4283230027726;4283230027726;V127-TOP;Thermoelement K - Typ 1m Kabel 0.5;;4,11;Y;0;0;0;40;130;120;17;N;N;N;0,04;13;12;1,7;8536500700
5397;TOP-4283230109521;4283230109521;V127-TOP;Thermoelement K - Typ 1m Kabel 0.4;;4,11;Y;0;0;0;10;160;131;9;N;N;N;0,01;16;13,1;0,9;8536500700
5396;TOP-4283230094520;4283230094520;V127-TOP;Thermoelement K - Typ 1m Kabel 0.3;;4,11;Y;0;0;0;20;150;130;9;N;N;N;0,02;15;13;0,9;8536500700
5394;L011-10;4283230120526;V053-TMT;Linearwelle Ø4mm, Länge 300mm;;6,3;Y;18;9;0;30;300;4;4;Y;Y;N;0,03;30;0,4;0,4;7318156290
5393;J006-09;4283230089229;V053-TMT;Linearwelle Ø4mm, Länge 250mm;;2,79;Y;20;11;0;20;250;4;4;Y;Y;N;0,03;25;0,4;0,4;7318156290
5392;J003-04;4283230085825;V053-TMT;Linearwelle Ø4mm, Länge 200mm;;2,77;Y;25;17;0;20;200;4;4;Y;Y;N;0,02;20;0,4;0,4;7318156290
5391;B010-05;4283230916822;V053-TMT;Linearwelle Ø4mm, Länge 160mm;;2,14;Y;0;0;0;20;160;4;4;Y;Y;N;0,02;16;0,4;0,4;7318156290
5390;B019-08;4283230926029;V053-TMT;Linearwelle Ø4mm, Länge 150mm;;2,02;Y;18;10;0;10;150;4;4;Y;Y;N;0,01;15;0,4;0,4;7318156290
5389;B009-05;4283230916020;V053-TMT;Linearwelle Ø4mm, Länge 100mm;;1,6;Y;30;14;0;10;100;4;4;Y;Y;N;0,01;10;0,4;0,4;7318156290
5388;TMT-4283230115126;4283230115126;V053-TMT;Linearwelle Ø3mm, Länge 300mm;;6,77;Y;0;0;0;20;300;3;3;Y;Y;N;0,02;30;0,3;0,3;7318156290
5387;TMT-4283230116222;4283230116222;V053-TMT;Linearwelle Ø3mm, Länge 250mm;;6,38;Y;0;0;0;10;250;3;3;Y;Y;N;0,01;25;0,3;0,3;7318156290
5386;TMT-4283230083920;4283230083920;V053-TMT;Linearwelle Ø3mm, Länge 200mm;;5,42;Y;0;9;0;10;200;3;3;Y;Y;N;0,01;20;0,3;0,3;7318156290
5385;J009-04;4283230091925;V053-TMT;Linearwelle Ø3mm, Länge 150mm;;4,66;Y;109;73;0;10;150;3;3;Y;Y;N;0,01;15;0,3;0,3;7318156290
5384;B009-03;4283230915924;V053-TMT;Linearwelle Ø3mm, Länge 100mm;;3,85;Y;60;47;0;10;100;3;3;Y;Y;N;0,01;10;0,3;0,3;7318156290
5383;B012-11;4283230919229;V053-TMT;Linearwelle Ø3mm, Länge 60mm;;1,6;Y;42;25;0;10;60;3;3;Y;Y;N;0,01;6;0,3;0,3;7318156290
5382;B018-11;4283230925121;V053-TMT;Linearwelle Ø3mm, Länge 50mm;;1,74;Y;18;17;0;10;50;3;3;Y;Y;N;0,01;5;0,3;0,3;7318156290
5381;B004-11;4283230911728;V053-TMT;Linearwelle Ø3mm, Länge 25mm;;1,6;Y;0;0;0;10;25;25;3;Y;Y;N;0,01;2,5;2,5;0,3;7318156290
5379;A013-04;4283230876829;V113-TMT;Motorhalter flach Schrittmotor 42er NEMA17 für Aluprofil 2040 silber;;3,11;Y;17;8;0;20;60;42;4;Y;Y;N;0,02;6;4,2;0,4;8466102000
5279;B030-06;4283230937728;V026-TMS;Passschraube mit Bund ISO 7379 M10-Ø13x30mm;;2,86;Y;24;0;0;50;54,5;18;18;Y;Y;N;0,05;5,45;1,8;1,8;7318156290
5278;B030-07;4283230937827;V026-TMS;Passschraube mit Bund ISO 7379 M10-Ø12x30mm;;2,57;Y;52;41;0;50;55;18;18;Y;Y;N;0,05;5,5;1,8;1,8;7318156290
5277;B030-02;4283230937322;V026-TMS;Passschraube mit Bund ISO 7379 M8-Ø10x30mm;;1,86;Y;58;41;0;30;51;16;16;Y;Y;N;0,03;5,1;1,6;1,6;7318156290
5276;B030-08;4283230937926;V026-TMS;Passschraube mit Bund ISO 7379 M8-Ø10x25mm;;1,76;Y;53;42;0;30;45;16;16;Y;Y;N;0,03;4,5;1,6;1,6;7318156290
5275;B029-05;4283230936325;V026-TMS;Passschraube mit Bund ISO 7379 M8-Ø10x20mm;;1,76;Y;84;60;0;30;40;16;16;Y;Y;N;0,03;4;1,6;1,6;7318156290
5274;A002-01;4283230859426;V026-TMS;Passschraube mit Bund ISO 7379 M8-Ø10x16mm;;1,74;Y;66;58;0;20;36;16;16;Y;Y;N;0,02;3,6;1,6;1,6;7318156290
5273;B029-04;4283230936226;V026-TMS;Passschraube mit Bund ISO 7379 M8-Ø10x12mm;;1,69;Y;54;50;0;20;32;16;16;Y;Y;N;0,02;3,2;1,6;1,6;7318156290
5272;B029-06;4283230936424;V026-TMS;Passschraube mit Bund ISO 7379 M8-Ø10x10mm;;1,64;Y;113;65;0;20;29;16;16;Y;Y;N;0,02;2,9;1,6;1,6;7318156290
5271;B029-03;4283230936127;V026-TMS;Passschraube mit Bund ISO 7379 M6-Ø8x30mm;;1,74;Y;41;42;0;20;47;13;13;Y;Y;N;0,02;4,7;1,3;1,3;7318156290
5270;B029-07;4283230936523;V026-TMS;Passschraube mit Bund ISO 7379 M6-Ø8x25mm;;1,59;Y;64;52;0;20;42;13;13;Y;Y;N;0,02;4,2;1,3;1,3;7318156290
5269;B027-02;4283230933621;V026-TMS;Passschraube mit Bund ISO 7379 M6-Ø8x20mm;;1,52;Y;70;54;0;10;37;13;13;Y;Y;N;0,01;3,7;1,3;1,3;7318156290
5268;B029-08;4283230936622;V026-TMS;Passschraube mit Bund ISO 7379 M6-Ø8x16mm;;1,52;Y;65;73;0;10;33;13;13;Y;Y;N;0,01;3,3;1,3;1,3;7318156290
5267;B028-07;4283230935328;V026-TMS;Passschraube mit Bund ISO 7379 M6-Ø8x12mm;;1,47;Y;57;62;0;10;29;13;13;Y;Y;N;0,01;2,9;1,3;1,3;7318156290
5266;B028-03;4283230934925;V026-TMS;Passschraube mit Bund ISO 7379 M6-Ø8x10mm;;1,47;Y;65;62;0;10;27;13;13;Y;Y;N;0,01;2,7;1,3;1,3;7318156290
5265;B028-05;4283230935120;V026-TMS;Passschraube mit Bund ISO 7379 M6-Ø8x8mm;;1,71;Y;40;31;0;10;25;13;13;Y;Y;N;0,01;2,5;1,3;1,3;7318156290
5264;B028-02;4283230934826;V026-TMS;Passschraube mit Bund ISO 7379 M5-Ø6x30mm;;1,47;Y;44;25;0;10;44;10;10;Y;Y;N;0,01;4,4;1;1;7318156290
5263;B028-06;4283230935229;V026-TMS;Passschraube mit Bund ISO 7379 M5-Ø6x25mm;;1,38;Y;63;28;0;10;39;10;10;Y;Y;N;0,01;3,9;1;1;7318156290
5262;B026-02;4283230932426;V026-TMS;Passschraube mit Bund ISO 7379 M5-Ø6x20mm;;1,38;Y;80;49;0;10;34;10;10;Y;Y;N;0,01;3,4;1;1;7318156290
5261;B027-01;4283230933522;V026-TMS;Passschraube mit Bund ISO 7379 M5-Ø6x16mm;;1,33;Y;44;32;0;10;30;10;10;Y;Y;N;0,01;3;1;1;7318156290
5260;B028-04;4283230935021;V026-TMS;Passschraube mit Bund ISO 7379 M5-Ø6x12mm;;1,38;Y;48;34;0;10;26;10;10;Y;Y;N;0,01;2,6;1;1;7318156290
5259;B028-08;4283230935427;V026-TMS;Passschraube mit Bund ISO 7379 M5-Ø6x10mm;;1,33;Y;72;53;0;10;24;10;10;Y;Y;N;0,01;2,4;1;1;7318156290
5258;B027-05;4283230933928;V026-TMS;Passschraube mit Bund ISO 7379 M5-Ø6x8mm;;1,48;Y;67;41;0;10;22;10;10;Y;Y;N;0,01;2,2;1;1;7318156290
5255;A015-02;4283230879820;V036-TSC;Wellenkupplung Alu flex mit Klemmnabe D20L25 Ø8 auf Ø10mm;;5,92;Y;12;4;0;20;25;20;25;Y;Y;N;0,02;2,5;2;2,5;8483608090
5254;A011-01;4283230873422;V036-TSC;Wellenkupplung Alu flex mit Klemmnabe D20L25 Ø6 auf Ø10mm;;5,92;Y;7;2;0;20;25;20;20;Y;Y;N;0,02;2,5;2;2;8483608090
5253;B005-10;4283230912626;V084-TSC;Wellenkupplung Kunststoff flex D22L25 Ø10 auf Ø10mm;;3;Y;21;12;0;10;25;22;22;Y;Y;N;0,01;2,5;2,2;2,2;8483608090
5252;A008-03;4283230868923;V084-TSC;Wellenkupplung Kunststoff flex D19L23 Ø6 auf Ø8mm;;2,62;Y;6;0;0;10;22;19;19;Y;Y;N;0,01;2,2;1,9;1,9;8483608090
5251;B020-05;4283230926821;V084-TSC;Wellenkupplung Kunststoff flex D19L23 Ø5 auf Ø8mm;;2,62;Y;26;2;0;10;22,5;19;19;Y;Y;N;0,01;2,25;1,9;1,9;8483608090
5250;B013-06;4283230919823;V084-TSC;Wellenkupplung Kunststoff flex D14L21 Ø5 auf Ø5mm;;2,65;Y;23;15;0;10;21;14;14;Y;Y;N;0,01;2,1;1,4;1,4;8483608090
5249;M004-08;4283230124227;V037-TES;Induktiver Näherungsschalter Montagehalter;;1,61;Y;25;0;0;10;32;24;18;Y;N;N;0,01;3,2;2,4;1,8;8536500700
5248;C004-07;4283230953520;V037-TES;Induktiver Näherungsschalter SN04-P2 PNP Öffner 10-30V;;4,35;Y;32;0;0;40;74;74;18;Y;N;N;0,04;7,4;7,4;1,8;8536500700
5247;R001-03;4283230189622;V037-TES;Induktiver Näherungsschalter SN04-N2 NPN Öffner 10-30V;;4,34;Y;9;0;0;40;75;65;18;Y;N;N;0,04;7,5;6,5;1,8;8536500700
5246;D001-06;4283230964625;V037-TES;Induktiver Näherungsschalter SN04-P PNP Schließer 10-30V;;4,32;Y;1;0;0;40;26;28;19;N;N;N;0,04;2,6;2,8;1,9;8536500700
5245;TES-4283230128928;4283230128928;V037-TES;Induktiver Näherungsschalter SN04-N NPN Schließer 10-30V;;4,35;Y;0;0;0;40;90;62,5;17;N;N;N;0,04;9;6,25;1,7;8536500700
5243;PRO-4283230286628;4283230286628;;12V 8.3A Netzteil EVG flach, abgewinkelt;;7,87;N;0;0;0;200;200;55;30;Y;N;N;0,2;20;5,5;3;8504408390
5242;L003-05;4283230031020;V154-TMS;Aluminiumprofil Winkel 30x30 Verbindungsblock 3 Seiten;;6,27;Y;12;0;0;70;68;57;42;Y;N;N;0,07;6,8;5,7;4,2;8487909090
5240;B027-06;4283230934024;V182-TMT;Unterlegscheibe Openbuilds Edelstahl 8x12x1mm, Menge 10 Stk;;2,68;Y;10;2;0;10;12;12;1;Y;Y;N;0,01;1,2;1,2;0,1;8466102000
5239;B026-04;4283230932624;V182-TMT;Unterlegscheibe Openbuilds Edelstahl 5x10x1mm, Menge 10 Stk;;2,59;Y;40;0;0;10;10;10;1;Y;Y;N;0,01;1;1;0,1;8466102000
5238;B027-03;4283230933720;V182-TMT;Unterlegscheibe Openbuilds Edelstahl 5x8x1mm, Menge 10 Stk;;2,49;Y;0;0;0;10;8;8;1;N;Y;N;0,01;0,8;0,8;0,1;8466102000
5237;B027-04;4283230933829;V182-TMT;Unterlegscheibe Openbuilds Messing 11x15.7x1mm, Menge 10 Stk;;3,34;Y;14;2;0;10;15,7;15,7;1;Y;Y;N;0,01;1,57;1,57;0,1;8466102000
5236;B026-01;4283230932327;V182-TMT;Unterlegscheibe Openbuilds Messing 5.1x10x1mm, Menge 10 Stk;;1,65;Y;4;4;0;10;10;10;1;Y;Y;N;0,01;1;1;0,1;8466102000
5235;B027-07;4283230934123;V182-TMT;Unterlegscheibe Openbuilds Messing 5.1x8x1mm, Menge 10 Stk;;1,52;Y;15;6;0;10;8;8;1;Y;Y;N;0,01;0,8;0,8;0,1;8466102000
5233;B027-08;4283230934222;V077-TMT;Openbuilds quadratische Platte Alu 20x20x3;;2,32;Y;16;0;0;0;20;20;3;Y;N;N;0;2;2;0,3;8487909090
5232;B026-03;4283230932525;V077-TMT;Openbuilds würfelfürmiger Verbinder Schwarz;;3,44;Y;12;2;0;10;21;21;21;Y;N;N;0,01;2,1;2,1;2,1;8487909090
5231;B026-05;4283230932723;V077-TMT;Openbuilds dreieckiger Verbinder Schwarz Alu;;3,09;Y;2;2;0;10;20;20;20;Y;N;N;0,01;2;2;2;8466102000
5230;B026-06;4283230932822;V077-TMT;Openbuilds Winkel Alu 3 er;;3,61;Y;15;2;0;20;60;19,5;16;Y;N;N;0,02;6;1,95;1,6;8487909090
5229;B026-07;4283230932921;V077-TMT;Openbuilds Winkel Alu 2 er;;2,32;Y;16;6;0;10;38;20;15,5;Y;N;N;0,01;3,8;2;1,55;8487909090
5228;B026-08;4283230933027;V077-TMT;Openbuilds Winkel Alu 1 er;;1,29;Y;11;5;0;0;20;20;14;Y;N;N;0;2;2;1,4;8487909090
5227;TMS-4283230028723;4283230028723;V097-TMS;Alu Profil Verbinder T-Typ 4040 Schwarz;;9,43;Y;0;0;0;180;120;120;6;N;N;N;0,19;12;12;0,6;8487909090
5226;F026-10;4283230041128;V097-TMS;Alu Profil Verbinder T-Typ 4040 Weiß;;9,29;Y;9;0;0;80;63;44,5;11;Y;N;N;0,09;6,3;4,45;1,1;8487909090
5225;TMS-4283230025425;4283230025425;V097-TMS;Alu Profil Verbinder T-Typ 3030 Schwarz;;6,18;Y;0;0;0;60;90;90;4;N;N;N;0,07;9;9;0,4;8487909090
5224;TMS-4283230020529;4283230020529;V097-TMS;Alu Profil Verbinder T-Typ 3030 Weiß;;6,03;Y;0;0;0;60;91;91;4;N;N;N;0,07;9,1;9,1;0,4;8487909090
5223;B025-05;4283230931528;V097-TMS;Alu Profil Verbinder T-Typ 2020 Schwarz;;3,54;Y;1;0;0;30;60;60;4;Y;N;N;0,03;6;6;0,4;8487909090
5222;B023-05;4283230929624;V097-TMS;Alu Profil Verbinder T-Typ 2020 Weiß;;3,27;Y;5;0;0;30;60;60;4;Y;N;N;0,03;6;6;0,4;8487909090
5221;TMS-4283230019929;4283230019929;V097-TMS;Alu Profil Verbinder L-Typ 4040 Schwarz;;10,32;Y;0;0;0;180;12,5;12,5;6;N;N;N;0,19;1,25;1,25;0,6;8487909090
5220;F021-07;4283230035127;V097-TMS;Alu Profil Verbinder L-Typ 4040 Weiß;;9,46;Y;11;0;0;180;120;120;6;Y;N;N;0,19;12;12;0,6;8487909090
5219;TMS-4283230040022;4283230040022;V097-TMS;Alu Profil Verbinder L-Typ 3030 Schwarz;;6,18;Y;0;0;0;60;90;90;4;N;N;N;0,07;9;9;0,4;8487909090
5218;TMS-4283230028020;4283230028020;V097-TMS;Alu Profil Verbinder L-Typ 3030 Weiß;;6,52;Y;0;0;0;60;90;90;4;N;N;N;0,07;9;9;0,4;8487909090
5217;TMS-4283230930422;4283230930422;V097-TMS;Alu Profil Verbinder L-Typ 2020 Schwarz;;3,62;Y;0;0;0;30;59;59;4;N;N;N;0,03;5,9;5,9;0,4;8487909090
5216;TMS-4283230929723;4283230929723;V097-TMS;Alu Profil Verbinder L-Typ 2020 Silber;;3,62;Y;0;0;0;30;60;60;4;N;N;N;0,03;6;6;0,4;8487909090
5214;I039-01;4283230082329;V008-TMT;Kugelgewindetrieb KGT1605-3-L1000;;44,43;Y;15;6;0;1530;1000;48;40;Y;Y;N;1,61;100;4,8;4;8483403090
5213;I043-03;4283230080929;V008-TMT;Kugelgewindetrieb KGT1605-3-L800;;36,73;Y;6;6;0;1250;800;48,5;40;Y;Y;N;1,32;80;4,85;4;8483403090
5212;I040-02;4283230079527;V008-TMT;Kugelgewindetrieb KGT1605-3-L700;;34,56;Y;5;6;0;1010;700;48,5;40;Y;Y;N;1,06;70;4,85;4;8483403090
5211;T012-01;4283230080127;V008-TMT;Kugelgewindetrieb KGT1605-3-L600;;34,17;Y;8;7;0;970;600;48,5;40;Y;Y;N;1,02;60;4,85;4;8483403090
5210;T011-01;4283230081124;V008-TMT;Kugelgewindetrieb KGT1605-3-L500;;32,12;Y;4;4;0;830;500;48;40;Y;Y;N;0,87;50;4,8;4;8483403090
5209;T014-01;4283230081926;V008-TMT;Kugelgewindetrieb KGT1605-3-L400;;30,07;Y;9;7;0;690;400;48;40;Y;Y;N;0,72;40;4,8;4;8483403090
5208;C009-01;4283230956927;V008-TMT;Kugelgewindetrieb KGT1605-3-L300;;28;Y;8;4;0;550;315;43;43;Y;Y;N;0,58;31,5;4,3;4,3;8483403090
5207;C016-05;4283230962225;V008-TMT;Kugelgewindetrieb KGT1605-3-L250;;26,68;Y;7;12;0;480;250;48,5;48,5;Y;Y;N;0,5;25;4,85;4,85;8483403090
5206;D011-01;4283230972026;V008-TMT;Kugelgewindetrieb KGT1605-3-L200;;25,95;Y;0;0;0;410;200;49;40;Y;Y;N;0,43;20;4,9;4;8483403090
5205;D017-03;4283230976628;V008-TMT;Kugelgewindetrieb KGT1605-3-L150;;25,84;Y;29;0;0;340;150;49;40;Y;Y;N;0,36;15;4,9;4;8483403090
5203;I019-01;4283230082428;V008-TMT;Kugelgewindetrieb KGT1204-3-L1000;;46,08;Y;26;0;0;800;1000;41;30;Y;Y;N;0,84;100;4,1;3;8483403090
5202;I037-01;4283230077929;V008-TMT;Kugelgewindetrieb KGT1204-3-L800;;39,19;Y;10;6;0;660;800;40,5;30,5;Y;Y;N;0,69;80;4,05;3,05;8483403090
5201;I037-03;4283230078223;V008-TMT;Kugelgewindetrieb KGT1204-3-L700;;38,52;Y;12;4;0;590;700;40;30;Y;Y;N;0,62;70;4;3;8483403090
5200;T008-01;4283230079329;V008-TMT;Kugelgewindetrieb KGT1204-3-L600;;36,67;Y;10;0;0;520;600;40,5;30;Y;Y;N;0,54;60;4,05;3;8483403090
5199;T003-01;4283230072627;V008-TMT;Kugelgewindetrieb KGT1204-3-L500;;34,22;Y;15;4;0;440;500;40;30,5;Y;Y;N;0,46;50;4;3,05;8483403090
5198;D017-01;4283230081223;V008-TMT;Kugelgewindetrieb KGT1204-3-L400;;32,38;Y;16;17;0;370;400;40,5;30;Y;Y;N;0,39;40;4,05;3;8483403090
5197;I023-02;4283230963628;V008-TMT;Kugelgewindetrieb KGT1204-3-L300;;31,22;Y;37;33;0;290;300;40;30;Y;Y;N;0,31;30;4;3;8483403090
5196;C008-05;4283230956620;V008-TMT;Kugelgewindetrieb KGT1204-3-L250;;30,47;Y;5;4;0;260;320;85;40,5;Y;Y;N;0,27;32;8,5;4,05;8483403090
5195;G009-03;4283230046321;V008-TMT;Kugelgewindetrieb KGT1204-3-L200;;29,29;Y;2;8;0;230;200;40;30;Y;Y;N;0,24;20;4;3;8483403090
5193;B024-08;4283230930729;V012-TMT;Trapezgewindemutter T8x2x8, POM eckig;;2,73;Y;11;6;0;10;34;20;12;Y;Y;N;0,01;3,4;2;1,2;7318156290
5192;B025-03;4283230931320;V012-TMT;Trapezgewindemutter T8x2x4, POM eckig;;2,78;Y;18;0;1;30;34;20;12;Y;Y;N;0,03;3,4;2;1,2;7318156290
5191;B022-07;4283230928726;V012-TMT;Trapezgewindemutter T8x2x2, POM eckig;;2,73;Y;10;9;0;10;34;20;12;Y;Y;N;0,01;3,4;2;1,2;7318156290
5190;B022-04;4283230928627;V012-TMT;Trapezgewindemutter T8x2x8, Messing eckig;;2,75;Y;64;48;0;10;22;11;15;Y;Y;N;0,01;2,2;1,1;1,5;7318156290
5189;B024-07;4283230930620;V012-TMT;Trapezgewindemutter T8x2x2, Messing eckig;;2,75;Y;54;41;0;10;22;11;15;Y;Y;N;0,01;2,2;1,1;1,5;7318156290
5186;TMT-4283230887320;4283230887320;V124-TMT;Leitrolle Führungsrolle Laufrolle 5x21x7mm Weiß;;1,63;Y;0;0;0;10;21,5;21,5;7;N;N;N;0,01;2,15;2,15;0,7;8482101010
5173;A002-06;4283230859822;V057-TMS;Nutenstein schwer 40-M5;;0,96;Y;52;0;0;20;19,5;19,5;10;Y;N;N;0,02;1,95;1,95;1;8483902090
5172;A007-01;4283230867124;V057-TMS;Nutenstein schwer 40-M4;;0,96;Y;50;0;0;20;20;20;10;Y;N;N;0,02;2;2;1;8483902090
5171;A015-04;4283230880024;V057-TMS;Nutenstein schwer 30-M8;;0,78;Y;92;0;0;10;16;16;6;Y;N;N;0,01;1,6;1,6;0,6;8483902090
5170;TMS-4283230880222;4283230880222;V057-TMS;Nutenstein schwer 30-M6;;0,78;Y;0;0;0;10;16;16;6;N;N;N;0,01;1,6;1,6;0,6;8483902090
5169;A015-01;4283230879721;V057-TMS;Nutenstein schwer 30-M5;;0,78;Y;0;0;0;10;16;16;6;N;N;N;0,01;1,6;1,6;0,6;8483902090
5168;A006-11;4283230866622;V057-TMS;Nutenstein schwer 30-M4;;0,78;Y;0;0;0;10;16;16;6;N;N;N;0,01;1,6;1,6;0,6;8483902090
5167;A006-08;4283230866325;V057-TMS;Nutenstein schwer 30-M3;;1,12;Y;25;0;0;10;16;16;6;Y;N;N;0,01;1,6;1,6;0,6;8483902090
5166;A015-08;4283230880321;V057-TMS;Nutenstein schwer 20-M6;;0,6;Y;9;0;0;10;11;10;5;Y;N;N;0,01;1,1;1;0,5;8483902090
5165;TMS-4283230872524;4283230872524;V057-TMS;Nutenstein schwer 20-M5;;0,6;Y;0;0;0;0;9,5;9,5;5;N;N;N;0;0,95;0,95;0,5;8483902090
5164;TMS-4283230878724;4283230878724;V057-TMS;Nutenstein schwer 20-M4;;0,6;Y;0;0;0;10;10;10;4;N;N;N;0,01;1;1;0,4;8483902090
5163;A015-11;4283230880628;V057-TMS;Nutenstein schwer 20-M3;;0,6;Y;203;0;0;10;9,5;9,5;4;Y;N;N;0,01;0,95;0,95;0,4;8483902090
5142;A014-09;4283230878922;V057-TMS;Nutenstein Hammermutter 45-M8;;0,72;Y;62;0;0;10;19;10;9;Y;N;N;0,01;1,9;1;0,9;8483902090
5141;A003-11;4283230861924;V057-TMS;Nutenstein Hammermutter 45-M6;;0,72;Y;21;0;0;10;19;10;9;Y;N;N;0,01;1,9;1;0,9;8483902090
5140;A012-11;4283230875921;V057-TMS;Nutenstein Hammermutter 45-M5;;0,72;Y;51;0;0;10;19;10;9;Y;N;N;0,01;1,9;1;0,9;8483902090
5139;A007-09;4283230867926;V057-TMS;Nutenstein Hammermutter 45-M4;;0,72;Y;69;0;0;10;19;10;8;Y;N;N;0,01;1,9;1;0,8;8483902090
5138;TMS-4283230874429;4283230874429;V057-TMS;Nutenstein Hammermutter 40-M8;;0,72;Y;0;0;0;10;19;10;6,5;N;N;N;0,01;1,9;1;0,65;8483902090
5137;A007-11;4283230868121;V057-TMS;Nutenstein Hammermutter 40-M6;;0,66;Y;134;0;0;10;19;8;7;Y;N;N;0,01;1,9;0,8;0,7;8483902090
5136;A010-12;4283230872920;V057-TMS;Nutenstein Hammermutter 40-M5;;0,66;Y;33;0;0;10;19;8;7;Y;N;N;0,01;1,9;0,8;0,7;8483902090
5135;A002-13;4283230860521;V057-TMS;Nutenstein Hammermutter 40-M4;;0,66;Y;80;0;0;10;19;8;8;Y;N;N;0,01;1,9;0,8;0,8;8483902090
5134;F019-04;4283230273420;V057-TMS;Nutenstein Hammermutter 40-M3;;0,78;Y;280;0;0;10;19,5;7,8;7;Y;N;N;0,01;1,95;0,78;0,7;8483902090
5133;A009-13;4283230871428;V057-TMS;Nutenstein Hammermutter 30-M6;;0,6;Y;74;0;0;10;16;8;6;Y;N;N;0,01;1,6;0,8;0,6;8483902090
5132;A007-13;4283230868329;V057-TMS;Nutenstein Hammermutter 30-M5;;0,6;Y;0;0;0;10;16;8;6;N;N;N;0,01;1,6;0,8;0,6;8483902090
5131;A002-04;4283230859723;V057-TMS;Nutenstein Hammermutter 30-M4;;0,6;Y;0;0;0;10;15,5;8;6;N;N;N;0,01;1,55;0,8;0,6;8483902090
5130;A002-10;4283230860224;V057-TMS;Nutenstein Hammermutter 30-M3;;0,66;Y;37;0;0;10;15,5;8;6;Y;N;N;0,01;1,55;0,8;0,6;8483902090
5129;TMS-4283230861627;4283230861627;V057-TMS;Nutenstein Hammermutter 20-M5;;0,54;Y;0;0;0;10;10;6;5;N;N;N;0,01;1;0,6;0,5;8483902090
5128;TMS-4283230872128;4283230872128;V057-TMS;Nutenstein Hammermutter 20-M4;;0,54;Y;0;0;0;10;10;6;4,5;N;N;N;0,01;1;0,6;0,45;8483902090
5127;A011-06;4283230873927;V057-TMS;Nutenstein Hammermutter 20-M3;;0,54;Y;136;0;0;10;10;6;4;Y;N;N;0,01;1;0,6;0,4;8483902090
5126;B018-06;4283230273321;V057-TMS;Nutenstein Hammermutter 15-M5;;0,93;Y;122;0;0;10;8;6;3;Y;N;N;0,01;0,8;0,6;0,3;8483902090
5125;A014-10;4283230879028;V057-TMS;Nutenstein Hammermutter 15-M4;;0,93;Y;16;0;0;10;4;6;3;Y;N;N;0,01;0,4;0,6;0,3;8483902090
5124;A001-12;4283230859020;V057-TMS;Nutenstein Hammermutter 15-M3;;0,93;Y;106;0;0;10;8;6;3;Y;N;N;0,01;0,8;0,6;0,3;8483902090
5105;TES-4283230914224;4283230914224;V105-TES;Signalleuchte LED Einbau Ø6mm, 220V Grün;;1,98;Y;0;0;0;0;30;30;8;N;N;N;0;3;3;0,8;8536500700
5104;B016-09;4283230923028;V105-TES;Signalleuchte LED Einbau Ø6mm, 220V Rot;;1,98;Y;4;0;0;0;42;8;8;Y;N;N;0;4,2;0,8;0,8;8536500700
5103;E015-09;4283230992321;V105-TES;Signalleuchte LED Einbau Ø6mm, 24V Grün;;1,98;Y;8;0;0;0;24;24;8;Y;N;N;0;2,4;2,4;0,8;8536500700
5102;E019-09;4283230995728;V105-TES;Signalleuchte LED Einbau Ø6mm, 24V Rot;;1,98;Y;18;0;0;0;20;8;8;Y;N;N;0;2;0,8;0,8;8536500700
5101;B013-03;4283230919625;V105-TES;Signalleuchte LED Einbau Ø6mm, 12V Weiß;;1,99;Y;6;0;0;0;50;40;8;Y;N;N;0;5;4;0,8;8536500700
5100;B017-02;4283230923325;V105-TES;Signalleuchte LED Einbau Ø6mm, 12V Blau;;1,98;Y;5;0;0;0;30;8;8;Y;N;N;0;3;0,8;0,8;8536500700
5099;B019-09;4283230926128;V105-TES;Signalleuchte LED Einbau Ø6mm, 12V Gelb;;1,98;Y;8;0;0;0;20;8;8;Y;N;N;0;2;0,8;0,8;8536500700
5098;B012-05;4283230918628;V105-TES;Signalleuchte LED Einbau Ø6mm, 12V Grün;;1,98;Y;15;0;0;0;30;30;8;Y;N;N;0;3;3;0,8;8536500700
5097;TES-4283230921529;4283230921529;V105-TES;Signalleuchte LED Einbau Ø6mm, 12V Rot;;1,98;Y;0;0;0;0;40;8;8;N;N;N;0;4;0,8;0,8;8536500700
5096;B017-05;4283230923622;V105-TES;Signalleuchte LED Einbau Ø6mm, 6V Grün;;1,98;Y;12;0;0;0;42;8;8;Y;N;N;0;4,2;0,8;0,8;8536500700
5095;B017-07;4283230923820;V105-TES;Signalleuchte LED Einbau Ø6mm, 6V Rot;;1,98;Y;11;0;0;0;20;8;8;Y;N;N;0;2;0,8;0,8;8536500700
5093;TES-4283230861221;4283230861221;V165-TES;Signalleuchte XD 10-3 Einbau Ø10mm mit 20cm Kabel 220-240Vac grün;;0,94;Y;0;0;0;10;42;12;12;N;N;N;0,01;4,2;1,2;1,2;8536500700
5092;A003-09;4283230861726;V165-TES;Signalleuchte XD 10-3 Einbau Ø10mm mit 20cm Kabel 220-240Vac gelb;;0,94;Y;11;0;0;10;42;12;120;Y;N;N;0,01;4,2;1,2;12;8536500700
5091;TES-4283230864222;4283230864222;V165-TES;Signalleuchte XD 10-3 Einbau Ø10mm mit 20cm Kabel 220-240Vac rot;;0,94;Y;0;0;0;10;42;12;12;N;N;N;0,01;4,2;1,2;1,2;8536500700
5090;A001-02;4283230858122;V165-TES;Signalleuchte XD 10-3 Einbau Ø10mm mit 20cm Kabel 24Vdc grün;;0,94;Y;11;0;0;10;42;13;13;Y;N;N;0,01;4,2;1,3;1,3;8536500700
5089;TES-4283230866028;4283230866028;V165-TES;Signalleuchte XD 10-3 Einbau Ø10mm mit 20cm Kabel 24Vdc gelb;;0,94;Y;0;0;0;10;42;12;12;N;N;N;0,01;4,2;1,2;1,2;8536500700
5088;A001-08;4283230858627;V165-TES;Signalleuchte XD 10-3 Einbau Ø10mm mit 20cm Kabel 24Vdc rot;;0,94;Y;16;0;0;10;42;12;12;Y;N;N;0,01;4,2;1,2;1,2;8536500700
5086;J026-04;4283230110022;V070-TMT;Motorhalter Klemmhalterung, NEMA23 Schrittmotor 57er, Alu gefräst 40mm silber + 4x Schraube M5x55mm;;13,5;Y;4;4;0;220;62;62;40,5;Y;Y;N;0,23;6,2;6,2;4,05;8466102000
5085;J003-11;4283230086525;V070-TMT;Motorhalter Klemmhalterung, NEMA23 Schrittmotor 57er, Alu gefräst 40mm schwarz + 4x Schraube M5x55mm;;13,5;Y;10;6;0;220;60;60;45,5;Y;Y;N;0,23;6;6;4,55;8466102000
5084;D011-03;4283230972125;V070-TMT;Motorhalter Klemmhalterung, NEMA23 Schrittmotor 57er, Kunststoff 40mm schwarz;;5,98;Y;25;5;0;30;55;55;45;Y;Y;N;0,03;5,5;5,5;4,5;8466102000
5082;TMS-4283230969224;4283230969224;V071-TMS;Handgriff 120mm Nylon schwarz;;1,69;Y;0;0;0;40;139;40;25;N;N;N;0,04;13,9;4;2,5;8487909090
5081;C004-02;4283230953025;V071-TMS;Handgriff 90mm Nylon schwarz;;1,44;Y;19;0;0;20;106;37;20;Y;N;N;0,02;10,6;3,7;2;8487909090
5080;C007-05;4283230955821;V071-TMS;Handgriff 90mm Alu schwarz;;2,7;Y;2;0;0;40;106;36;19,5;Y;N;N;0,04;10,6;3,6;1,95;8487909090
5076;A004-11;4283230863423;V057-TMS;Nutenstein Zentriersteg & Federkugel einschwenkbar 45-M8;;0,99;Y;34;0;0;10;23;15;9;Y;N;N;0,01;2,3;1,5;0,9;8483902090
5075;TMS-4283230869821;4283230869821;V057-TMS;Nutenstein Zentriersteg & Federkugel einschwenkbar 40-M8;;0,93;Y;0;0;0;10;22;13;8;N;N;N;0,01;2,2;1,3;0,8;8483902090
5074;TMS-4283230870322;4283230870322;V057-TMS;Nutenstein Zentriersteg & Federkugel einschwenkbar 30-M8;;0,88;Y;0;0;0;10;21;11,5;8;N;N;N;0,01;2,1;1,15;0,8;8483902090
5073;A003-01;4283230860927;V057-TMS;Nutenstein Zentriersteg & Federkugel einschwenkbar 45-M6;;0,99;Y;30;0;0;10;22,5;15;9;Y;N;N;0,01;2,25;1,5;0,9;8483902090
5072;A009-04;4283230870629;V057-TMS;Nutenstein Zentriersteg & Federkugel einschwenkbar 40-M6;;0,93;Y;1;0;0;10;22;13;9;Y;N;N;0,01;2,2;1,3;0,9;8483902090
5071;TMS-4283230869326;4283230869326;V057-TMS;Nutenstein Zentriersteg & Federkugel einschwenkbar 30-M6;;0,88;Y;0;0;0;10;21;11;8;N;N;N;0,01;2,1;1,1;0,8;8483902090
5070;A010-05;4283230872227;V057-TMS;Nutenstein Zentriersteg & Federkugel einschwenkbar 20-M6;;0,82;Y;25;0;0;10;14;8;5;Y;N;N;0,01;1,4;0,8;0,5;8483902090
5069;A002-09;4283230860125;V057-TMS;Nutenstein Zentriersteg & Federkugel einschwenkbar 45-M5;;1,02;Y;70;0;0;20;23;15;9;Y;N;N;0,02;2,3;1,5;0,9;8483902090
5068;A006-09;4283230866424;V057-TMS;Nutenstein Zentriersteg & Federkugel einschwenkbar 40-M5;;0,93;Y;20;0;0;10;22;13,5;9;Y;N;N;0,01;2,2;1,35;0,9;8483902090
5067;TMS-4283230875129;4283230875129;V057-TMS;Nutenstein Zentriersteg & Federkugel einschwenkbar 30-M5;;0,88;Y;0;0;0;10;20,5;11,5;9;N;N;N;0,01;2,05;1,15;0,9;8483902090
5066;TMS-4283230870827;4283230870827;V057-TMS;Nutenstein Zentriersteg & Federkugel einschwenkbar 20-M5;;0,82;Y;0;0;0;10;13,5;8;5;N;N;N;0,01;1,35;0,8;0,5;8483902090
5065;A013-11;4283230877529;V057-TMS;Nutenstein Zentriersteg & Federkugel einschwenkbar 45-M4;;1,02;Y;78;0;0;20;23;15;10;Y;N;N;0,02;2,3;1,5;1;8483902090
5064;A014-03;4283230878328;V057-TMS;Nutenstein Zentriersteg & Federkugel einschwenkbar 40-M4;;0,93;Y;8;0;0;10;22;13;9;Y;N;N;0,01;2,2;1,3;0,9;8483902090
5063;TMS-4283230874320;4283230874320;V057-TMS;Nutenstein Zentriersteg & Federkugel einschwenkbar 30-M4;;0,88;Y;0;0;0;10;20;11,5;8;N;N;N;0,01;2;1,15;0,8;8483902090
5062;TMS-4283230878526;4283230878526;V057-TMS;Nutenstein Zentriersteg & Federkugel einschwenkbar 20-M4;;0,82;Y;0;0;0;10;14;8;5;N;N;N;0,01;1,4;0,8;0,5;8483902090
5061;A009-11;4283230871220;V007-TMT;Zahnriemenscheibe 3GT-20BF-B8-6: Zähne 20, Typ BF, Bohrung 8mm, Riemenbreite 6mm;;3,39;Y;17;4;0;10;16;22;16;Y;Y;N;0,01;1,6;2,2;1,6;8483508090
5059;TMS-4283230084125;4283230084125;V147-TMS;Sechskantschrauben SET M3, Menge 90 Stk;;2,51;Y;0;0;0;120;130;65;25;N;N;N;0,12;13;6,5;2,5;8483902090
5058;TMS-4283230112927;4283230112927;V147-TMS;Sechskantschrauben + Muttern SET M3, Menge 300 Stk;;2,93;Y;0;0;0;220;125;62;22;N;N;N;0,23;12,5;6,2;2,2;8483902090
5057;TMS-4283230116826;4283230116826;V147-TMS;Schrauben SET Schrauben + Muttern M3, Menge 280 Stk;;3,35;Y;0;6;0;220;121;60,5;20;N;N;N;0,24;12,1;6,05;2;8483902090
5055;J002-09;4283230085122;V159-TMS;Ringschraube Dehnschraube M12x120;;12,31;Y;4;0;0;230;160;49,5;27;Y;N;N;0,24;16;4,95;2,7;7318156290
5054;J007-08;4283230090225;V159-TMS;Ringschraube Dehnschraube M12x100;;11,62;Y;4;0;0;210;110,5;49;26,5;Y;N;N;0,22;11,05;4,9;2,65;7318156290
5053;J004-02;4283230086723;V159-TMS;Ringschraube Dehnschraube M12x80;;11,08;Y;3;0;0;190;120;49;27;Y;N;N;0,2;12;4,9;2,7;7318156290
5052;J002-06;4283230084729;V159-TMS;Ringschraube Dehnschraube M10x120;;8,9;Y;2;0;0;150;150;42;22;Y;N;N;0,16;15;4,2;2,2;7318156290
5051;J008-09;4283230091222;V159-TMS;Ringschraube Dehnschraube M10x100;;8,53;Y;7;0;0;130;130;42;21,5;Y;N;N;0,14;13;4,2;2,15;7318156290
5050;J001-01;4283230083128;V159-TMS;Ringschraube Dehnschraube M10x80;;7,79;Y;8;0;0;60;78;20;20;Y;N;N;0,07;7,8;2;2;7318156290
5049;J001-04;4283230083425;V159-TMS;Ringschraube Dehnschraube M8x100;;6,52;Y;10;0;0;90;130;40;24;Y;N;N;0,09;13;4;2,4;7318156290
5048;J009-01;4283230091529;V159-TMS;Ringschraube Dehnschraube M8x80;;6,56;Y;20;0;0;80;100,5;35;19,5;Y;N;N;0,08;10,05;3,5;1,95;7318156290
5047;J011-02;4283230093622;V159-TMS;Ringschraube Dehnschraube M8x60;;6,18;Y;17;0;0;70;80,5;34,5;19;Y;N;N;0,07;8,05;3,45;1,9;7318156290
5046;B006-04;4283230913227;V159-TMS;Ringschraube Dehnschraube M6x80;;5,18;Y;10;0;0;40;103;27;15;Y;N;N;0,05;10,3;2,7;1,5;7318156290
5045;B015-05;4283230921727;V159-TMS;Ringschraube Dehnschraube M6x60;;4,96;Y;10;0;0;40;85;32;20;Y;N;N;0,04;8,5;3,2;2;7318156290
5035;F005-05;4283230016928;V159-TMS;Dehnschraube Hakenbolzen M12;;4,19;Y;4;0;0;160;140;50,5;24;Y;N;N;0,17;14;5,05;2,4;7318156290
5034;A004-01;4283230862426;V159-TMS;Dehnschraube Hakenbolzen M10;;2,85;Y;5;0;0;100;117,5;42;20;Y;N;N;0,1;11,75;4,2;2;7318156290
5033;A015-09;4283230880420;V159-TMS;Dehnschraube Hakenbolzen M8;;2,34;Y;4;0;0;60;106;40;13;Y;N;N;0,06;10,6;4;1,3;7318156290
5032;A015-12;4283230880727;V159-TMS;Dehnschraube Hakenbolzen M6;;1,59;Y;3;0;0;30;91;33;10;Y;N;N;0,03;9,1;3,3;1;7318156290
5030;B020-08;4283230927125;V168-TMS;Maschinengriff drehbar M10x85 Kunststoff;;3,77;Y;4;0;0;130;99;27;27;Y;N;N;0,13;9,9;2,7;2,7;8487909090
5029;TMS-4283230923929;4283230923929;V168-TMS;Maschinengriff drehbar M8x63 Kunststoff;;3,34;Y;0;0;0;70;84;26,5;26,5;N;N;N;0,08;8,4;2,65;2,65;8487909090
5028;B013-04;4283230919724;V168-TMS;Maschinengriff drehbar M6x50 Kunststoff;;2,73;Y;0;0;0;50;69;22;22;N;N;N;0,05;6,9;2,2;2,2;8487909090
5027;TMS-4283230919021;4283230919021;V168-TMS;Maschinengriff drehbar M6x32 Kunststoff;;2,43;Y;0;0;0;20;45;17;17;N;N;N;0,02;4,5;1,7;1,7;8487909090
5026;TMS-4283230916327;4283230916327;V168-TMS;Maschinengriff verstellbar M8x40 Alu;;2,99;Y;0;0;0;60;70;19;19;N;N;N;0,06;7;1,9;1,9;8487909090
5025;TMS-4283230923424;4283230923424;V168-TMS;Maschinengriff verstellbar M6x35 Alu;;2,69;Y;0;0;0;30;61;57,5;12,5;N;N;N;0,03;6,1;5,75;1,25;8487909090
5023;e029-09;4283230005427;V012-TMT;Trapezgewindemutter T8x2x4, POM spielfrei Openbuilds;;3,13;Y;25;9;0;10;38;34;12;Y;Y;N;0,01;3,8;3,4;1,2;7318156290
5022;B001-06;4283230908025;V012-TMT;Trapezgewindemutter T8x2x4, POM;;2,02;Y;15;28;1;10;22;22;15;Y;Y;N;0,01;2,2;2,2;1,5;7318156290
5021;J009-09;4283230092229;V012-TMT;Trapezgewindemutter T8x2x4, Messing spielfrei;;4,87;Y;63;42;0;20;52,5;37,5;15;Y;Y;N;0,02;5,25;3,75;1,5;7318156290
5020;B003-08;4283230910325;V012-TMT;Trapezgewindemutter T8x2x4, Messing;;2,75;Y;80;76;0;10;22;22;15;Y;Y;N;0,01;2,2;2,2;1,5;7318156290
5019;I028-03;4283230074621;V012-TMT;Trapezgewindespindel T8x2x4-500, 304 Edelstahl V2A;;7,17;Y;22;24;0;160;500;8;8;Y;Y;N;0,16;50;0,8;0,8;7318156290
5018;C001-02;4283230950628;V012-TMT;Trapezgewindespindel T8x2x4-400, 304 Edelstahl V2A;;6,32;Y;2;27;0;120;400;4;4;Y;Y;N;0,13;40;0,4;0,4;7318156290
5017;C004-05;4283230953322;V012-TMT;Trapezgewindespindel T8x2x4-300, 304 Edelstahl V2A;;4,88;Y;31;22;0;90;300;8;8;Y;Y;N;0,1;30;0,8;0,8;7318156290
5016;L004-06;4283230115423;V012-TMT;Trapezgewindespindel T8x2x4-250, 304 Edelstahl V2A;;4,34;Y;18;18;0;80;250;8;8;Y;Y;N;0,08;25;0,8;0,8;7318156290
5015;J012-03;4283230094728;V012-TMT;Trapezgewindespindel T8x2x4-200, 304 Edelstahl V2A;;3,93;Y;12;10;0;60;200;8;8;Y;Y;N;0,07;20;0,8;0,8;7318156290
5014;J003-09;4283230086327;V012-TMT;Trapezgewindespindel T8x2x4-150, 304 Edelstahl V2A;;3,09;Y;16;12;0;50;150;8;8;Y;Y;N;0,05;15;0,8;0,8;7318156290
5013;A024-03;4283230893529;V012-TMT;Trapezgewindespindel T8x2x4-100, 304 Edelstahl V2A;;2,39;Y;15;7;0;30;100;8;8;Y;Y;N;0,03;10;0,8;0,8;7318156290
5011;J010-08;4283230093226;V012-TMT;Trapezgewindemutter T8x2x2, POM spielfrei Openbuilds;;3,13;Y;18;14;0;10;40;34;12;Y;Y;N;0,01;4;3,4;1,2;7318156290
5010;A021-02;4283230889126;V012-TMT;Trapezgewindemutter T8x2x2, POM;;1,88;Y;32;30;1;10;22;22;15;Y;Y;N;0,01;2,2;2,2;1,5;7318156290
5009;G019-08;4283230052629;V012-TMT;Trapezgewindemutter T8x2x2, Messing spielfrei;;4,88;Y;94;79;0;20;60;50;15;Y;Y;N;0,02;6;5;1,5;7318156290
5008;B010-10;4283230917126;V012-TMT;Trapezgewindemutter T8x2x2, Messing;;2,75;Y;133;121;0;10;22;22;15;Y;Y;N;0,01;2,2;2,2;1,5;7318156290
5007;T006-03;4283230080721;V012-TMT;Trapezgewindespindel T8x2x2-500, 304 Edelstahl V2A;;7,17;Y;41;41;0;150;500;8;8;Y;Y;N;0,16;50;0,8;0,8;7318156290
5006;TMT-4283230952424;4283230952424;V012-TMT;Trapezgewindespindel T8x2x2-400, 304 Edelstahl V2A;;6,32;Y;0;30;0;120;400;8;8;Y;Y;N;0,13;40;0,8;0,8;7318156290
5005;C013-06;4283230960122;V012-TMT;Trapezgewindespindel T8x2x2-300, 304 Edelstahl V2A;;4,88;Y;71;53;0;90;300;8;8;Y;Y;N;0,1;30;0,8;0,8;7318156290
5004;L010-06;4283230119322;V012-TMT;Trapezgewindespindel T8x2x2-250, 304 Edelstahl V2A;;4,34;Y;32;31;0;70;250;8;8;Y;Y;N;0,08;25;0,8;0,8;7318156290
5003;L001-07;4283230111722;V012-TMT;Trapezgewindespindel T8x2x2-200, 304 Edelstahl V2A;;3,9;Y;46;31;0;60;200;8;8;Y;Y;N;0,06;20;0,8;0,8;7318156290
5002;J006-04;4283230088826;V012-TMT;Trapezgewindespindel T8x2x2-150, 304 Edelstahl V2A;;3,09;Y;27;23;0;50;150;8;8;Y;Y;N;0,05;15;0,8;0,8;7318156290
5001;J003-07;4283230086129;V012-TMT;Trapezgewindespindel T8x2x2-100, 304 Edelstahl V2A;;2,39;Y;34;32;0;30;100;8;8;Y;Y;N;0,03;10;0,8;0,8;7318156290
4944;H011-10;4283230038722;;Klauenkupplung D40L66: Ø40, Länge 66, Alu 7075, Ø20mm Kupplungshälfte;;7,58;Y;33;23;0;10;20;20;9;Y;Y;N;0,01;2;2;0,9;8483608090
4943;E005-06;4283230957726;;Klauenkupplung D40L66: Ø40, Länge 66, Alu 7075, Ø19mm Kupplungshälfte;;7,69;Y;26;16;0;70;40;39;40;Y;Y;N;0,07;4;3,9;4;8483608090
4940;E009-08;4283230971623;;Klauenkupplung D40L66: Ø40, Länge 66, Alu 7075, Ø16mm Kupplungshälfte;;7,71;Y;16;14;0;80;40;39;40;Y;Y;N;0,08;4;3,9;4;8483608090
4939;E010-05;4283230973528;;Klauenkupplung D40L66: Ø40, Länge 66, Alu 7075, Ø15mm Kupplungshälfte;;7,71;Y;21;15;0;80;40;39;40;Y;Y;N;0,08;4;3,9;4;8483608090
4938;H007-01;4283230980120;;Klauenkupplung D40L66: Ø40, Länge 66, Alu 7075, Ø14mm Kupplungshälfte;;7,71;Y;29;29;0;80;40;39;40;Y;Y;N;0,08;4;3,9;4;8483608090
4936;E009-03;4283230954022;;Klauenkupplung D40L66: Ø40, Länge 66, Alu 7075, Ø12mm Kupplungshälfte;;7,72;Y;39;21;0;80;24;19;19;Y;Y;N;0,09;2,4;1,9;1,9;8483608090
4935;E011-06;4283230086624;;Klauenkupplung D40L66: Ø40, Länge 66, Alu 7075, Ø10mm Kupplungshälfte;;7,72;Y;41;23;0;90;40;39;40;Y;Y;N;0,09;4;3,9;4;8483608090
4934;M004-07;4283230131225;;Klauenkupplung D40L66: Ø40, Länge 66, Alu 7075, Elastomerstern;;2,08;Y;272;89;0;90;40;39;40;Y;Y;N;0,09;4;3,9;4;8483608090
4932;B006-03;4283230913128;V124-TMT;Leitrolle Führungsrolle Laufrolle 5x21x7mm Schwarz;;1,88;Y;8;0;0;10;22;22;7;Y;N;N;0,01;2,2;2,2;0,7;8482101010
4931;B019-07;4283230925923;V124-TMT;Leitrolle Führungsrolle Laufrolle 6x28x8mm Weiß;;2,36;Y;1;0;0;10;28;28;8;Y;N;N;0,01;2,8;2,8;0,8;8482101010
4919;TSC-4283230926920;4283230926920;V106-TSC;Klemmkupplung starr Alu D20L25 Ø10mm;;4,87;Y;0;0;0;20;25,5;20;20;N;Y;N;0,02;2,55;2;2;8483608090
4918;TSC-4283230918727;4283230918727;V106-TSC;Klemmkupplung starr Alu D20L25 Ø8 auf Ø10mm;;4,87;Y;0;0;0;20;25;20;20;N;N;N;0,02;2,5;2;2;8483608090
4917;TSC-4283230922625;4283230922625;V106-TSC;Klemmkupplung starr Alu D20L25 Ø8 auf Ø8mm;;4,87;Y;0;0;0;20;25;20;20;N;N;N;0,02;2,5;2;2;8483608090
4916;TSC-4283230920324;4283230920324;V106-TSC;Klemmkupplung starr Alu D20L25 Ø6.35 auf Ø10mm;;4,87;Y;0;0;0;20;25;20;20;N;Y;N;0,02;2,5;2;2;8483608090
4915;TSC-4283230912220;4283230912220;V106-TSC;Klemmkupplung starr Alu D20L25 Ø6.35 auf Ø9.5mm;;4,87;Y;0;0;0;20;25;20;20;N;Y;N;0,02;2,5;2;2;8483608090
4914;TSC-4283230908728;4283230908728;V106-TSC;Klemmkupplung starr Alu D20L25 Ø6.35 auf Ø8mm;;4,87;Y;0;0;0;20;25;20;20;N;Y;N;0,02;2,5;2;2;8483608090
4913;TSC-4283230923127;4283230923127;V106-TSC;Klemmkupplung starr Alu D20L25 Ø6.35 auf Ø6.35mm;;4,87;Y;0;0;0;20;25,5;20;20;N;Y;N;0,02;2,55;2;2;8483608090
4912;TSC-4283230908223;4283230908223;V106-TSC;Klemmkupplung starr Alu D20L25 Ø6 auf Ø10mm;;4,87;Y;0;0;0;20;25;20;20;N;Y;N;0,02;2,5;2;2;8483608090
4911;TSC-4283230911223;4283230911223;V106-TSC;Klemmkupplung starr Alu D20L25 Ø6 auf Ø9.5mm;;4,87;Y;0;0;0;20;25;20;20;N;Y;N;0,02;2,5;2;2;8483608090
4910;TSC-4283230917720;4283230917720;V106-TSC;Klemmkupplung starr Alu D20L25 Ø6 auf Ø8mm;;4,87;Y;0;0;0;20;25;20;20;N;Y;N;0,02;2,5;2;2;8483608090
4909;TSC-4283230909329;4283230909329;V106-TSC;Klemmkupplung starr Alu D20L25 Ø6 auf Ø7mm;;4,87;Y;0;0;0;20;25;20;20;N;Y;N;0,02;2,5;2;2;8483608090
4908;TSC-4283230924322;4283230924322;V106-TSC;Klemmkupplung starr Alu D20L25 Ø6 auf Ø6.35mm;;4,87;Y;0;0;0;20;25;20;20;N;Y;N;0,02;2,5;2;2;8483608090
4906;TSC-4283230913524;4283230913524;V106-TSC;Klemmkupplung starr Alu D20L25 Ø5 auf Ø10mm;;4,87;Y;0;0;0;20;25;20;20;N;Y;N;0,02;2,5;2;2;8483608090
4905;4,28323E+12;4283230910424;V106-TSC;Klemmkupplung starr Alu D20L25 Ø5 auf Ø9.5mm;;4,87;Y;0;0;0;20;25;20;20;N;Y;N;0,02;2,5;2;2;8483608090
4904;TSC-4283230908124;4283230908124;V106-TSC;Klemmkupplung starr Alu D20L25 Ø5 auf Ø7mm;;4,87;Y;0;0;0;20;25;20;20;N;Y;N;0,02;2,5;2;2;8483608090
4903;TSC-4283230925725;4283230925725;V106-TSC;Klemmkupplung starr Alu D20L25 Ø5 auf Ø6.35mm;;4,87;Y;0;0;0;20;25;19;19;N;Y;N;0,02;2,5;1,9;1,9;8483608090
4902;L001-10;4283230996220;V166-TEW;Lüsterklemmen X3-3012 30A;;1,55;Y;15;0;0;30;160;20;15;Y;N;N;0,03;16;2;1,5;8536901000
4901;J008-08;4283230091123;V166-TEW;Lüsterklemmen X3-2012 20A;;1,37;Y;24;0;0;30;120;18,5;14;Y;N;N;0,03;12;1,85;1,4;8536901000
4900;J012-05;4283230094926;V166-TEW;Lüsterklemmen X3-1012 10A;;0,94;Y;12;0;0;20;110;18;13;Y;N;N;0,02;11;1,8;1,3;8536901000
4899;TEW-4283230103222;4283230103222;V166-TEW;Lüsterklemmen X3-0512 5A;;0,94;Y;0;0;0;10;90;15;12;N;N;N;0,01;9;1,5;1,2;8536901000
4898;TEW-4283230090324;4283230090324;V166-TEW;Lüsterklemmen X3-0312 3A;;0,94;Y;0;0;0;20;103,5;15;12;N;N;N;0,02;10,35;1,5;1,2;8536901000
4897;TMT-4283230276926;4283230276926;V074x-TMT;Linearwelle Ø20mm Länge 600mm;;9,24;Y;0;0;0;0;0;0;0;N;N;N;0;0;0;0;7318156290
4896;TMT-4283230276827;4283230276827;V074x-TMT;Linearwelle Ø18mm Länge 600mm;;9,24;Y;0;0;0;0;0;0;0;N;N;N;0;0;0;0;7318156290
4895;TMT-4283230276728;4283230276728;V074x-TMT;Linearwelle Ø16mm Länge 600mm;;9,24;Y;0;0;0;0;0;0;0;N;N;N;0;0;0;0;7318156290
4894;TMT-4283230276629;4283230276629;V074x-TMT;Linearwelle Ø14mm Länge 600mm;;9,24;Y;0;0;0;0;0;0;0;N;N;N;0;0;0;0;7318156290
4893;TMT-4283230276421;4283230276421;V074x-TMT;Linearwelle Ø12mm Länge 600mm;;7,84;Y;0;0;0;0;0;0;0;N;N;N;0;0;0;0;7318156290
4892;TMT-4283230276322;4283230276322;V074x-TMT;Linearwelle Ø10mm Länge 600mm;;6,97;Y;0;0;0;0;0;0;0;N;N;N;0;0;0;0;7318156290
4891;TMT-4283230276223;4283230276223;V053-TMT;Linearwelle Ø8mm, Länge 600mm;;10,81;Y;0;0;0;1500;600;8;8;Y;Y;N;1,55;60;0,8;0,8;7318156290
4890;TMT-4283230276124;4283230276124;V053-TMT;Linearwelle Ø6mm, Länge 600mm;;10,62;Y;0;0;0;1440;600;6;6;Y;Y;N;1,45;60;0,6;0,6;7318156290
4889;TMT-4283230276025;4283230276025;V074x-TMT;Linearwelle Ø20mm Länge 1000mm;;9,24;Y;0;0;0;2460;1000;20;20;N;N;N;2,59;100;2;2;7318156290
4888;TMT-4283230275929;4283230275929;V074x-TMT;Linearwelle Ø18mm Länge 1000mm;;9,24;Y;0;0;0;0;0;0;0;N;N;N;0;0;0;0;7318156290
4887;TMT-4283230275820;4283230275820;V074x-TMT;Linearwelle Ø16mm Länge 1000mm;;14,82;Y;0;0;0;1570;1000;16;16;N;N;N;1,65;100;1,6;1,6;7318156290
4886;TMT-4283230275721;4283230275721;V074x-TMT;Linearwelle Ø14mm Länge 1000mm;;9,79;Y;0;0;0;0;0;0;0;N;N;N;0;0;0;0;7318156290
4885;TMT-4283230081025;4283230081025;V074x-TMT;Linearwelle Ø12mm Länge 1000mm;;10,94;Y;0;7;0;890;1000;12;12;N;N;N;0,91;100;1,2;1,2;7318156290
4884;TMT-4283230080622;4283230080622;V074x-TMT;Linearwelle Ø10mm Länge 1000mm;;10,25;Y;0;0;0;600;0;0;0;N;N;N;0,63;0;0;0;7318156290
4883;TMT-4283230081728;4283230081728;V053-TMT;Linearwelle Ø8mm, Länge 1000mm;;10,66;Y;0;0;0;400;1000;8;8;Y;Y;N;0,4;100;0,8;0,8;7318156290
4882;TMT-4283230082220;4283230082220;V053-TMT;Linearwelle Ø6mm, Länge 1000mm;;10,41;Y;0;0;0;240;1000;6;6;Y;Y;N;0,24;100;0,6;0,6;7318156290
4868;TEW-4283230100122;4283230100122;V221-TEW;KFZ Sicherung Flachsicherung 40A;;0,68;Y;0;0;0;0;0;0;0;N;N;N;0;0;0;0;8536901000
4867;TEW-4283230097125;4283230097125;V221-TEW;KFZ Sicherung Flachsicherung 35A;;0,68;Y;0;0;0;0;0;0;0;N;N;N;0;0;0;0;8536901000
4866;TEW-4283230102324;4283230102324;V221-TEW;KFZ Sicherung Flachsicherung 30A;;0,68;Y;0;0;0;0;0;0;0;N;N;N;0;0;0;0;8536901000
4865;TEW-4283230979728;4283230979728;V221-TEW;KFZ Sicherung Flachsicherung 25A;;0,68;Y;0;0;0;0;0;0;0;N;N;N;0;0;0;0;8536901000
4864;TEW-4283230981127;4283230981127;V221-TEW;KFZ Sicherung Flachsicherung 20A;;0,68;Y;0;0;0;0;0;0;0;N;N;N;0;0;0;0;8536901000
4863;TEW-4283230086020;4283230086020;V221-TEW;KFZ Sicherung Flachsicherung 15A;;0,68;Y;0;0;0;0;0;0;0;N;N;N;0;0;0;0;8536901000
4862;TEW-4283230088024;4283230088024;V221-TEW;KFZ Sicherung Flachsicherung 10A;;0,68;Y;0;0;0;0;0;0;0;N;N;N;0;0;0;0;8536901000
4861;TEW-4283230108821;4283230108821;V221-TEW;KFZ Sicherung Flachsicherung 5A;;0,68;Y;0;0;0;0;0;0;0;N;N;N;0;0;0;0;8536901000
4860;TEW-4283230098924;4283230098924;V221-TEW;KFZ Sicherung Flachsicherung 3A;;0,68;Y;0;0;0;0;0;0;0;N;N;N;0;0;0;0;8536901000
4859;TEW-4283230102829;4283230102829;V221-TEW;KFZ Sicherungshalter + Sicherung 3 A;;2,14;Y;0;0;0;0;0;0;0;N;N;N;0;0;0;0;8536901000
4857;TEW-4283230972927;4283230972927;V156-TEW;Steckverbinder HID SET 1 bis 6-polig, Menge 1 Stk jeweils;;16,54;Y;0;0;0;270;200;140;40;N;N;N;0,27;20;14;4;8536901000
4856;J016-01;4283230099020;V156-TEW;Steckverbinder HID Schutzkappe 5 & 6-polig;;2,32;Y;6;0;0;10;55;26;5,4;Y;N;N;0,01;5,5;2,6;0,54;8536901000
4855;J018-03;4283230101129;V156-TEW;Steckverbinder HID Schutzkappe 3 & 4-polig;;2,25;Y;12;0;0;10;54;26,5;16;Y;N;N;0,01;5,4;2,65;1,6;8536901000
4854;J014-09;4283230097828;V156-TEW;Steckverbinder HID Schutzkappe 1 & 2-polig;;2,12;Y;10;0;0;10;53;18;18;Y;N;N;0,01;5,3;1,8;1,8;8536901000
4853;E015-10;4283230992420;V156-TEW;Steckverbinder HID 1-polig lila Steker + Buchse;;1,65;Y;12;0;0;10;90;60;14;Y;N;N;0,01;9;6;1,4;8536901000
4852;J006-03;4283230088628;V156-TEW;Steckverbinder HID 1-polig orange Steker + Buchse;;1,58;Y;12;0;0;10;36;29;10,5;Y;N;N;0,01;3,6;2,9;1,05;8536901000
4851;J004-09;4283230087324;V156-TEW;Steckverbinder HID 1-polig Blau Stecker + Buchse;;1,6;Y;12;0;0;10;65;40;14;Y;N;N;0,01;6,5;4;1,4;8536901000
4850;J025-12;4283230109828;V156-TEW;Steckverbinder HID 6-polig Steker + Buchse;;2,53;Y;3;0;0;20;58;44;20;Y;N;N;0,02;5,8;4,4;2;8536901000
4849;TEW-4283230957221;4283230957221;V156-TEW;Steckverbinder HID 5-polig Steker + Buchse;;2,4;Y;0;0;0;20;83;54;19;N;N;N;0,02;8,3;5,4;1,9;8536901000
4848;TEW-4283230086228;4283230086228;V156-TEW;Steckverbinder HID 4-polig Steker + Buchse;;2,23;Y;0;0;0;10;80;60;17;N;N;N;0,01;8;6;1,7;8536901000
4847;TEW-4283230027825;4283230027825;V156-TEW;Steckverbinder HID 3-polig Steker + Buchse;;2,09;Y;0;0;0;10;90;80;14;N;N;N;0,01;9;8;1,4;8536901000
4846;TEW-4283230091321;4283230091321;V156-TEW;Steckverbinder HID 2-polig Steker + Buchse;;1,78;Y;0;0;0;10;82;47;11;N;N;N;0,01;8,2;4,7;1,1;8536901000
4845;J010-07;4283230093127;V156-TEW;Steckverbinder HID 1-polig Steker + Buchse;;1,53;Y;10;0;0;10;82;47;11;Y;N;N;0,01;8,2;4,7;1,1;8536901000
4844;TEW-4283230994929;4283230994929;V156-TEW;Steckverbinder HID 6-polig Stecker + Buchse 10cm Kabel;;4,04;Y;0;0;0;30;50,5;44;20,5;N;N;N;0,03;5,05;4,4;2,05;8536901000
4843;TEW-4283230083722;4283230083722;V156-TEW;Steckverbinder HID 5-polig Stecker + Buchse 10cm Kabel;;3,95;Y;0;0;0;30;56;34;20,5;N;N;N;0,03;5,6;3,4;2,05;8536901000
4842;TEW-4283230096524;4283230096524;V156-TEW;Steckverbinder HID 4-polig Stecker + Buchse 10cm Kabel;;3,69;Y;0;0;0;20;72;37;20;N;N;N;0,02;7,2;3,7;2;8536901000
4841;J015-04;4283230098429;V156-TEW;Steckverbinder HID 3-polig Stecker + Buchse 10cm Kabel;;3,35;Y;1;0;0;20;70;31;19,5;Y;N;N;0,02;7;3,1;1,95;8536901000
4840;TEW-4283230091024;4283230091024;V156-TEW;Steckverbinder HID 2-polig Stecker + Buchse 10cm Kabel;;2,41;Y;0;0;0;10;62;19;14;N;N;N;0,01;6,2;1,9;1,4;8536901000
4839;J016-09;4283230099822;V156-TEW;Steckverbinder HID 1-polig Stecker + Buchse 10cm Kabel;;2,37;Y;12;0;0;10;62;19;14;Y;N;N;0,01;6,2;1,9;1,4;8536901000
4837;TSC-4283230943422;4283230943422;V106-TSC;Klemmkupplung starr Alu D25L40 Ø10 auf Ø12mm;;6,53;Y;0;0;0;40;40;25;25;N;Y;N;0,04;4;2,5;2,5;8483608090
4836;TSC-4283230893826;4283230893826;V106-TSC;Klemmkupplung starr Alu D25L40 Ø10mm;;6,55;Y;0;0;0;40;40;25;25;N;Y;N;0,05;4;2,5;2,5;8483608090
4835;TSC-4283230936929;4283230936929;V106-TSC;Klemmkupplung starr Alu D25L40 Ø8 auf Ø12mm;;6,55;Y;0;0;0;40;40,5;25;25;N;Y;N;0,05;4,05;2,5;2,5;8483608090
4834;TSC-4283230889720;4283230889720;V106-TSC;Klemmkupplung starr Alu D25L40 Ø8 auf Ø10mm;;6,55;Y;0;0;0;50;40;25;25;N;Y;N;0,05;4;2,5;2,5;8483608090
4833;TSC-4283230899224;4283230899224;V106-TSC;Klemmkupplung starr Alu D25L40 Ø8mm;;6,55;Y;0;0;0;50;40;25;25;N;Y;N;0,05;4;2,5;2,5;8483608090
4832;TSC-4283230899422;4283230899422;V106-TSC;Klemmkupplung starr Alu D25L40 Ø6.35 auf Ø12mm;;6,55;Y;0;0;0;50;40;25;25;N;Y;N;0,05;4;2,5;2,5;8483608090
4831;TSC-4283230900425;4283230900425;V106-TSC;Klemmkupplung starr Alu D25L40 Ø6.35 auf Ø10mm;;6,55;Y;0;0;0;50;40;25;25;N;N;N;0,05;4;2,5;2,5;8483608090
4830;TSC-4283230947925;4283230947925;V106-TSC;Klemmkupplung starr Alu D25L40 Ø6.35 auf Ø8mm;;6,55;Y;0;0;0;50;40;25;25;N;N;N;0,05;4;2,5;2,5;8483608090
4829;TSC-4283230892225;4283230892225;V106-TSC;Klemmkupplung starr Alu D25L40 Ø6.35 auf Ø6.35mm;;6,28;Y;0;0;0;50;41;25;25;N;Y;N;0,06;4,1;2,5;2,5;8483608090
4828;TSC-4283230895226;4283230895226;V106-TSC;Klemmkupplung starr Alu D25L40 Ø6 auf Ø12mm;;6,55;Y;0;0;0;40;40;25;25;N;Y;N;0,05;4;2,5;2,5;8483608090
4827;TSC-4283230894526;4283230894526;V106-TSC;Klemmkupplung starr Alu D25L40 Ø6 auf Ø8mm;;6,55;Y;0;0;0;50;40;25;25;N;N;N;0,05;4;2,5;2,5;8483608090
4826;TSC-4283230890825;4283230890825;V106-TSC;Klemmkupplung starr Alu D25L40 Ø6 auf Ø6.35mm;;6,55;Y;0;0;0;50;40;25;25;N;Y;N;0,05;4;2,5;2,5;8483608090
4814;TMT-4283230079121;4283230079121;V004-TMT;Linearachse Openbuilds C-Beam Abdeckung für 500mm Achse, Gesamtlänge 523mm;;18,01;Y;0;0;0;1640;550;120;3;Y;Y;N;1,72;55;12;0,3;8466102000
4813;TMT-4283230954121;4283230954121;V004-TMT;Linearachse Openbuilds C-Beam Abdeckung für 250mm Achse, Gesamtlänge 273mm;;9,44;Y;0;0;0;190;280;120;3;Y;Y;N;0,19;28;12;0,3;8466102000
4812;B004-10;4283230911629;V077-TMT;Openbuilds C-Beam Trägerplatte;;14,04;Y;8;0;0;80;77;77;6;Y;N;N;0,08;7,7;7,7;0,6;8466102000
4811;J017-09;4283230100627;V077-TMT;Openbuilds C-Beam Abschlussplatte;;6,97;Y;17;9;0;120;80;50,5;12;Y;N;N;0,12;8;5,05;1,2;8466102000
4810;TMT-4283230892324;4283230892324;V077-TMT;Openbuilds C-Beam Steigplatten, Menge 2 Stk;;8,35;Y;0;0;0;40;78;30;8;Y;Y;N;0,04;7,8;3;0,8;8466102000
4809;A024-05;4283230893727;V077-TMT;Openbuilds Motorhalterplatte NEMA 23 GT- Riemen;;8,96;Y;8;4;0;30;97;60;3;Y;N;N;0,03;9,7;6;0,3;8487909090
4808;A030-07;4283230900128;V077-TMT;Openbuilds Motorhalterplatte NEMA 17 GT- Riemen;;7,75;Y;11;0;0;20;82;40;3;Y;N;N;0,02;8,2;4;0,3;8487909090
4807;A022-08;4283230891327;V077-TMT;Openbuilds Motorhalterplatte NEMA 23 Linearachse T8 3mm;;9,22;Y;12;0;0;40;80;72;3;Y;N;N;0,04;8;7,2;0,3;8487909090
4806;A024-08;4283230894021;V077-TMT;Openbuilds Motorhalterplatte NEMA 17 Linearachse T8;;8,27;Y;7;0;0;20;59;53;3;Y;N;N;0,02;5,9;5,3;0,3;8487909090
4805;TMT-4283230921321;4283230921321;V077-TMT;Openbuilds Mikroschalter KW12 Halter Set;;5,42;Y;0;0;0;10;33;33;3;Y;N;N;0,01;3,3;3,3;0,3;8487909090
4804;B031-13;4283230939326;V077-TMT;Openbuilds Nutenstein M5;;0,81;Y;115;89;0;10;15;10;3,6;Y;Y;N;0,01;1,5;1;0,36;8487909090
4803;B005-12;4283230912824;V077-TMT;Openbuilds Nutenstein M3;;0,77;Y;103;12;0;10;15;10;3;Y;Y;N;0,01;1,5;1;0,3;8487909090
4797;G007-07;4283230045522;V017-TEW;Blindstopfen mit Gegenmutter, Kunststoff schwarz, PG13.5, VPE Menge 100 Stk;;13,19;Y;1;1;0;340;230;140;70;Y;N;Y;0,35;23;14;7;8487909090
4794;TMT-4283230275325;4283230275325;V110-TMT;Schrittmotor 42er 17HS4401S-300L mit T8 Gewindestange 300mm;;38,76;Y;0;0;1;230;56;47;42;N;N;N;0,23;5,6;4,7;4,2;8501109958
4793;TMT-4283230951823;4283230951823;V110-TMT;Schrittmotor 42er 17HS3401S-300L mit T8 Gewindestange 300mm;;16,85;Y;0;0;1;230;56;47;42;N;N;N;0,23;5,6;4,7;4,2;8501109958
4792;C001-04;4283230950826;V116-TEW;Kabelhalter HLY-5, schwarz, [HLY-2225] : Kabel Ø22-25mm;;0,76;Y;129;0;0;10;47;43;21,5;Y;N;N;0,01;4,7;4,3;2,15;8487909090
4791;C010-08;4283230958129;V116-TEW;Kabelhalter HLY-4, schwarz, [HLY-1720] : Kabel Ø16-20mm;;0,76;Y;128;0;0;10;41;33;25;Y;N;N;0,01;4,1;3,3;2,5;8487909090
4790;C006-05;4283230955029;V116-TEW;Kabelhalter HLY-3, schwarz, [HLY-1316] : Kabel Ø12-15mm;;0,51;Y;122;0;0;0;37;19;19;Y;N;N;0;3,7;1,9;1,9;8487909090
4789;C014-05;4283230960726;V116-TEW;Kabelhalter HLY-2, schwarz, [HLY-1013] : Kabel Ø10-12mm;;0,51;Y;101;0;0;0;31,5;19;19;Y;N;N;0;3,15;1,9;1,9;8487909090
4788;L008-07;4283230117823;V116-TEW;Kabelhalter HLY-1, schwarz, [HLY-0810] : Kabel Ø8-10mm;;0,42;Y;62;0;0;0;25,5;22;19;Y;N;N;0;2,55;2,2;1,9;8487909090
4786;TMT-4283230112828;4283230112828;V110-TMT;Schrittmotor 42er 17HS8401-S;;17,8;Y;0;0;0;370;74;42;42;N;N;N;0,38;7,4;4,2;4,2;8501109958
4785;TMT-4283230119421;4283230119421;V110-TMT;Schrittmotor 42er 17HS4401-S;;14,84;Y;0;0;0;300;71;55;48;N;N;N;0,31;7,1;5,5;4,8;8501109958
4784;TMT-4283230083524;4283230083524;V110-TMT;Schrittmotor 42er 17HS3401-S;;16,85;Y;0;0;0;230;56;47;42;N;N;N;0,23;5,6;4,7;4,2;8501109958
4783;TMT-4283230095220;4283230095220;V110-TMT;Schrittmotor 42er 17HS2408-S;;14;Y;0;0;0;190;53;50;43;N;N;N;0,2;5,3;5;4,3;8501109958
4781;I018-04;4283230080424;V121-TMT;Linearachse DSK45, Verfahrweg 1000mm;;192;Y;11;0;0;3600;1290;130;100;Y;Y;N;3,8;129;13;10;8487909090
4780;I016-04;4283230272027;V121-TMT;Linearachse DSK45, Verfahrweg 800mm;;180,98;Y;3;0;0;3250;1180;130;100;Y;Y;N;3,25;118;13;10;8487909090
4779;I044-02;4283230271921;V121-TMT;Linearachse DSK45, Verfahrweg 600mm;;162,02;Y;2;0;0;2760;970;135;100;Y;Y;N;2,76;97;13,5;10;8487909090
4778;I031-01;4283230271723;V121-TMT;Linearachse DSK45, Verfahrweg 500mm;;155,98;Y;0;0;0;2530;870;130;100;Y;Y;N;2,53;87;13;10;8487909090
4769;C008-06;4283230956729;V073-TMT;Schrittmotor 57er 23HS5628 57BYGH56;;29,79;Y;7;4;0;700;85;63;63;Y;Y;N;0,74;8,5;6,3;6,3;8501109958
4763;TTI-4283230974426;4283230974426;V199-TTI;"Klemmzwinge 9""";;4,11;Y;0;0;0;130;210;150;41,5;N;N;N;0,13;21;15;4,15;8205510000
4762;TTI-4283230961020;4283230961020;V199-TTI;"Klemmzwinge 6""";;1,59;Y;0;0;0;110;180;120;37;N;N;N;0,11;18;12;3,7;8205510000
4761;TTI-4283230113429;4283230113429;V199-TTI;"Klemmzwinge 4""";;1,34;Y;0;0;0;0;0;0;0;N;N;N;0;0;0;0;8205510000
4760;TTI-4283230086426;4283230086426;V199-TTI;"Klemmzwinge 3.5""";;1,34;Y;0;0;0;20;95;78;25;N;N;N;0,02;9,5;7,8;2,5;8205510000
4759;TTI-4283230096425;4283230096425;V199-TTI;"Klemmzwinge 3""";;1,08;Y;0;0;0;20;102;78;20,5;N;N;N;0,02;10,2;7,8;2,05;8205510000
4758;TTI-4283230100429;4283230100429;V199-TTI;"Klemmzwinge 2""";;0,75;Y;0;0;0;10;58;55;16,5;N;N;N;0,01;5,8;5,5;1,65;8205510000
4756;G005-10;4283230044327;V119-TEW;Steckverbinder Flachstecker 2.8 im Steckergehäuse Stecker + Buchse 9-polig;;1,69;Y;40;0;0;10;107;77,8;20,3;Y;N;N;0,01;10,7;7,78;2,03;8536901000
4755;J012-09;4283230095329;V119-TEW;Steckverbinder Flachstecker 2.8 im Steckergehäuse Stecker + Buchse 6-polig;;1,5;Y;11;0;0;10;100;71;18;Y;N;N;0,01;10;7,1;1,8;8536901000
4754;G011-04;4283230101624;V119-TEW;Steckverbinder Flachstecker 2.8 im Steckergehäuse Stecker + Buchse 4-polig;;1,2;Y;90;0;0;10;55;17;15;Y;N;N;0,01;5,5;1,7;1,5;8536901000
4753;H011-05;4283230062123;V119-TEW;Steckverbinder Flachstecker 2.8 im Steckergehäuse Stecker + Buchse 3-polig;;1,11;Y;15;0;0;10;71;26;12;Y;N;N;0,01;7,1;2,6;1,2;8536901000
4752;R003-11;4283230194428;V119-TEW;Steckverbinder Flachstecker 2.8 im Steckergehäuse Stecker + Buchse 2-polig;;1,06;Y;28;0;0;10;80;60;12;Y;N;N;0,01;8;6;1,2;8536901000
4751;H009-04;4283230060822;V119-TEW;Steckverbinder Flachstecker 2.8 im Steckergehäuse Stecker + Buchse 1-polig;;1,08;Y;33;0;0;10;120;80;8,5;Y;N;N;0,01;12;8;0,85;8536901000
4749;TEW-4283230900227;4283230900227;V169-TEW;Steckverbinder XT 90 Stecker + Buchse;;3,7;Y;0;0;0;20;75;59;11;N;N;N;0,02;7,5;5,9;1,1;8536901000
4748;TEW-4283230941220;4283230941220;V169-TEW;Steckverbinder XT 60 Stecker + Buchse;;2,14;Y;0;7;0;10;20;16;8;N;N;N;0,01;2;1,6;0,8;8536901000
4747;TEW-4283230934420;4283230934420;V169-TEW;Steckverbinder XT 30 Stecker + Buchse;;1,89;Y;0;6;0;0;16;10;5;N;N;N;0;1,6;1;0,5;8536901000
4745;B022-10;4283230929020;V088-TEW;Klemmblock TB Brücke 2-polig schwarz;;0,91;Y;5;0;0;10;21;15;3;Y;N;N;0,01;2,1;1,5;0,3;8536901000
4744;B031-10;4283230939128;V088-TEW;Klemmblock TB Brücke 12-polig gelb;;1,47;Y;3;0;0;10;101;21;2,5;Y;N;N;0,01;10,1;2,1;0,25;8536901000
4743;G020-04;4283230052827;V088-TEW;Klemmblock TB-1512 12-polig;;1,74;Y;6;0;0;50;125;25;17;Y;N;N;0,05;12,5;2,5;1,7;8536901000
4742;TEW-4283230044822;4283230044822;V088-TEW;Klemmblock TB-1510 10-polig;;1,49;Y;0;0;0;40;110;22;17;N;N;N;0,04;11;2,2;1,7;8536901000
4741;TEW-4283230962720;4283230962720;V088-TEW;Klemmblock TB-1508 8-polig;;1,55;Y;0;0;0;30;90;22;17;N;N;N;0,03;9;2,2;1,7;8536901000
4740;TEW-4283230055323;4283230055323;V088-TEW;Klemmblock TB-1506 6-polig;;1,19;Y;0;0;0;30;73;22;17;N;N;N;0,03;7,3;2,2;1,7;8536901000
4739;H008-10;4283230060723;V088-TEW;Klemmblock TB-1505 5-polig;;1,16;Y;11;0;0;20;63;22;17;Y;N;N;0,02;6,3;2,2;1,7;8536901000
4738;J021-07;4283230104229;V088-TEW;Klemmblock TB-1504 4-polig;;1,04;Y;26;0;0;20;55;22;16;Y;N;N;0,02;5,5;2,2;1,6;8536901000
4737;H014-06;4283230064028;V088-TEW;Klemmblock TB-1503 3-polig;;0,91;Y;40;0;0;10;46;22;16,4;Y;N;N;0,01;4,6;2,2;1,64;8536901000
4734;TES-4283230273727;4283230273727;V066-TES;Lichtvorhang Lichtgitter SICK C 2000 Empfänger C20E-075304A11;;126,04;Y;0;0;0;850;850;35;29;N;N;N;0,88;85;3,5;2,9;8536500700
4733;TES-4283230273628;4283230273628;V066-TES;Lichtvorhang Lichtgitter SICK C 2000 Sender C20S-075104A11;;126,04;Y;0;0;0;850;850;35;30;N;N;N;0,88;85;3,5;3;8536500700
4721;TEW-4283230001924;4283230001924;V134-TEW;Elektrischer Verteiler 6x9mm 10er;;1,63;Y;0;0;0;30;106;29,5;11;N;N;N;0,03;10,6;2,95;1,1;8536901000
4720;E021-12;4283230997623;V134-TEW;Elektrischer Verteiler 6x9mm 7er;;1,37;Y;3;0;0;20;18,5;30;10,5;Y;N;N;0,02;1,85;3;1,05;8536901000
4719;E025-11;4283230002129;V134-TEW;Elektrischer Verteiler 6x9mm 5er;;0,94;Y;26;0;0;20;67;29;11;Y;N;N;0,02;6,7;2,9;1,1;8536901000
4717;J002-10;4283230085221;V100-TEW;Masseverteiler 14mm breit flach 12er;;3,36;Y;40;0;0;60;180;15;14,5;Y;N;N;0,07;18;1,5;1,45;8536901000
4716;J013-06;4283230096128;V100-TEW;Masseverteiler 14mm breit flach 10er;;2,77;Y;35;0;0;50;151;16;15;Y;N;N;0,06;15,1;1,6;1,5;8536901000
4715;H008-07;4283230060426;V100-TEW;Masseverteiler 14mm breit flach 7er;;2,42;Y;10;0;0;40;120;15;15,5;Y;N;N;0,05;12;1,5;1,55;8536901000
4714;H001-09;4283230053923;V100-TEW;Masseverteiler 14mm breit flach 5er;;1,9;Y;13;0;0;30;100;15;15;Y;N;N;0,04;10;1,5;1,5;8536901000
4713;A027-02;4283230896926;V100-TEW;Masseverteiler 14mm breit flach 3er;;1,67;Y;42;0;0;20;72;14;13;Y;N;N;0,02;7,2;1,4;1,3;8536901000
4712;J006-08;4283230089120;V100-TEW;Masseverteiler 14mm breit gebogen 12er;;3,82;Y;22;0;0;70;190;22,5;14,5;Y;N;N;0,07;19;2,25;1,45;8536901000
4711;J015-08;4283230098726;V100-TEW;Masseverteiler 14mm breit gebogen 10er;;3,08;Y;11;0;0;60;160,5;22;14,6;Y;N;N;0,06;16,05;2,2;1,46;8536901000
4710;TEW-4283230997821;4283230997821;V100-TEW;Masseverteiler 14mm breit gebogen 7er;;2,6;Y;0;0;0;50;130;23;14,5;N;N;N;0,05;13;2,3;1,45;8536901000
4709;G020-06;4283230053022;V100-TEW;Masseverteiler 14mm breit gebogen 5er;;2,08;Y;7;0;0;40;100;20;19,6;Y;N;N;0,04;10;2;1,96;8536901000
4708;TEW-4283230938121;4283230938121;V100-TEW;Masseverteiler 14mm breit gebogen 3er;;1,81;Y;0;0;0;20;85;15;11;N;N;N;0,02;8,5;1,5;1,1;8536901000
4706;B028-09;4283230935526;V174-TMT;Axiallager Kugellager 51104;;2,55;Y;5;0;0;30;37;37;12,5;Y;N;N;0,03;3,7;3,7;1,25;8482101010
4705;A023-09;4283230892928;V174-TMT;Axiallager Kugellager 51103;;2,22;Y;11;0;0;30;33;33;13;Y;N;N;0,03;3,3;3,3;1,3;8482101010
4704;B030-11;4283230938220;V174-TMT;Axiallager Kugellager 51102;;2,18;Y;17;0;0;20;32;32;13,5;Y;N;N;0,03;3,2;3,2;1,35;8482101010
4703;B023-09;4283230929921;V174-TMT;Axiallager Kugellager 51101;;2,1;Y;21;0;0;20;26;26;9;Y;N;N;0,02;2,6;2,6;0,9;8482101010
4702;TMT-4283230948021;4283230948021;V174-TMT;Axiallager Kugellager 51100;;2,06;Y;0;0;0;20;32;32;14;N;N;N;0,02;3,2;3,2;1,4;8482101010
4687;TES-4283230118028;4283230118028;V056-TES;Industrielle Signalleuchte, Einbau Ø22mm, 220-240Vac, weiß;;1,91;Y;0;0;0;20;51;29;29;N;N;N;0,02;5,1;2,9;2,9;8536500700
4686;TES-4283230111920;4283230111920;V056-TES;Industrielle Signalleuchte, Einbau Ø22mm, 220-240Vac, blau;;1,91;Y;0;0;0;20;51;29;29;N;N;N;0,02;5,1;2,9;2,9;8536500700
4682;TES-4283230115324;4283230115324;V056-TES;Industrielle Signalleuchte, Einbau Ø22mm, 24Vac/dc, weiß;;1,91;Y;0;0;0;20;51;29;29;N;N;N;0,02;5,1;2,9;2,9;8536500700
4681;TES-4283230111524;4283230111524;V056-TES;Industrielle Signalleuchte, Einbau Ø22mm, 24Vac/dc, blau;;1,64;Y;0;0;0;20;51;29;29;N;N;N;0,02;5,1;2,9;2,9;8536500700
4677;TES-4283230115621;4283230115621;V056-TES;Industrielle Signalleuchte, Einbau Ø22mm, 12Vac/dc, weiß;;1,91;Y;0;0;0;20;51;29;29;N;N;N;0,02;5,1;2,9;2,9;8536500700
4676;TES-4283230115027;4283230115027;V056-TES;Industrielle Signalleuchte, Einbau Ø22mm, 12Vac/dc, blau;;1,64;Y;0;0;0;20;51;29;29;N;N;N;0,02;5,1;2,9;2,9;8536500700
4671;TTI-4283230954923;4283230954923;V172-TTI;Abisolierzange FS-D3;;7,89;Y;0;0;0;0;0;0;0;N;N;N;0;0;0;0;8205510000
4670;TTI-4283230950925;4283230950925;V172-TTI;Abisolierzange HS-700D;;11,92;Y;0;0;0;250;245;108;23;N;N;N;0,25;24,5;10,8;2,3;8205510000
4661;TEW-4283230959829;4283230959829;V130-TEW;Schrumpfschlauch SCHWARZ + TRANSPARENT Ø2+Ø4+Ø6+Ø8mm je 1m SET, Menge 8 Stk;;2,93;Y;0;0;0;40;200;40;38;N;N;N;0,04;20;4;3,8;8487909090
4660;TEW-4283230117328;4283230117328;V130-TEW;Schrumpfschlauch SET SCHWARZ Ø2 bis Ø13mm, Menge 127 Stk;;2,62;Y;0;0;0;50;140,5;140,5;17;N;N;N;0,05;14,05;14,05;1,7;8487909090
4659;S002-09;4283230196620;V130-TEW;Schrumpfschlauch SET BUNT Ø1 bis Ø14mm, Menge 328 Stk;;4,15;Y;14;0;0;70;140;140;27;Y;N;N;0,08;14;14;2,7;8487909090
4657;TEW-4283230271228;4283230271228;V130-TEW;Schrumpfschlauch Ø16mm SCHWARZ, VPE Menge 100m;;46,39;Y;0;0;0;2200;440;46;40;N;N;Y;2,3;44;4,6;4;8487909090
4655;N026-01;4283230146120;V130-TEW;Schrumpfschlauch Ø12mm SCHWARZ, VPE Menge 100m;;33,65;Y;0;0;0;2500;440;44;30;Y;N;Y;2,63;44;4,4;3;8487909090
4653;N025-01;4283230145826;V130-TEW;Schrumpfschlauch Ø10mm SCHWARZ, VPE Menge 100m;;29,72;Y;0;0;0;2400;440;44;30;Y;N;Y;2,52;44;4,4;3;8487909090
4651;N028-02;4283230146724;V130-TEW;Schrumpfschlauch Ø8mm SCHWARZ, VPE Menge 100m;;26,35;Y;0;0;0;1900;440;44;30;Y;N;Y;2;44;4,4;3;8487909090
4649;N027-02;4283230146526;V130-TEW;Schrumpfschlauch Ø6mm SCHWARZ, VPE Menge 100m;;35;Y;0;0;0;1500;440;46;60;Y;N;Y;1,58;44;4,6;6;8487909090
4647;N026-02;4283230146328;V130-TEW;Schrumpfschlauch Ø5mm SCHWARZ, VPE Menge 100m;;37,12;Y;0;0;0;1360;440;460;50;N;N;Y;1,43;44;46;5;8487909090
4645;TEW-4283230305428;4283230305428;V130-TEW;Schrumpfschlauch Ø16mm ROT, VPE Menge 100m;;49,13;Y;0;0;0;2200;440;46;40;N;N;Y;2,3;44;4,6;4;8487909090
4643;N025-02;4283230145925;V130-TEW;Schrumpfschlauch Ø12mm ROT, VPE Menge 100m;;35,37;Y;0;0;0;2150;440;44;30;Y;N;Y;2,26;44;4,4;3;8487909090
4641;N028-03;4283230146823;V130-TEW;Schrumpfschlauch Ø10mm ROT, VPE Menge 100m;;32,31;Y;0;0;0;1860;440;44;30;Y;N;Y;1,95;44;4,4;3;8487909090
4639;N027-03;4283230146625;V130-TEW;Schrumpfschlauch Ø8mm ROT, VPE Menge 100m;;28,24;Y;0;0;0;1650;440;44;30;Y;N;Y;1,73;44;4,4;3;8487909090
4637;N026-03;4283230146427;V130-TEW;Schrumpfschlauch Ø6mm ROT, VPE Menge 100m;;38,5;Y;0;0;0;1400;440;46;60;Y;N;Y;1,47;44;4,6;6;8487909090
4635;N025-03;4283230146021;V130-TEW;Schrumpfschlauch Ø5mm ROT, VPE Menge 100m;;35,67;Y;0;0;0;1300;440;46;30;Y;N;Y;1,37;44;4,6;3;8487909090
4633;PRO-4283230286529;4283230286529;;SK6812 3535 144LED/m 1m Schwarze PCB 8mm;;26,2;N;0;0;0;0;0;0;0;Y;N;N;0;0;0;0;9405423170
4632;C002-04;4283230951625;V069-TOP;RadialLüfter 5015 24V;;3,72;Y;36;0;0;20;51;51;15;Y;N;N;0,03;5,1;5,1;1,5;8538909189
4631;C011-01;4283230958327;V069-TOP;RadialLüfter 5015 12V;;3,72;Y;22;0;0;30;51;51;15,5;Y;N;N;0,03;5,1;5,1;1,55;8538909189
4630;TOP-4283230053220;4283230053220;V069-TOP;RadialLüfter 5015 5V;;3,89;Y;0;0;0;30;51;51;15;N;Y;N;0,03;5,1;5,1;1,5;8538909189
4628;TOP-4283230036629;4283230036629;V133-TOP;Lüfter 4010 Usongshine 24V;;2,85;Y;0;0;0;20;40;40;11;N;N;N;0,02;4;4;1,1;8538909189
4627;TOP-4283230019226;4283230019226;V133-TOP;Lüfter 4010 Usongshine 12V;;2,85;Y;0;0;0;20;40;40;10,5;N;N;N;0,02;4;4;1,05;8538909189
4626;TOP-4283230944429;4283230944429;V133-TOP;Lüfter 4010 Usongshine 5V;;2,83;Y;0;0;0;10;41;41;11;N;N;N;0,01;4,1;4,1;1,1;8538909189
4625;TOP-4283230897527;4283230897527;V133-TOP;Lüfter 2510 24V;;3,1;Y;0;0;0;0;0;0;0;N;N;N;0;0;0;0;8538909189
4624;TOP-4283230899125;4283230899125;V133-TOP;Lüfter 2510 12V;;3,1;Y;0;0;0;10;25;25;10;N;N;N;0,01;2,5;2,5;1;8538909189
4623;TOP-4283230942326;4283230942326;V133-TOP;Lüfter 2510 5V;;3,1;Y;0;0;0;0;0;0;0;N;N;N;0;0;0;0;8538909189
4622;J023-12;4283230107923;V118-TMT;Zahnriemenscheibe 2GT Doppel GT2-20H-B6-9;;4,47;Y;13;0;0;10;27,5;16;16;Y;Y;N;0,01;2,75;1,6;1,6;8483508090
4600;TOP-4283230096029;4283230096029;V133-TOP;Lüfter 8015 12V;;3,69;Y;0;0;0;40;80;80;14;N;N;N;0,04;8;8;1,4;8538909189
4599;TOP-4283230099129;4283230099129;V133-TOP;Lüfter 8015 12V;;3,18;Y;0;0;0;30;80;80;15;N;N;N;0,04;8;8;1,5;8538909189
4598;TOP-4283230084927;4283230084927;V133-TOP;Lüfter 8015 12V;;3,18;Y;0;0;0;30;80;80;15;N;N;N;0,03;8;8;1,5;8538909189
4597;TOP-4283230103727;4283230103727;V133-TOP;Lüfter 7015 12V;;3,69;Y;0;0;0;40;70;70;15;N;N;N;0,04;7;7;1,5;8538909189
4596;TOP-4283230094124;4283230094124;V133-TOP;Lüfter 7015 12V;;3,18;Y;0;0;0;40;70;70;15;N;N;N;0,04;7;7;1,5;8538909189
4595;TOP-4283230101327;4283230101327;V133-TOP;Lüfter 7015 12V;;3,18;Y;0;0;0;30;70;70;15;N;N;N;0,04;7;7;1,5;8538909189
4594;TOP-4283230097729;4283230097729;V133-TOP;Lüfter 6015 12V;;3,69;Y;0;0;0;40;60;60;15;N;N;N;0,04;6;6;1,5;8538909189
4593;TOP-4283230101525;4283230101525;V133-TOP;Lüfter 6015 12V;;3,18;Y;0;0;0;30;59,7;59,7;15;N;N;N;0,03;5,97;5,97;1,5;8538909189
4592;TOP-4283230894724;4283230894724;V133-TOP;Lüfter 5010 12V;;3,69;Y;0;0;0;30;50;50;10;N;N;N;0,03;5;5;1;8538909189
4591;TOP-4283230892720;4283230892720;V133-TOP;Lüfter 5010 12V;;3,18;Y;0;0;0;20;50;50;11;N;N;N;0,02;5;5;1,1;8538909189
4590;TOP-4283230890726;4283230890726;V133-TOP;Lüfter 5010 12V;;3,18;Y;0;0;0;20;50;50;12;N;N;N;0,02;5;5;1,2;8538909189
4589;TOP-4283230892423;4283230892423;V133-TOP;Lüfter 4010 12V;;3,69;Y;0;0;0;20;40;40;10;N;N;N;0,02;4;4;1;8538909189
4588;TOP-4283230894922;4283230894922;V133-TOP;Lüfter 4010 12V;;3,69;Y;0;0;0;10;40;40;10;N;N;N;0,01;4;4;1;8538909189
4587;TOP-4283230889225;4283230889225;V133-TOP;Lüfter 4010 5V;;3,69;Y;0;0;0;10;40;40;10;N;N;N;0,01;4;4;1;8538909189
4586;TOP-4283230895127;4283230895127;V133-TOP;Lüfter 3010 24V;;3,69;Y;0;0;0;0;0;0;0;N;N;N;0;0;0;0;8538909189
4585;TOP-4283230889423;4283230889423;V133-TOP;Lüfter 3010 12V;;3,18;Y;0;0;0;10;30;30;10;N;N;N;0,01;3;3;1;8538909189
4584;TOP-4283230889621;4283230889621;V133-TOP;Lüfter 3010 5V;;3,18;Y;0;0;0;10;30;30;10;N;N;N;0,01;3;3;1;8538909189
4583;TOP-4283230894625;4283230894625;V133-TOP;Lüfter 2510 12V;;3,18;Y;0;0;0;10;25,5;25,5;10;N;N;N;0,01;2,55;2,55;1;8538909189
4569;PRO-4283230286420;4283230286420;;LED 3528 4.8W/m 6000K 2650mm + 300mm Anschlusskabel;;5,4;N;0;0;0;0;0;0;0;Y;N;N;0;0;0;0;9405423170
4565;I047-04;4283230082527;V062-TMT;Linearachse Openbuilds V-slot 2040 Zahnriemen, NEMA 17 Schwarz geschlossen 1000mm PRO;;151,02;Y;1;0;0;2530;870;130;100;Y;N;N;2,53;87;13;10;8538909189
4564;TMT-4283230074829;4283230074829;V062-TMT;Linearachse Openbuilds V-slot 2040 Zahnriemen, NEMA 17 Schwarz geschlossen 600mm PRO;;129,11;Y;0;0;0;1690;170;120;80,5;N;N;N;1,77;17;12;8,05;8538909189
4563;I028-01;4283230074324;V062-TMT;Linearachse Openbuilds V-slot 2040 Zahnriemen, NEMA 17 Schwarz geschlossen 500mm PRO;;125,55;Y;1;0;0;1000;750;95;71;Y;N;N;1,05;75;9,5;7,1;8538909189
4562;I039-04;4283230082923;V062-TMT;Linearachse Openbuilds V-slot 2040 Zahnriemen, NEMA 17 Schwarz geschlossen 400mm PRO;;125,59;Y;1;0;0;930;650;100;180;Y;N;N;0,97;65;10;18;8538909189
4561;TMT-4283230073822;4283230073822;V062-TMT;Linearachse Openbuilds V-slot 2040 Zahnriemen, NEMA 17 Schwarz geschlossen 300mm PRO;;115,69;Y;0;0;0;1030;580;110,5;80;N;N;N;1,08;58;11,05;8;8538909189
4560;T007-04;4283230294128;V062-TMT;Linearachse Openbuilds V-slot 2040 Zahnriemen, NEMA 17 Schwarz geschlossen 250mm PRO;;110,89;Y;2;0;0;760;430;69;69;Y;N;N;0,79;43;6,9;6,9;8538909189
4556;M006-05;4283230125927;;Klauenkupplung D30L35: Ø30, Länge 35, Alu 7075, Elastomerstern;;1,61;Y;429;260;0;10;40;40;15;Y;Y;N;0,01;4;4;1,5;8483608090
4555;J019-05;4283230102423;;Klauenkupplung D30L35: Ø30, Länge 35, Alu 7075, Ø16mm Kupplungshälfte;;6,18;Y;54;36;0;20;30;30;11;Y;Y;N;0,02;3;3;1,1;8483608090
4554;J004-10;4283230920928;;Klauenkupplung D30L35: Ø30, Länge 35, Alu 7075, Ø15mm Kupplungshälfte;;6,2;Y;46;29;0;20;30;22,5;30;Y;Y;N;0,02;3;2,25;3;8483608090
4547;P001-04;4283230103123;;Klauenkupplung D25L30: Ø25, Länge 30, Alu 7075, Ø5mm Kupplungshälfte;;4,45;Y;32;32;0;20;30;23;30;Y;Y;N;0,02;3;2,3;3;8483608090
4546;E024-01;4283230999924;V020-TMS;Winkelgelenk Gerade SQZ-M12x1.75;;6,27;Y;20;14;0;180;92;33,5;33,5;Y;Y;N;0,19;9,2;3,35;3,35;8483902090
4545;L009-05;4283230118622;V020-TMS;Winkelgelenk Gerade SQZ-M10x1.5;;5,02;Y;27;26;0;120;78;30;30;Y;Y;N;0,12;7,8;3;3;8483902090
4544;M008-12;4283230128720;V020-TMS;Winkelgelenk Gewinkelt SQ-M10x1.25;;5;Y;16;14;0;100;56;56;28;Y;Y;N;0,11;5,6;5,6;2,8;8483902090
4541;P008-03;4283230898623;;Klauenkupplung D20L25: Ø20, Länge 25, Alu schwarz, Ø8mm Kupplungshälfte;;4,4;Y;4;29;0;10;25;20;25;Y;Y;N;0,01;2,5;2;2,5;8483608090
4540;P006-03;4283230891020;;Klauenkupplung D20L25: Ø20, Länge 25, Alu schwarz, Ø6mm Kupplungshälfte;;4,4;Y;2;5;0;10;20;17;20;Y;N;N;0,01;2;1,7;2;8483608090
4539;P004-04;4283230937025;;Klauenkupplung D20L25: Ø20, Länge 25, Alu schwarz, Ø5mm Kupplungshälfte;;4,4;Y;14;20;0;10;20;17;20;Y;N;N;0,01;2;1,7;2;8483608090
4535;I032-02;4283230076229;V004-TMT;Linearachse Openbuilds C-Beam, 200mm;;71,59;Y;5;5;0;720;250;120;82;Y;Y;N;0,75;25;12;8,2;8487909090
4514;TEW-4283230041821;4283230041821;V253-TEW;Kabelführung Gummiring Ø10mm, VPE Menge 1000 Stk;;7,58;Y;0;0;0;580;240;160;110;N;N;N;0,61;24;16;11;4016930090
4513;TEW-4283230044624;4283230044624;V253-TEW;Kabelführung Gummiring Ø8mm, VPE Menge 1000 Stk;;6,97;Y;0;0;0;410;230;170;70;N;N;N;0,43;23;17;7;4016930090
4512;G001-08;4283230041623;V253-TEW;Kabelführung Gummiring Ø5mm, VPE Menge 1000 Stk;;6,2;Y;1;0;0;260;170;150;17;N;N;N;0,27;17;15;1,7;4016930090
4511;G005-08;4283230044129;V253-TEW;Kabelführung Gummiring Ø3mm, VPE Menge 1000 Stk;;4,82;Y;1;0;0;140;200;90;42;N;N;N;0,14;20;9;4,2;4016930090
4509;A022-04;4283230890924;V103-TSC;Gelenkkupplung Doppelgelenk Ø10 auf Ø10mm;;14,44;Y;0;0;0;50;55;16;16;Y;Y;N;0,05;5,5;1,6;1,6;8483608090
4508;A023-08;4283230892829;V103-TSC;Gelenkkupplung Doppelgelenk Ø8 auf Ø8mm;;13,03;Y;19;8;0;40;57;14;14;Y;Y;N;0,04;5,7;1,4;1,4;8483608090
4507;A023-05;4283230892522;V103-TSC;Gelenkkupplung Doppelgelenk Ø6 auf Ø6mm;;10,49;Y;50;22;0;30;50;12;12;Y;Y;N;0,03;5;1,2;1,2;8483608090
4506;A022-07;4283230891228;V103-TSC;Gelenkkupplung Doppelgelenk Ø5 auf Ø5mm;;10,49;Y;0;0;0;30;51;12;12;Y;Y;N;0,03;5,1;1,2;1,2;8483608090
4505;A021-06;4283230889522;V103-TSC;Gelenkkupplung Doppelgelenk Ø4 auf Ø4mm;;10,49;Y;16;6;0;30;53;12;12;Y;Y;N;0,03;5,3;1,2;1,2;8483608090
4503;TMS-4283230273123;4283230273123;V117-TMS;Trapezmutter M24;;13,92;Y;0;0;0;140;71;55;29,5;N;N;N;0,15;7,1;5,5;2,95;7318156290
4502;TMS-4283230273024;4283230273024;V117-TMS;Trapezmutter M20;;8,47;Y;0;0;0;140;71;55;29,5;N;N;N;0,15;7,1;5,5;2,95;7318156290
4501;TMS-4283230062529;4283230062529;V117-TMS;Trapezmutter M16;;7,86;Y;0;0;0;140;71;55;29,5;N;N;N;0,15;7,1;5,5;2,95;7318156290
4500;TMS-4283230062321;4283230062321;V117-TMS;Trapezmutter M12;;6,24;Y;0;0;0;90;64;50,8;20;N;N;N;0,1;6,4;5,08;2;7318156290
4499;TMS-4283230061928;4283230061928;V117-TMS;Trapezmutter M10;;4,13;Y;0;0;0;50;55;43;17;N;N;N;0,06;5,5;4,3;1,7;7318156290
4498;TMS-4283230908520;4283230908520;V117-TMS;Trapezmutter M8;;3,73;Y;0;0;0;50;48;37,5;16;N;N;N;0,05;4,8;3,75;1,6;7318156290
4496;TMS-4283230866721;4283230866721;V277-TMS;Augenschraube M12x50;;1,98;Y;0;0;0;40;60;20;11;N;Y;N;0,05;6;2;1,1;7318156290
4495;TMS-4283230861825;4283230861825;V277-TMS;Augenschraube M10x50;;1,38;Y;0;0;0;30;58;18;10;N;Y;N;0,03;5,8;1,8;1;7318156290
4494;TMS-4283230001023;4283230001023;V277-TMS;Augenschraube M8x40;;1,36;Y;0;0;0;20;47;14;8;N;N;N;0,02;4,7;1,4;0,8;7318156290
4493;TMS-4283230858320;4283230858320;V277-TMS;Augenschraube M6x40;;1,18;Y;0;0;0;10;46;11;6;N;N;N;0,01;4,6;1,1;0,6;7318156290
4492;TMS-4283230859129;4283230859129;V277-TMS;Augenschraube M6x35;;1,01;Y;0;0;0;10;41;11;6;N;N;N;0,01;4,1;1,1;0,6;7318156290
4491;TMS-4283230889324;4283230889324;V277-TMS;Augenschraube M5x30;;1,01;Y;0;0;0;10;34;8;5;N;Y;N;0,01;3,4;0,8;0,5;7318156290
4489;TES-4283230935724;4283230935724;V120-TES;Taster Edelstahl Einbau Ø16mm hoher Kopf;;2,92;Y;0;0;0;10;25;19;19;N;N;N;0,01;2,5;1,9;1,9;8536500700
4488;B025-09;4283230931924;V021-TEW;Steckverbinder GX16 Set 1: Tafelmontage Pins M + Kabelmontage Loch F, 10-polig;;3,17;Y;5;0;0;20;48;19;19;Y;N;N;0,02;4,8;1,9;1,9;8536901000
4487;A027-04;4283230897121;V021-TEW;Steckverbinder GX16 Set 1: Tafelmontage Pins M + Kabelmontage Loch F, 9-polig;;2,99;Y;24;0;0;20;47;19;19;Y;N;N;0,02;4,7;1,9;1,9;8536901000
4486;A030-06;4283230900029;V021-TEW;Steckverbinder GX16 Set 1: Tafelmontage Pins M + Kabelmontage Loch F, 8-polig;;2,76;Y;12;0;0;20;47;19;19;Y;N;N;0,02;4,7;1,9;1,9;8536901000
4485;TEW-4283230927422;4283230927422;V021-TEW;Steckverbinder GX16 Set 1: Tafelmontage Pins M + Kabelmontage Loch F, 7-polig;;2,62;Y;0;0;0;20;48;19;19;N;N;N;0,02;4,8;1,9;1,9;8536901000
4484;E028-08;4283230004529;V021-TEW;Steckverbinder GX16 Set 1: Tafelmontage Pins M + Kabelmontage Loch F, 6-polig;;2,52;Y;34;0;0;20;48;19;19;Y;N;N;0,02;4,8;1,9;1,9;8536901000
4483;TEW-4283230940223;4283230940223;V021-TEW;Steckverbinder GX16 Set 1: Tafelmontage Pins M + Kabelmontage Loch F, 5-polig;;2,42;Y;0;0;0;20;47;19;19;N;N;N;0,02;4,7;1,9;1,9;8536901000
4482;TEW-4283230944528;4283230944528;V021-TEW;Steckverbinder GX16 Set 1:  Tafelmontage Pins M + Kabelmontage Loch F, 4-polig;;2,28;Y;0;0;0;20;47;19;19;N;N;N;0,02;4,7;1,9;1,9;8536901000
4481;TEW-4283230013620;4283230013620;V021-TEW;Steckverbinder GX16 Set 1: Tafelmontage Pins M + Kabelmontage Loch F, 3-polig;;2,18;Y;0;0;0;20;47,5;19;19;N;N;N;0,02;4,75;1,9;1,9;8536901000
4480;J005-07;4283230941329;V021-TEW;Steckverbinder GX16 Set 1: Tafelmontage Pins M + Kabelmontage Loch F, 2-polig;;2,09;Y;4;0;0;20;47;19;19;Y;N;N;0,02;4,7;1,9;1,9;8536901000
4478;TEW-4283230303820;4283230303820;V017-TEW;Kabelverschraubung Knickschutz, Kunststoff weiß, PG21, Menge 1 Stk;;2,78;Y;0;0;0;50;125;36;36;Y;Y;N;0,05;12,5;3,6;3,6;8487909090
4477;TEW-4283230303622;4283230303622;V017-TEW;Kabelverschraubung Knickschutz, Kunststoff weiß, PG16, Menge 1 Stk;;1,75;Y;0;0;0;20;107;28;28;Y;Y;N;0,03;10,7;2,8;2,8;8487909090
4476;H015-07;4283230119926;V017-TEW;Kabelverschraubung Knickschutz, Kunststoff weiß, PG13,5, Menge 1 Stk;;1,5;Y;20;5;0;20;90;27;27;Y;Y;N;0,03;9;2,7;2,7;8487909090
4475;H015-09;4283230303523;V017-TEW;Kabelverschraubung Knickschutz, Kunststoff weiß, PG11, Menge 1 Stk;;1,35;Y;30;0;0;20;87;24;24;Y;Y;N;0,02;8,7;2,4;2,4;8487909090
4474;H019-08;4283230304025;V017-TEW;Kabelverschraubung Knickschutz, Kunststoff weiß, PG9, Menge 1 Stk;;1,28;Y;31;10;0;10;88;21;21;Y;Y;N;0,01;8,8;2,1;2,1;8487909090
4473;H021-05;4283230303929;V017-TEW;Kabelverschraubung Knickschutz, Kunststoff weiß, PG7, Menge 1 Stk;;1,05;Y;40;10;0;10;70;18;18;Y;Y;N;0,01;7;1,8;1,8;8487909090
4472;D007-09;4283230969729;V017-TEW;Kabelverschraubung Knickschutz, Kunststoff schwarz, PG21, Menge 1 Stk;;2,78;Y;28;19;0;50;125;36;36;Y;Y;N;0,05;12,5;3,6;3,6;8487909090
4471;D018-04;4283230977427;V017-TEW;Kabelverschraubung Knickschutz, Kunststoff schwarz, PG16, Menge 1 Stk;;1,75;Y;50;31;0;20;107;28;28;Y;Y;N;0,03;10,7;2,8;2,8;8487909090
4470;D016-02;4283230975720;V017-TEW;Kabelverschraubung Knickschutz, Kunststoff schwarz, PG13.5, Menge 1 Stk;;1,5;Y;38;18;0;20;94,5;26;26;Y;Y;N;0,02;9,45;2,6;2,6;8487909090
4469;D018-01;4283230977120;V017-TEW;Kabelverschraubung Knickschutz, Kunststoff schwarz, PG11, Menge 1 Stk;;1,34;Y;80;60;0;10;86;23;23;Y;Y;N;0,01;8,6;2,3;2,3;8487909090
4468;D018-02;4283230977229;V017-TEW;Kabelverschraubung Knickschutz, Kunststoff schwarz, PG9, Menge 1 Stk;;1,28;Y;72;57;0;10;68,5;22;22;Y;Y;N;0,01;6,85;2,2;2,2;8487909090
4467;D002-09;4283230965523;V017-TEW;Kabelverschraubung Knickschutz, Kunststoff schwarz, PG7, Menge 1 Stk;;1,05;Y;99;64;0;10;64;17;17;Y;Y;N;0,01;6,4;1,7;1,7;8487909090
4465;B029-09;4283230936820;V120-TES;Taster Edelstahl Einbau Ø16mm gewölbter Kopf;;2,92;Y;1;0;0;10;25;19;19;Y;N;N;0,01;2,5;1,9;1,9;8536500700
4464;TES-4283230946928;4283230946928;V120-TES;Taster Edelstahl Einbau Ø16mm flacher Kopf;;2,92;Y;0;0;0;10;25,5;19;19;N;N;N;0,01;2,55;1,9;1,9;8536500700
4436;D004-06;4283230966926;V013-TES;Industrieschalter LA38 YIJIA Contact Block 2 Öffner;;3,74;Y;14;0;0;20;36;31;28;Y;N;N;0,03;3,6;3,1;2,8;8536500700
4435;D004-08;4283230967121;V013-TES;Industrieschalter LA38 YIJIA Contact Block 2 Schließer;;3,72;Y;14;0;0;20;36;31;29;Y;N;N;0,02;3,6;3,1;2,9;8536500700
4434;D004-05;4283230966827;V013-TES;Industrieschalter LA38 YIJIA Contact Block 1 Schließer + 1 Öffner;;3,74;Y;19;0;0;20;36,5;31;30;Y;N;N;0,03;3,65;3,1;3;8536500700
4433;D004-07;4283230967022;V013-TES;Industrieschalter LA38 YIJIA ON-OFF, SELBSTRÜCKSTELLEND, 1 Schließer + 1 Öffner;;9,67;Y;8;0;0;60;72;55;30;Y;N;N;0,06;7,2;5,5;3;8536500700
4432;E016-06;4283230992925;V013-TES;Industrieschalter LA38 Schlüssel 3 Schaltzustände, RASTEND, 1 Schließer + 1 Öffner;;8,05;Y;0;0;0;70;77;42;29;Y;N;N;0,07;7,7;4,2;2,9;8536500700
4431;R001-12;4283230190420;V013-TES;Industrieschalter LA38 YIJIA Schlüssel 2 Schaltzustände, RASTEND, 1 Schließer + 1 Öffner;;8,05;Y;8;0;0;70;76;41;32;Y;N;N;0,07;7,6;4,1;3,2;8536500700
4430;R002-13;4283230192028;V013-TES;Industrieschalter LA38 YIJIA NOT-AUS 60mm Kopf, 1 Schließer + 1 Öffner;;8,19;Y;37;0;0;60;78;60;60;Y;N;N;0,06;7,8;6;6;8536500700
4429;T005-04;4283230293527;V013-TES;Industrieschalter LA38 YIJIA NOT-AUS weiße Pfeile, 2 Öffner;;8,04;Y;40;0;0;60;80;39,5;60;Y;N;N;0,06;8;3,95;6;8536500700
4428;T009-04;4283230294821;V013-TES;Industrieschalter LA38 YIJIA PILZDRUCK Kopf Ø60mm, 1 Schließer + 1 Öffner, grün;;6,92;Y;19;0;0;50;77;60;60;Y;N;N;0,06;7,7;6;6;8536500700
4427;C012-04;4283230959225;V013-TES;Industrieschalter LA38 YIJIA PILZDRUCK Kopf Ø60mm, 1 Schließer + 1 Öffner, rot;;6,92;Y;12;0;0;50;77;60;60;Y;N;N;0,06;7,7;6;6;8536500700
4426;D001-07;4283230964724;V013-TES;Industrieschalter LA38 YIJIA PILZDRUCK Kopf Ø40mm, 1 Schließer + 1 Öffner, gelb;;6,18;Y;27;0;0;50;79;40;39;Y;N;N;0,05;7,9;4;3,9;8536500700
4425;C016-04;4283230962126;V013-TES;Industrieschalter LA38 YIJIA PILZDRUCK Kopf Ø40mm,SELBSTRÜCKSTELLEND. 1 Schließer + 1 Öffner, grün;;6,16;Y;25;0;0;50;76;37;40;Y;N;N;0,05;7,6;3,7;4;8536500700
4424;T012-03;4283230295927;V013-TES;Industrieschalter LA38 YIJIA PILZDRUCK Kopf Ø40mm, 1 Schließer + 1 Öffner, rot;;6,18;Y;28;0;0;50;81;40;40;Y;N;N;0,05;8,1;4;4;8536500700
4423;J001-10;4283230084026;V013-TES;Industrieschalter LA38 YIJIA DREH 3 Schaltzustände, RASTEND, 2 Schließer;;6,16;Y;7;0;0;50;77,5;42;33,5;Y;N;N;0,05;7,75;4,2;3,35;8536500700
4422;TES-4283230085023;4283230085023;V013-TES;Industrieschalter LA38 YIJIA DREH 2 Schaltzustände, RASTEND, 1 Schließer + 1 Öffner;;6,14;Y;0;0;0;50;78;39;29,5;Y;N;N;0,05;7,8;3,9;2,95;8536500700
4420;TES-4283230003324;4283230003324;V013-TES;Industrieschalter LA38 YIJIA DRUCK, RASTEND, 22mm, weiß;;8,06;Y;0;0;0;40;56;41;30;N;N;N;0,04;5,6;4,1;3;8536500700
4419;TES-4283230004123;4283230004123;V013-TES;Industrieschalter LA38 YIJIA DRUCK, RASTEND,1NO1NC, 22mm, blau;;8,07;Y;0;0;0;40;56,5;44;30;N;N;N;0,04;5,65;4,4;3;8536500700
4418;E027-06;4283230003423;V013-TES;Industrieschalter LA38 YIJIA DRUCK, RASTEND, 22mm, gelb;;8,06;Y;2;0;0;40;56;41;30;Y;N;N;0,04;5,6;4,1;3;8536500700
4417;TES-4283230004222;4283230004222;V013-TES;Industrieschalter LA38 YIJIA DRUCK, RASTEND, 22mm, grün;;8,06;Y;0;0;0;40;55;44;30;N;N;N;0,04;5,5;4,4;3;8536500700
4416;D015-03;4283230974921;V013-TES;Industrieschalter LA38 YIJIA DRUCK, RASTEND, 22mm, rot;;8,07;Y;2;0;0;40;56,5;45;29,5;Y;N;N;0,04;5,65;4,5;2,95;8536500700
4415;TES-4283230003522;4283230003522;V013-TES;Industrieschalter LA38 YIJIA DRUCK, SELBSTRÜCKSTELLEND, 22mm, weiß;;7,52;Y;0;0;0;40;56;41;30;N;N;N;0,04;5,6;4,1;3;8536500700
4414;TES-4283230994325;4283230994325;V013-TES;Industrieschalter LA38 YIJIA DRUCK, SELBSTRÜCKSTELLEND, 22mm, blau;;7,52;Y;0;0;0;40;56;43;30;N;N;N;0,04;5,6;4,3;3;8536500700
4413;D015-02;4283230974822;V013-TES;Industrieschalter LA38 YIJIA DRUCK, SELBSTRÜCKSTELLEND, 22mm, gelb 1 Schließer + 1 Öffner;;7,52;Y;4;0;0;40;56,5;45;29,5;Y;N;N;0,04;5,65;4,5;2,95;8536500700
4412;TES-4283230967428;4283230967428;V013-TES;Industrieschalter LA38 YIJIA DRUCK, SELBSTRÜCKSTELLEND, 22mm, grün 1 Schließer + 1 Öffner;;7,53;Y;0;0;0;40;61;45;30;Y;N;N;0,04;6,1;4,5;3;8536500700
4411;D003-02;4283230965622;V013-TES;Industrieschalter LA38 YIJIA DRUCK, SELBSTRÜCKSTELLEND, 22mm, rot 1 Schließer + 1 Öffner;;7,52;Y;9;0;0;40;56;43;30;Y;N;N;0,04;5,6;4,3;3;8536500700
4409;G017-03;4283230051929;V094-TMT;Wellenhalter orthogonal Ø20x20mm;;7,95;Y;10;5;0;110;70;30;30;Y;Y;N;0,11;7;3;3;8466102000
4408;H008-09;4283230060624;V094-TMT;Wellenhalter orthogonal Ø16x16mm;;7,86;Y;0;0;0;40;60;20;20;Y;Y;N;0,04;6;2;2;8466102000
4407;A030-05;4283230899927;V094-TMT;Wellenhalter orthogonal Ø12x12mm;;4,37;Y;8;2;0;30;49;18;18;Y;Y;N;0,04;4,9;1,8;1,8;8466102000
4406;B027-09;4283230934321;V094-TMT;Wellenhalter orthogonal Ø10x12mm;;4,52;Y;5;4;0;30;49;17;17;Y;Y;N;0,03;4,9;1,7;1,7;8466102000
4405;A030-01;4283230899521;V094-TMT;Wellenhalter orthogonal Ø10x10mm;;4,35;Y;6;6;0;30;45;18,5;19;Y;Y;N;0,03;4,5;1,85;1,9;8466102000
4404;A029-04;4283230899026;V094-TMT;Wellenhalter orthogonal Ø8x10mm;;4,52;Y;3;0;0;30;45;15;20;Y;Y;N;0,03;4,5;1,5;2;8466102000
4403;B024-09;4283230930828;V094-TMT;Wellenhalter orthogonal Ø8x8mm;;4,5;Y;9;6;0;20;41;17;17;Y;Y;N;0,02;4,1;1,7;1,7;8466102000
4402;A026-03;4283230896025;V094-TMT;Wellenhalter orthogonal Ø6x6mm;;4,1;Y;5;4;0;10;34;15;15;Y;Y;N;0,01;3,4;1,5;1,5;8466102000
4401;B021-11;4283230928320;V094-TMT;Wellenhalter orthogonal Ø5x5mm;;4,1;Y;3;0;0;10;34;14;14;Y;Y;N;0,01;3,4;1,4;1,4;8466102000
4379;A030-03;4283230899729;V014-TSC;Wellenkupplung Alu flex D12L18 Ø6 auf Ø6mm;;4,01;Y;36;22;0;10;18;12;12;Y;Y;N;0,01;1,8;1,2;1,2;8483608090
4378;A029-01;4283230898722;V014-TSC;Wellenkupplung Alu flex D12L18 Ø5 auf Ø6mm;;4,01;Y;15;7;0;10;18;12;12;Y;Y;N;0,01;1,8;1,2;1,2;8483608090
4377;B026-10;4283230933225;V014-TSC;Wellenkupplung Alu flex D12L18 Ø5 auf Ø5mm;;4,01;Y;9;6;0;10;18;12;12;Y;Y;N;0,01;1,8;1,2;1,2;8483608090
4376;A026-01;4283230895820;V014-TSC;Wellenkupplung Alu flex D12L18 Ø4 auf Ø4mm;;4,01;Y;18;9;0;10;18;12;12;Y;Y;N;0,01;1,8;1,2;1,2;8483608090
4375;A028-05;4283230898227;V014-TSC;Wellenkupplung Alu flex D12L18 Ø3.175 auf Ø6mm;;4,01;Y;77;0;0;10;18;12;12;Y;Y;N;0,01;1,8;1,2;1,2;8483608090
4374;A026-04;4283230896124;V014-TSC;Wellenkupplung Alu flex D12L18 Ø3.175 auf Ø5mm;;4,01;Y;0;0;0;10;18;12;12;Y;Y;N;0,01;1,8;1,2;1,2;8483608090
4373;B024-10;4283230930927;V014-TSC;Wellenkupplung Alu flex D12L18 Ø3 auf Ø3mm;;4,01;Y;16;14;0;10;18;12;12;Y;Y;N;0,01;1,8;1,2;1,2;8483608090
4372;B021-09;4283230928122;V014-TSC;Wellenkupplung Alu flex D12L18 Ø2 auf Ø2mm;;4,01;Y;8;6;0;10;19;12;12;Y;Y;N;0,01;1,9;1,2;1,2;8483608090
4370;A030-02;4283230899620;V030-TSC;Wellenkupplung starr Alu D18L25 Ø10 auf Ø10mm;;3,14;Y;62;26;0;10;25;18;18;Y;N;N;0,01;2,5;1,8;1,8;8483608090
4369;A028-01;4283230897824;V030-TSC;Wellenkupplung starr Alu D18L25 Ø8 auf Ø10mm;;3,14;Y;27;21;0;10;25;18;18;Y;N;N;0,01;2,5;1,8;1,8;8483608090
4368;A030-04;4283230899828;V030-TSC;Wellenkupplung starr Alu D18L25 Ø8 auf Ø8mm;;3,14;Y;0;12;0;10;25;18;18;Y;N;N;0,01;2,5;1,8;1,8;8483608090
4367;B025-11;4283230932129;V030-TSC;Wellenkupplung starr Alu D18L25 Ø6.35 auf Ø8mm;;3,14;Y;13;9;0;10;25;18;18;Y;N;N;0,01;2,5;1,8;1,8;8483608090
4366;A028-03;4283230898029;V030-TSC;Wellenkupplung starr Alu D18L25 Ø6.35 auf Ø6.35mm;;3,17;Y;12;2;0;20;25;18;18;Y;N;N;0,02;2,5;1,8;1,8;8483608090
4365;B025-10;4283230932020;V030-TSC;Wellenkupplung starr Alu D18L25 Ø6 auf Ø8mm;;3,17;Y;7;7;0;20;25;18;18;Y;N;N;0,02;2,5;1,8;1,8;8483608090
4364;B023-11;4283230930125;V030-TSC;Wellenkupplung starr Alu D18L25 Ø6 auf Ø6mm;;3,17;Y;10;7;0;20;26;18;18;Y;N;N;0,02;2,6;1,8;1,8;8483608090
4363;TSC-4283230930026;4283230930026;V030-TSC;Wellenkupplung starr Alu D18L25 Ø5 auf Ø8mm;;3,17;Y;0;11;0;20;25;18;18;Y;N;N;0,02;2,5;1,8;1,8;8483608090
4362;A026-02;4283230895929;V030-TSC;Wellenkupplung starr Alu D18L25 Ø5 auf Ø6.35mm;;3,17;Y;16;0;0;20;25;18;18;Y;N;N;0,02;2,5;1,8;1,8;8483608090
4361;A026-05;4283230896223;V030-TSC;Wellenkupplung starr Alu D18L25 Ø5 auf Ø6mm;;3,17;Y;5;0;0;20;25;18;18;Y;N;N;0,02;2,5;1,8;1,8;8483608090
4360;B021-10;4283230928221;V030-TSC;Wellenkupplung starr Alu D18L25 Ø5 auf Ø5mm;;3,17;Y;11;6;0;20;25;18;18;Y;N;N;0,02;2,5;1,8;1,8;8483608090
4358;E021-02;4283230996626;V091-TMT;Klemmring Stellring 20x40x15mm;;5,94;Y;13;0;0;40;40;40;15;Y;Y;N;0,04;4;4;1,5;8487909090
4357;E025-04;4283230001429;V091-TMT;Klemmring Stellring 16x35x13mm;;4,16;Y;20;12;0;30;35;35;13;Y;Y;N;0,03;3,5;3,5;1,3;8487909090
4356;E022-04;4283230998026;V091-TMT;Klemmring Stellring 12x30x13mm;;4,14;Y;13;0;0;20;30;30;13;Y;Y;N;0,02;3;3;1,3;8487909090
4355;E024-06;4283230000422;V091-TMT;Klemmring Stellring 10x30x13mm;;4,14;Y;13;0;0;20;30;30;13;Y;Y;N;0,02;3;3;1,3;8487909090
4354;E021-06;4283230997029;V091-TMT;Klemmring Stellring 8x30x13mm;;4,14;Y;10;4;0;20;30;30;13;Y;Y;N;0,02;3;3;1,3;8487909090
4342;M010-04;4283230131027;V141-TES;Beschriftungshalter für 22mm Schalter SCHIEBEN, VPE Menge 100 Stk;;5,37;Y;2;0;0;230;190;180;35;Y;N;Y;0,24;19;18;3,5;8487909090
4341;M009-12;4283230130723;V141-TES;Beschriftungshalter für 22mm Schalter DRÜCKEN, VPE Menge 100 Stk;;5,37;Y;2;0;0;240;190;180;35;Y;N;Y;0,25;19;18;3,5;8487909090
4340;D004-04;4283230966728;V141-TES;Montagehalter für Industrieschalter LA38 LAY37 LA39 auf Hutschiene;;3,69;Y;12;0;0;20;58;43;36;Y;N;N;0,02;5,8;4,3;3,6;8487909090
4332;A034-04;4283230903723;V109-TMT;Zahnriemen Befestigung Klammern;;0,63;Y;17;6;0;10;20;0,8;0,8;Y;Y;N;0,01;2;0,08;0,08;8487909090
4301;TOP-4283230935625;4283230935625;V099-TOP;Lasermodul MXD 1230 Rot, Punktlaser;;5,46;Y;0;0;0;10;41;12;12;N;N;N;0,01;4,1;1,2;1,2;8538909189
4300;TOP-4283230941428;4283230941428;V099-TOP;Lasermodul MXD 1230 Rot, Fadenkreuzlaser;;5,46;Y;0;0;0;10;35;12;12;N;N;N;0,01;3,5;1,2;1,2;8538909189
4299;TOP-4283230940025;4283230940025;V099-TOP;Lasermodul MXD 1230 Rot, Linienlaser;;5,46;Y;0;0;0;10;41;12;12;N;N;N;0,01;4,1;1,2;1,2;8538909189
4288;TSC-4283230924728;4283230924728;V106-TSC;Klemmkupplung starr Alu D20L25 Ø5 auf Ø6mm;;4,87;Y;0;0;0;20;25,5;21;21;N;Y;N;0,02;2,55;2,1;2,1;8483608090
4287;TSC-4283230107428;4283230107428;V106-TSC;Klemmkupplung starr Alu D20L25 Ø5 auf Ø5mm;;4,87;Y;0;0;0;20;25,5;21;21;N;Y;N;0,02;2,55;2,1;2,1;8483608090
4286;TSC-4283230925022;4283230925022;V106-TSC;Klemmkupplung starr Alu D20L25 Ø5 auf Ø8mm;;4,87;Y;0;0;0;20;25;20;20;N;Y;N;0,02;2,5;2;2;8483608090
4284;B001-10;4283230908322;V128-TMS;Schraube Openbuilds flacher Kopf M5x6, Menge 10 Stk;;1,13;Y;5;4;0;10;50;30;8;Y;Y;N;0,01;5;3;0,8;7318156290
4283;B004-03;4283230911025;V128-TMS;Schraube Openbuilds flacher Kopf M5x30, Menge 10 Stk;;1,57;Y;16;8;0;40;80;50;9;Y;Y;N;0,04;8;5;0,9;7318156290
4282;B004-08;4283230911421;V128-TMS;Schraube Openbuilds flacher Kopf M5x25, Menge 10 Stk;;1,53;Y;10;4;0;40;40;30;9;Y;Y;N;0,04;4;3;0,9;7318156290
4281;F026-08;4283230913029;V128-TMS;Schraube Openbuilds flacher Kopf M5x60, Menge 10 Stk;;4,08;Y;22;0;0;80;73,5;50;8,8;Y;Y;N;0,08;7,35;5;0,88;7318156290
4280;B003-06;4283230910127;V128-TMS;Schraube Openbuilds flacher Kopf M5x15, Menge 10 Stk;;1,33;Y;19;14;0;20;50;50;9;Y;Y;N;0,03;5;5;0,9;7318156290
4279;H003-09;4283230056122;V128-TMS;Schraube Openbuilds flacher Kopf M5x55, Menge 10 Stk;;3,78;Y;13;4;0;70;80;60;9;Y;Y;Y;0,07;8;6;0,9;7318156290
4278;B005-07;4283230912428;V128-TMS;Schraube Openbuilds flacher Kopf M5x40, Menge 10 Stk;;3,01;Y;0;0;0;50;60;50;9;Y;Y;N;0,06;6;5;0,9;7318156290
4277;B003-10;4283230910523;V128-TMS;Schraube Openbuilds flacher Kopf M5x20, Menge 10 Stk;;1,54;Y;19;12;0;30;50;30;9;Y;Y;N;0,03;5;3;0,9;7318156290
4276;B004-01;4283230910820;V128-TMS;Schraube Openbuilds flacher Kopf M5x35, Menge 10 Stk;;1,68;Y;5;0;0;50;65;50;9;Y;Y;N;0,05;6,5;5;0,9;7318156290
4275;F026-12;4283230914026;V128-TMS;Schraube Openbuilds flacher Kopf M5x65, Menge 10 Stk;;4,1;Y;23;0;0;70;69,5;51;13;Y;Y;N;0,07;6,95;5,1;1,3;7318156290
4274;B005-05;4283230912329;V128-TMS;Schraube Openbuilds flacher Kopf M5x45, Menge 10 Stk;;3,09;Y;11;0;0;60;80;50;9;Y;Y;N;0,06;8;5;0,9;7318156290
4273;B005-02;4283230912022;V128-TMS;Schraube Openbuilds flacher Kopf M5x50, Menge 10 Stk;;3,8;Y;17;0;0;70;80;50;9;Y;Y;N;0,07;8;5;0,9;7318156290
4272;B002-03;4283230908827;V128-TMS;Schraube Openbuilds flacher Kopf M5x12, Menge 10 Stk;;1,21;Y;20;15;0;20;50;30;8;Y;Y;N;0,02;5;3;0,8;7318156290
4271;B001-05;4283230907929;V128-TMS;Schraube Openbuilds flacher Kopf M5x8, Menge 10 Stk;;1,18;Y;23;15;0;10;50;30;5;Y;Y;N;0,01;5;3;0,5;7318156290
4270;B002-08;4283230909220;V128-TMS;Schraube Openbuilds flacher Kopf M5x10, Menge 10 Stk;;1,21;Y;6;5;0;20;50;30;8;Y;Y;N;0,02;5;3;0,8;7318156290
4268;J013-08;4283230096326;V136-TMS;Abstandsbolzen Abstandshalter Openbuilds Ø5.1xØ10x1x1/2''mm, Menge 10 Stk;;4,74;Y;16;2;0;10;38;10;10;Y;Y;N;0,01;3,8;1;1;8466102000
4267;B004-07;4283230911322;V136-TMS;Abstandsbolzen Abstandshalter Openbuilds Ø6.1xØ11x7mm, Menge 10 Stk;;1,99;Y;11;0;0;10;60;50;7;Y;Y;Y;0,01;6;5;0,7;8466102000
4266;B007-06;4283230914521;V136-TMS;Abstandsbolzen Abstandshalter Openbuilds Ø5.1xØ10x9mm, Menge 10 Stk;;1,86;Y;13;6;0;20;60;40;9;Y;Y;N;0,02;6;4;0,9;8466102000
4265;B003-02;4283230909824;V136-TMS;Abstandsbolzen Abstandshalter Openbuilds Ø5.1xØ10x1/8''mm, Menge 10 Stk;;1,69;Y;14;2;0;10;70;50;4;Y;Y;N;0,01;7;5;0,4;8466102000
4264;B007-05;4283230914422;V136-TMS;Abstandsbolzen Abstandshalter Openbuilds Ø5.1xØ8x8mm, Menge 10 Stk;;1,79;Y;15;0;0;10;60;40;8;Y;Y;N;0,01;6;4;0,8;8466102000
4263;B005-03;4283230912121;V136-TMS;Abstandsbolzen Abstandshalter Openbuilds Ø5.1xØ10x6mm, Menge 10 Stk;;1,79;Y;16;9;0;10;50;30;6;Y;Y;Y;0,01;5;3;0,6;8466102000
4262;H002-09;4283230054821;V136-TMS;Abstandsbolzen Abstandshalter Openbuilds Ø5.1xØ10x40mm, Menge 10 Stk;;4,88;Y;4;5;0;60;80;50;10;Y;Y;Y;0,07;8;5;1;8466102000
4261;B001-01;4283230907523;V136-TMS;Abstandsbolzen Abstandshalter Openbuilds Ø5.1xØ10x1/4'', Menge 10 Stk;;1,79;Y;16;2;0;10;70;50;6,5;Y;Y;N;0,01;7;5;0,65;8466102000
4260;B006-10;4283230913623;V136-TMS;Abstandsbolzen Abstandshalter Openbuilds Ø5.1xØ10x20mm, Menge 10 Stk;;3,54;Y;9;4;0;30;60;40;10;Y;Y;Y;0,03;6;4;1;8466102000
4259;B005-09;4283230912527;V136-TMS;Abstandsbolzen Abstandshalter Openbuilds Ø5.1xØ10x3mm, Menge 10 Stk;;1,69;Y;4;4;0;10;60;50;3;Y;Y;Y;0,01;6;5;0,3;8466102000
4258;B008-10;4283230915627;V136-TMS;Abstandsbolzen Abstandshalter Openbuilds Ø5.1xØ8x5mm, Menge 10 Stk;;1,69;Y;10;4;0;10;80;50;5;Y;Y;N;0,01;8;5;0,5;8466102000
4257;E003-03;4283230909923;V136-TMS;Abstandsbolzen Abstandshalter Openbuilds Ø5.1xØ10x35mm, Menge 10 Stk;;4,72;Y;14;0;0;50;100;70;10;Y;Y;Y;0,06;10;7;1;8466102000
4255;TMT-4283230073020;4283230073020;V040-TMT;Linearachse Openbuilds V-slot 2060 Spindel, Schwarz 1000mm;;110,74;Y;0;0;0;1060;1100;130;105;Y;N;N;1,11;110;13;10,5;8538909189
4254;TMT-4283230275226;4283230275226;V040-TMT;Linearachse Openbuilds V-slot 2060 Spindel, Schwarz 500mm;;89,83;Y;0;0;0;2760;600;165;70;Y;N;N;2,9;60;16,5;7;8538909189
4253;TMT-4283230076526;4283230076526;V040-TMT;Linearachse Openbuilds V-slot 2060 Spindel, Schwarz 250mm;;79,95;Y;0;0;0;1820;350;165;75;Y;N;N;1,91;35;16,5;7,5;8538909189
4252;I034-01;4283230076823;V040-TMT;Linearachse Openbuilds V-slot 2060 Spindel, Silber 250mm;;79,6;Y;1;0;0;1380;350;170;65;Y;N;N;1,45;35;17;6,5;8538909189
4251;I035-01;4283230077226;V040-TMT;Linearachse Openbuilds V-slot 2060 Spindel, Silber 500mm;;89,6;Y;4;0;0;1380;600;170;65;Y;N;N;1,45;60;17;6,5;8538909189
4250;I040-04;4283230079923;V040-TMT;Linearachse Openbuilds V-slot 2060 Spindel, Silber 1000mm;;109,68;Y;1;0;0;1820;1100;165;75;Y;N;N;1,91;110;16,5;7,5;8538909189
4243;A032-03;4283230901729;V109-TMT;Zahnriemen Befestigung Halteplatten Teilung 5mm, Breite 25mm, Alu;;3,54;Y;14;2;0;30;70;25;8;Y;Y;N;0,03;7;2,5;0,8;8487909090
4242;A034-03;4283230903624;V109-TMT;Zahnriemen Befestigung Halteplatten Teilung 5mm, Breite 15mm, Alu;;2,86;Y;7;6;0;20;70;15;8;Y;Y;N;0,02;7;1,5;0,8;8487909090
4241;A031-05;4283230900920;V109-TMT;Zahnriemen Befestigung Halteplatten Teilung 3mm, Breite 10mm, Alu;;2,11;Y;0;0;0;20;40;10;5;Y;Y;N;0,02;4;1;0,5;8487909090
4240;A032-04;4283230901828;V109-TMT;Zahnriemen Befestigung Halteplatten Teilung 2mm, Breite 9mm, Alu;;1,6;Y;27;26;0;20;40;9;5;Y;Y;N;0,02;4;0,9;0,5;8487909090
4239;A035-04;4283230904829;V109-TMT;Zahnriemen Befestigung Halteplatten Teilung 2mm, Breite 9mm, Nylon;;1,44;Y;19;2;0;10;40;9;5;Y;Y;N;0,01;4;0,9;0,5;8487909090
4238;A035-05;4283230904928;V109-TMT;Zahnriemen Befestigung Halteplatten Teilung 3mm, Breite 10mm, Nylon;;1,44;Y;0;0;0;10;40;10;5;Y;Y;N;0,01;4;1;0,5;8487909090
4236;TTI-4283230279620;4283230279620;V086-TTI;Gewindeschneider TiN spiral M20x1,5 Feingewinde;;22,21;Y;0;0;0;130;114;24;24;N;N;N;0,14;11,4;2,4;2,4;8487909090
4235;TTI-4283230279521;4283230279521;V086-TTI;Gewindeschneider TiN spiral M18x1,5 Feingewinde;;21,09;Y;0;0;0;130;114;24;24;N;N;N;0,14;11,4;2,4;2,4;8487909090
4234;TTI-4283230279422;4283230279422;V086-TTI;Gewindeschneider TiN spiral M16x1,5 Feingewinde;;18,11;Y;0;0;0;80;102;15;15;N;N;N;0,09;10,2;1,5;1,5;8487909090
4233;TTI-4283230279323;4283230279323;V086-TTI;Gewindeschneider TiN spiral M14x1,5 Feingewinde;;17,18;Y;0;0;0;80;102;15;15;N;N;N;0,09;10,2;1,5;1,5;8487909090
4232;TTI-4283230279224;4283230279224;V086-TTI;Gewindeschneider TiN spiral M12x1,5 Feingewinde;;10,34;Y;0;0;0;40;88,5;11;11;N;N;N;0,04;8,85;1,1;1,1;8487909090
4231;TTI-4283230279125;4283230279125;V086-TTI;Gewindeschneider TiN spiral M12x1,25 Feingewinde;;10,34;Y;0;0;0;40;88,5;11;11;N;N;N;0,04;8,85;1,1;1,1;8487909090
4230;TTI-4283230279026;4283230279026;V086-TTI;Gewindeschneider TiN spiral M12x1,0 Feingewinde;;10,34;Y;0;0;0;40;88,5;11;11;N;N;N;0,04;8,85;1,1;1,1;8487909090
4229;TTI-4283230278920;4283230278920;V086-TTI;Gewindeschneider TiN spiral M10x1,25 Feingewinde;;9,19;Y;0;0;0;30;79;13;13;N;N;N;0,03;7,9;1,3;1,3;8487909090
4228;TTI-4283230278821;4283230278821;V086-TTI;Gewindeschneider TiN spiral M10x1,0 Feingewinde;;9,19;Y;0;0;0;30;79;13;13;N;N;N;0,03;7,9;1,3;1,3;8487909090
4227;TTI-4283230278722;4283230278722;V086-TTI;Gewindeschneider TiN spiral M3,5x0,6;;4,49;Y;0;0;0;10;50;4;4;N;N;N;0,01;5;0,4;0,4;8487909090
4226;TTI-4283230886125;4283230886125;V086-TTI;Gewindeschneider TiN spiral M2,5x0,45;;4,41;Y;0;0;0;10;42;3;3;N;N;N;0,01;4,2;0,3;0,3;8487909090
4225;F014-06;4283230888426;V086-TTI;Gewindeschneider TiN spiral M20x2,5;;22,56;Y;11;0;0;130;115;23;23;Y;N;N;0,14;11,5;2,3;2,3;8487909090
4224;TTI-4283230278623;4283230278623;V086-TTI;Gewindeschneider TiN spiral M18x2,5;;20,37;Y;0;0;0;130;114;24;24;N;N;N;0,14;11,4;2,4;2,4;8487909090
4223;A020-05;4283230887825;V086-TTI;Gewindeschneider TiN spiral M16x2;;17,9;Y;7;0;0;80;102;15;15;Y;N;N;0,09;10,2;1,5;1,5;8487909090
4222;TTI-4283230278524;4283230278524;V086-TTI;Gewindeschneider TiN spiral M14x2;;16,43;Y;0;0;0;80;102;15;15;N;N;N;0,09;10,2;1,5;1,5;8487909090
4221;A020-09;4283230888228;V086-TTI;Gewindeschneider TiN spiral M12x1,75;;9,91;Y;14;0;0;40;89;12;12;Y;N;N;0,04;8,9;1,2;1,2;8487909090
4220;A019-02;4283230885920;V086-TTI;Gewindeschneider TiN spiral M10x1,5;;8,32;Y;7;0;0;30;79;10;10;Y;N;N;0,03;7,9;1;1;8487909090
4219;TTI-4283230991027;4283230991027;V086-TTI;Gewindeschneider TiN spiral M8x1,25;;7,2;Y;0;0;0;20;72;7,5;7,5;N;N;N;0,02;7,2;0,75;0,75;8487909090
4218;TTI-4283230011725;4283230011725;V086-TTI;Gewindeschneider TiN spiral M6x1,0;;5,72;Y;0;0;0;10;67,5;6;6;N;N;N;0,01;6,75;0,6;0,6;8487909090
4217;TTI-4283230858726;4283230858726;V086-TTI;Gewindeschneider TiN spiral M5x0,8;;4,49;Y;0;0;0;10;62;5;5;N;N;N;0,01;6,2;0,5;0,5;8487909090
4216;TTI-4283230865823;4283230865823;V086-TTI;Gewindeschneider TiN spiral M4x0,7;;4,29;Y;0;0;0;10;56;5;5;N;N;N;0,01;5,6;0,5;0,5;8487909090
4215;TTI-4283230879127;4283230879127;V086-TTI;Gewindeschneider TiN spiral M3x0,5;;4,16;Y;0;0;0;10;50;4;4;N;N;N;0,01;5;0,4;0,4;8487909090
4214;TTI-4283230877123;4283230877123;V086-TTI;Gewindeschneider TiN spiral M2x0,4;;4,41;Y;0;0;0;10;43;3;3;N;N;N;0,01;4,3;0,3;0,3;8487909090
4212;TTI-4283230278425;4283230278425;V176-TTI;Gewindeschneider schwarz spiral M10x1.0 Feingewinde;;9,19;Y;0;0;0;30;79;13;13;N;N;N;0,03;7,9;1,3;1,3;8487909090
4211;TTI-4283230278326;4283230278326;V176-TTI;Gewindeschneider schwarz spiral M10x1.25 Feingewinde;;9,19;Y;0;0;0;30;79;13;13;N;N;N;0,03;7,9;1,3;1,3;8487909090
4210;TTI-4283230278227;4283230278227;V176-TTI;Gewindeschneider schwarz spiral M12x1.0 Feingewinde;;10,34;Y;0;0;0;40;88,5;11;11;N;N;N;0,04;8,85;1,1;1,1;8487909090
4209;TTI-4283230278128;4283230278128;V176-TTI;Gewindeschneider schwarz spiral M12x1.25 Feingewinde;;10,34;Y;0;0;0;40;88,5;11;11;N;N;N;0,04;8,85;1,1;1,1;8487909090
4208;TTI-4283230096821;4283230096821;V176-TTI;Gewindeschneider schwarz spiral M12x1.5 Feingewinde;;10,34;Y;0;0;0;40;88,5;11;11;N;N;N;0,04;8,85;1,1;1,1;8487909090
4207;TTI-4283230278029;4283230278029;V176-TTI;Gewindeschneider schwarz spiral M14x1.5 Feingewinde;;17,18;Y;0;0;0;80;102;15;15;N;N;N;0,09;10,2;1,5;1,5;8487909090
4206;TTI-4283230277923;4283230277923;V176-TTI;Gewindeschneider schwarz spiral M16x1.5 Feingewinde;;18,11;Y;0;0;0;80;102;15;15;N;N;N;0,09;10,2;1,5;1,5;8487909090
4205;TTI-4283230277824;4283230277824;V176-TTI;Gewindeschneider schwarz spiral M18x1.5 Feingewinde;;21,09;Y;0;0;0;130;114;24;24;N;N;N;0,14;11,4;2,4;2,4;8487909090
4204;TTI-4283230277725;4283230277725;V176-TTI;Gewindeschneider schwarz spiral M20x1.5 Feingewinde;;22,21;Y;0;0;0;130;114;24;24;N;N;N;0,14;11,4;2,4;2,4;8487909090
4203;TTI-4283230277626;4283230277626;V176-TTI;Gewindeschneider schwarz spiral M18x2.5;;20,37;Y;0;0;0;130;114;24;24;N;N;N;0,14;11,4;2,4;2,4;8487909090
4202;A020-15;4283230888822;V176-TTI;Gewindeschneider schwarz spiral M14x2;;16,4;Y;2;0;0;70;96,5;18;18;Y;N;N;0,07;9,65;1,8;1,8;8487909090
4201;TTI-4283230277527;4283230277527;V176-TTI;Gewindeschneider schwarz spiral M3.5x0.6;;4,49;Y;0;0;0;10;42;3;3;N;N;N;0,01;4,2;0,3;0,3;8487909090
4200;TTI-4283230277428;4283230277428;V176-TTI;Gewindeschneider schwarz spiral M2.5x0.45;;4,41;Y;0;0;0;10;42;3;3;N;N;N;0,01;4,2;0,3;0,3;8487909090
4199;A004-09;4283230863225;V176-TTI;Gewindeschneider schwarz spiral M2x0.4;;4,41;Y;10;0;0;10;42;3;3;Y;N;N;0,01;4,2;0,3;0,3;8487909090
4198;TTI-4283230873521;4283230873521;V176-TTI;Gewindeschneider schwarz spiral M3x0.5;;4,16;Y;0;0;0;10;50;4;4;N;N;N;0,01;5;0,4;0,4;8487909090
4197;TTI-4283230867827;4283230867827;V176-TTI;Gewindeschneider schwarz spiral M4x0.7;;4,37;Y;0;0;0;10;59;5;5;N;N;N;0,01;5,9;0,5;0,5;8487909090
4196;TTI-4283230876720;4283230876720;V176-TTI;Gewindeschneider schwarz spiral M5x0.8;;4,49;Y;0;0;0;10;62;5;5;N;N;N;0,01;6,2;0,5;0,5;8487909090
4195;A013-09;4283230877321;V176-TTI;Gewindeschneider schwarz spiral M6x1.0;;5,72;Y;8;0;0;10;68;6;6;Y;N;N;0,01;6,8;0,6;0,6;8487909090
4194;E020-07;4283230996329;V176-TTI;Gewindeschneider schwarz spiral M8x1.25;;7,2;Y;9;0;0;20;70,5;7,8;7,8;Y;N;N;0,02;7,05;0,78;0,78;8487909090
4193;A008-05;4283230869128;V176-TTI;Gewindeschneider schwarz spiral M10x1.5;;8,32;Y;4;0;0;30;79;13;13;Y;N;N;0,03;7,9;1,3;1,3;8487909090
4192;A012-07;4283230875624;V176-TTI;Gewindeschneider schwarz spiral M12x1.75;;9,91;Y;3;0;0;40;89;12;12;Y;N;N;0,04;8,9;1,2;1,2;8487909090
4191;A011-08;4283230874122;V007-TMT;Zahnriemenscheibe 3GT-20BF-B6.35-6: Zähne 20, Typ BF, Bohrung 6.35mm, Riemenbreite 6mm;;3,39;Y;6;0;0;10;16;22;16;Y;Y;N;0,01;1,6;2,2;1,6;8483508090
4190;A010-10;4283230872722;V176-TTI;Gewindeschneider schwarz spiral M20x2.5;;22,56;Y;9;0;0;130;114;24;24;Y;N;N;0,14;11,4;2,4;2,4;8487909090
4182;J004-11;4283230087423;V090-TMS;Feststellmutter RN25 M25x1.5;;5,96;Y;7;6;0;80;35;35;15;Y;Y;N;0,08;3,5;3,5;1,5;7318156290
4181;A003-02;4283230861023;V090-TMS;Feststellmutter RN8 M8x1.0;;4,11;Y;9;2;0;10;14;14;6,5;Y;Y;N;0,01;1,4;1,4;0,65;7318156290
4180;F005-10;4283230017420;V090-TMS;Feststellmutter RN12 M12x1.0;;2,78;Y;16;7;0;10;19;19;8;Y;Y;N;0,01;1,9;1,9;0,8;7318156290
4179;A004-08;4283230863126;V090-TMS;Feststellmutter RN15 M15x1.0;;2,77;Y;12;7;0;20;22;22;8;Y;Y;N;0,02;2,2;2,2;0,8;7318156290
4178;A013-01;4283230876522;V090-TMS;Feststellmutter RN10 M10x1.0;;2,59;Y;2;6;0;10;16;16;8;Y;Y;N;0,01;1,6;1,6;0,8;7318156290
4176;E008-07;4283230985729;V090-TMS;Feststellmutter RN30 M30x1.5;;5,96;Y;10;2;0;80;40;40;13;Y;Y;N;0,08;4;4;1,3;7318156290
4175;F025-07;4283230039828;V090-TMS;Feststellmutter RN20 M20x1.0;;4,17;Y;0;0;0;40;30;30;11;Y;Y;N;0,04;3;3;1,1;7318156290
4174;E002-10;4283230980021;V090-TMS;Feststellmutter RN25 M25x1.5 mit Kupfer innen Teilverkleidung;;7,5;Y;9;2;0;80;35;35;15;Y;Y;N;0,08;3,5;3,5;1,5;7318156290
4173;A006-04;4283230865922;V090-TMS;Feststellmutter RN12 M12x1.0 mit Kupfer innen Teilverkleidung;;5,3;Y;2;0;0;10;19;19;8;Y;Y;N;0,01;1,9;1,9;0,8;7318156290
4172;A020-01;4283230887429;V090-TMS;Feststellmutter RN10 M10x1.0 mit Kupfer innen Teilverkleidung;;4,45;Y;14;0;0;10;17;17;8;Y;Y;N;0,01;1,7;1,7;0,8;7318156290
4171;A003-03;4283230861122;V090-TMS;Feststellmutter RN17 M17x1.0 mit Kupfer innen Teilverkleidung;;7,18;Y;10;2;0;40;27;27;13;Y;Y;N;0,04;2,7;2,7;1,3;7318156290
4170;A006-02;4283230865724;V090-TMS;Feststellmutter RN20 M20x1.0 mit Kupfer innen Teilverkleidung;;5,38;Y;11;5;0;40;30;30;11;Y;Y;N;0,05;3;3;1,1;7318156290
4169;A005-04;4283230864321;V090-TMS;Feststellmutter RN15 M15x1.0 mit Kupfer innen Teilverkleidung;;5,84;Y;12;4;0;20;22;22;8;Y;Y;N;0,02;2,2;2,2;0,8;7318156290
4167;TMS-4283230902528;4283230902528;V049-TMS;Rändelmutter GB806 M4 Nickel;;0,83;Y;0;0;0;10;12;12;8;Y;N;N;0,01;1,2;1,2;0,8;7318156290
4166;A035-02;4283230904621;V049-TMS;Rändelmutter GB806 M3 Nickel;;0,78;Y;6;0;0;10;11;11;7;Y;N;N;0,01;1,1;1,1;0,7;7318156290
4165;A031-02;4283230900623;V049-TMS;Rändelmutter GB806 M3 verzinkt, silber;;0,78;Y;111;0;0;10;11;11;6;Y;N;N;0,01;1,1;1,1;0,6;7318156290
4163;A035-03;4283230904720;V194-TOP;Zahnrad Schnurlaufrolle Messing Ø1.75mm;;2,26;Y;5;0;0;10;12;12;14;Y;N;N;0,01;1,2;1,2;1,4;8536901000
4162;A012-16;4283230876423;V194-TOP;Zahnrad Schnurlaufrolle Messing Ø3mm;;2,26;Y;4;0;0;10;14;12;14;Y;N;N;0,01;1,4;1,2;1,4;8536901000
4161;TOP-4283230305329;4283230305329;V194-TOP;Zahnrad Schnurlaufrolle Edelstahl Ø3mm;;3,61;Y;0;0;0;0;0;0;0;N;N;N;0;0;0;0;8536901000
4160;A032-02;4283230901620;V194-TOP;Zahnrad Schnurlaufrolle Edelstahl Ø1.75mm;;3,61;Y;7;0;0;10;12;12;14;Y;N;N;0,01;1,2;1,2;1,4;8536901000
4153;E007-10;4283230984920;V125-TOP;Klebeband Polyimid 0.05x10mm;;4,66;Y;1;0;0;20;94;94;9,5;Y;N;N;0,03;9,4;9,4;0,95;8487909090
4152;TOP-4283230987228;4283230987228;V125-TOP;Klebeband Polyamid 0.05x20mm;;7,39;Y;0;0;0;50;90,5;90,5;20;N;N;N;0,05;9,05;9,05;2;8487909090
4151;E010-09;4283230987525;V125-TOP;Klebeband Polyimid 0.05x2mm;;1,73;Y;40;0;0;10;95;9,5;2;Y;N;N;0,01;9,5;0,95;0,2;8487909090
4150;E009-02;4283230986429;V125-TOP;Klebeband Polyimid 0.05x6mm;;3,44;Y;4;0;0;20;9,5;9,5;6;Y;N;N;0,02;0,95;0,95;0,6;8487909090
4149;TOP-4283230978820;4283230978820;V125-TOP;Klebeband Polyamid 0.05x8mm;;3,99;Y;0;0;0;20;92;92;8;N;N;N;0,02;9,2;9,2;0,8;8487909090
4148;E005-07;4283230982827;V125-TOP;Klebeband Polyimid 0.05x12mm;;5,5;Y;6;0;0;30;90;90;12;Y;N;N;0,03;9;9;1,2;8487909090
4147;TOP-4283230994820;4283230994820;V125-TOP;Klebeband Polyamid 0.05x15mm;;6,19;Y;0;0;0;40;90,5;90,5;15;N;N;N;0,04;9,05;9,05;1,5;8487909090
4146;E014-10;4283230991324;V125-TOP;Klebeband Polyimid 0.05x18mm;;6,71;Y;9;0;0;50;90,5;90,5;18;Y;N;N;0,05;9,05;9,05;1,8;8487909090
4145;TOP-4283230980427;4283230980427;V125-TOP;Klebeband Polyimid 0.05x25mm;;9,15;Y;0;0;0;60;95;95;25,5;N;N;N;0,07;9,5;9,5;2,55;8487909090
4144;TOP-4283230017529;4283230017529;V125-TOP;Klebeband Polyamid 0.05x30mm;;9,85;Y;0;0;0;80;94;94;30;N;N;N;0,08;9,4;9,4;3;8487909090
4143;D009-10;4283230027122;V125-TOP;Klebeband Polyimid 0.05x40mm;;12,85;Y;9;0;0;110;95;40;40;Y;N;N;0,11;9,5;4;4;8487909090
4142;TOP-4283230982322;4283230982322;V125-TOP;Klebeband Polyimid 0.05x50mm;;15,54;Y;0;0;0;130;93;93;50;N;N;N;0,13;9,3;9,3;5;8487909090
4141;C005-01;4283230116024;V125-TOP;Klebeband Polyimid 0.05x100mm;;26,36;Y;6;0;0;250;105;99;99;Y;N;N;0,26;10,5;9,9;9,9;8487909090
4140;E013-08;4283230990228;V125-TOP;Klebeband Polyimid 0.05x4mm;;2,54;Y;9;0;0;10;90;90;4;Y;N;N;0,01;9;9;0,4;8487909090
4138;E002-04;4283230979421;V135-TTI;Pinzette ESD 18;;3,69;Y;15;0;0;20;170;4;6;Y;N;N;0,03;17;0,4;0,6;8205510000
4137;TTI-4283230980328;4283230980328;V135-TTI;Pinzette ESD 17;;2,63;Y;0;0;0;20;170;40;7,5;N;N;N;0,02;17;4;0,75;8205510000
4136;E002-02;4283230979322;V135-TTI;Pinzette ESD 16;;3,06;Y;0;0;0;30;170;4;6;N;N;N;0,03;17;0,4;0,6;8205510000
4135;TTI-4283230983329;4283230983329;V135-TTI;Pinzette ESD 15;;2,21;Y;0;0;0;20;170;42;7;N;N;N;0,02;17;4,2;0,7;8205510000
4134;E004-03;4283230981424;V135-TTI;Pinzette ESD 14;;2,19;Y;7;0;0;20;70;40;6;Y;N;N;0,02;7;4;0,6;8205510000
4132;TTI-4283230981929;4283230981929;V135-TTI;Pinzette ESD 12;;2,2;Y;0;0;0;20;170;40;7;N;N;N;0,02;17;4;0,7;8205510000
4131;TTI-4283230983626;4283230983626;V135-TTI;Pinzette ESD 11;;2,21;Y;0;0;0;20;170;42;7;N;N;N;0,02;17;4,2;0,7;8205510000
4130;TTI-4283230979025;4283230979025;V135-TTI;Pinzette ESD 10;;2,19;Y;0;0;0;20;170;4;6;N;N;N;0,02;17;0,4;0,6;8205510000
4128;E015-06;4283230992024;V212-TMT;Lagerbuchse selbstschmierend Messinghülse 8x12x15mm;;1,58;Y;0;0;0;10;15;12;12;Y;Y;N;0,01;1,5;1,2;1,2;8487909090
4127;A008-10;4283230869623;V212-TMT;Lagerbuchse selbstschmierend Messinghülse 8x11x22mm;;1,67;Y;6;2;0;10;22;11;11;Y;Y;N;0,01;2,2;1,1;1,1;8487909090
4126;A010-01;4283230871824;V212-TMT;Lagerbuchse selbstschmierend Messinghülse 8x11x30mm;;2,04;Y;3;2;0;10;30;11;11;Y;Y;N;0,01;3;1,1;1,1;8487909090
4124;B003-07;4283230910226;V111-TTI;Spannzangen Schlüssel ER11M;;6,47;Y;6;0;0;40;97;17;8;Y;N;N;0,04;9,7;1,7;0,8;8466102000
4123;B020-02;4283230926524;V111-TTI;Spannzangen Schlüssel ER8-M;;10,39;Y;6;0;0;20;79,5;12,5;4;Y;N;N;0,02;7,95;1,25;0,4;8466102000
4122;B012-04;4283230918529;V111-TTI;Spannzangen Schlüssel ER16M;;7,35;Y;9;0;0;70;123;17;5;Y;N;N;0,08;12,3;1,7;0,5;8466102000
4121;TTI-4283230115829;4283230115829;V111-TTI;Spannzangen Schlüssel ER32UM;;11,58;Y;0;0;0;350;225;70,5;9;N;N;N;0,36;22,5;7,05;0,9;8466102000
4120;B008-07;4283230915528;V111-TTI;Spannzangen Schlüssel ER8-A;;10,43;Y;2;0;0;50;100;30;6;Y;N;N;0,05;10;3;0,6;8466102000
4119;TTI-4283230083623;4283230083623;V111-TTI;Spannzangen Schlüssel ER20A;;6,72;Y;0;0;0;160;170;60;9;N;N;N;0,17;17;6;0,9;8466102000
4118;J014-01;4283230097026;V111-TTI;Spannzangen Schlüssel APU13/APU16C;;8,31;Y;7;0;0;110;220;60;7;Y;N;N;0,12;22;6;0,7;8466102000
4117;TTI-4283230189523;4283230189523;V111-TTI;Spannzangen Schlüssel ER32C;;8,31;Y;0;0;0;110;200,5;36;8;N;N;N;0,12;20,05;3,6;0,8;8466102000
4116;D017-02;4283230976529;V111-TTI;Spannzangen Schlüssel ER40UM;;17,33;Y;5;0;0;410;270;86;10;Y;N;N;0,43;27;8,6;1;8466102000
4115;TTI-4283230092021;4283230092021;V111-TTI;Spannzangen Schlüssel ER16A;;6,64;Y;0;0;0;120;140;55;5;N;N;N;0,13;14;5,5;0,5;8466102000
4114;TTI-4283230120328;4283230120328;V111-TTI;Spannzangen Schlüssel ER25UM;;10,81;Y;0;0;0;260;210;65;10;N;N;N;0,28;21;6,5;1;8466102000
4113;J015-02;4283230098122;V111-TTI;Spannzangen Schlüssel ER11A;;6,53;Y;9;0;0;60;111,5;35,5;5;Y;N;N;0,07;11,15;3,55;0,5;8466102000
4112;C010-05;4283230957924;V111-TTI;Spannzangen Schlüssel C42;;14,59;Y;12;0;0;650;320;75;14;Y;N;N;0,68;32;7,5;1,4;8466102000
4111;L001-06;4283230111623;V111-TTI;Spannzangen Schlüssel C32;;10,74;Y;10;0;0;230;227;51;9;Y;N;N;0,24;22,7;5,1;0,9;8466102000
4110;J008-04;4283230090829;V111-TTI;Spannzangen Schlüssel OZ25C;;11,41;Y;7;0;0;240;210;37,5;11;Y;N;N;0,25;21;3,75;1,1;8466102000
4109;B012-10;4283230919120;V111-TTI;Spannzangen Schlüssel ER20M;;7,37;Y;2;0;0;90;133;17;5,5;Y;N;N;0,09;13,3;1,7;0,55;8466102000
4107;TMS-4283230272829;4283230272829;V276-TMS;Drahtseil Ø2mm, Menge 1m;;0,08;Y;0;0;0;0;0;0;0;N;N;N;0;0;0;0;8487909090
4106;TMS-4283230041227;4283230041227;V276-TMS;Drahtseil Ø2mm, VPE Menge 50m;;12,51;Y;0;0;0;0;0;0;0;N;N;N;0;0;0;0;8487909090
4105;TMS-4283230272720;4283230272720;V276-TMS;Drahtseil Ø1.5mm, Menge 1m;;0,08;Y;0;0;0;0;0;0;0;N;N;N;0;0;0;0;8487909090
4104;TMS-4283230043122;4283230043122;V276-TMS;Drahtseil Ø1.5mm, Menge 100m;;16,46;Y;0;0;0;60;150,5;50;0;N;N;N;0,06;15,05;5;0;8487909090
4103;TMS-4283230272621;4283230272621;V276-TMS;Drahtseil Ø1mm, Menge 1m;;0,08;Y;0;0;0;0;0;0;0;N;N;N;0;0;0;0;8487909090
4102;TMS-4283230044020;4283230044020;V276-TMS;Drahtseil Ø1mm, VPE Menge 200m;;19,74;Y;0;0;0;0;0;0;0;N;N;N;0;0;0;0;8487909090
4101;TMS-4283230272522;4283230272522;V276-TMS;Drahtseil gummiert Ø2mm, Menge 1m;;0,08;Y;0;0;0;0;0;0;0;N;N;N;0;0;0;0;8487909090
4100;TMS-4283230272423;4283230272423;V276-TMS;Drahtseil gummiert Ø2mm, VPE Menge 30m;;11,92;Y;0;0;0;0;0;0;0;N;N;N;0;0;0;0;8487909090
4099;TMS-4283230272324;4283230272324;V276-TMS;Drahtseil gummiert Ø1.5mm, Menge 1m;;0,08;Y;0;0;0;0;0;0;0;N;N;N;0;0;0;0;8487909090
4098;TMS-4283230043023;4283230043023;V276-TMS;Drahtseil gummiert Ø1.5mm, VPE Menge 100m;;13,77;Y;0;0;0;0;0;0;0;N;N;N;0;0;0;0;8487909090
4071;P-A-PRO;4283230827425;;Projektartikel PRO;;1,5;N;0;0;0;10;355;40;40;Y;N;N;0,01;35,5;4;4;
4068;I032-01;4283230076120;V012-TMT;Trapezgewindespindel T8x2x8-1000, 304 Edelstahl V2A;;11,44;Y;3;4;0;310;1000;8;8;Y;Y;N;0,33;100;0,8;0,8;7318156290
4067;I025-01;4283230073327;V012-TMT;Trapezgewindespindel T8x2x8-800, 304 Edelstahl V2A;;10,17;Y;19;4;0;250;800;8;8;Y;Y;N;0,26;80;0,8;0,8;7318156290
4066;T004-03;4283230080523;V012-TMT;Trapezgewindespindel T8x2x8-600, 304 Edelstahl V2A;;8,51;Y;11;9;0;190;600;8;8;Y;Y;N;0,2;60;0,8;0,8;7318156290
4065;E026-12;4283230003126;V131-TES;Industrieschalter selbstrückstellend 1NO1NC LAY39 LA38-11/206A Weiß;;3,5;Y;14;0;0;20;54;30;30;Y;N;N;0,02;5,4;3;3;8536500700
4064;E026-11;4283230003027;V131-TES;Industrieschalter selbstrückstellend 1NO1NC LAY39 LA38-11/206A Blau;;3,5;Y;22;0;0;20;54;30;30;Y;N;N;0,02;5,4;3;3;8536500700
4063;E027-12;4283230004024;V131-TES;Industrieschalter selbstrückstellend 1NO1NC LAY39 LA38-11/206A Schwarz;;3,5;Y;11;0;0;20;54;30;30;Y;N;N;0,02;5,4;3;3;8536500700
4062;E027-10;4283230003829;V131-TES;Industrieschalter selbstrückstellend 1NO1NC LAY39 LA38-11/206A Gelb;;3,5;Y;30;0;0;20;54;30;30;Y;N;N;0,02;5,4;3;3;8536500700
4061;E026-10;4283230002822;V131-TES;Industrieschalter selbstrückstellend 1NO1NC LAY39 LA38-11/206A Grün;;3,5;Y;0;0;0;20;54;30;30;Y;N;N;0,02;5,4;3;3;8536500700
4060;E027-11;4283230003928;V131-TES;Industrieschalter selbstrückstellend 1NO1NC LAY39 LA38-11/206A Rot;;3,5;Y;0;0;0;20;54;30;30;Y;N;N;0,02;5,4;3;3;8536500700
4058;C006-02;4283230954725;V073-TMT;Schrittmotor 57er 57HS76 Bipolar;;37,32;Y;10;4;0;1040;100;60;60;Y;Y;N;1,09;10;6;6;8501109958
4056;I031-03;4283230075925;V006-TEW;Schleppkette Energiekette OFFEN, minimaler Biegeradius R28, Innen 10x10mm;;7,67;Y;17;11;0;190;160;145;20;Y;Y;N;0,2;16;14,5;2;8487909090
4055;J001-02;4283230083227;V002-TMT;Zahnriemen 2GT-610-10;;5,22;Y;19;0;0;10;48;38;10;Y;Y;N;0,01;4,8;3,8;1;4010390090
4054;I030-04;4283230075628;V006-TEW;Schleppkette Energiekette geschlossen, minimaler Biegeradius R56, Innen 25x77mm;;20,61;Y;57;51;0;1350;275;230;96;Y;Y;N;1,4;27,5;23;9,6;8487909090
4049;PRO-4283230297426;4283230297426;;Gummikappen 19 mm;;0,05;N;0;0;0;0;0;0;0;Y;N;N;0;0;0;0;
4048;PRO-4283230297327;4283230297327;;Schutzkappe Kunststoff Rot 12.6 x 46 mm;;0,05;N;0;0;0;0;0;0;0;Y;N;N;0;0;0;0;
4047;0012-0020;4283230266224;;Renew Microschalter 21A 1NO Ceylan - K011111;;1,86;N;0;0;0;0;0;0;0;Y;N;N;0;0;0;0;8536500700
4044;M008-08;4283230139528;;Klauenkupplung D20L25: Ø20, Länge 25, Alu 7075, Elastomerstern;;1,32;Y;677;277;0;10;20;17;20;Y;Y;N;0,01;2;1,7;2;8483608090
4043;G001-03;4283230108227;;Klauenkupplung D20L25: Ø20, Länge 25, Alu 7075, Ø10mm Kupplungshälfte;;4,01;Y;115;143;0;10;20;20;9;Y;Y;N;0,01;2;2;0,9;8483608090
4042;G001-05;4283230104526;;Klauenkupplung D20L25: Ø20, Länge 25, Alu 7075, Ø8mm Kupplungshälfte;;4,01;Y;167;147;0;10;20;17;20;Y;Y;N;0,01;2;1,7;2;8483608090
4040;P008-04;4283230104427;;Klauenkupplung D20L25: Ø20, Länge 25, Alu 7075, Ø6.35mm Kupplungshälfte;;4,01;Y;68;50;0;10;20;17;20;Y;Y;N;0,01;2;1,7;2;8483608090
4039;P003-05;4283230108920;;Klauenkupplung D20L25: Ø20, Länge 25, Alu 7075, Ø6mm Kupplungshälfte;;4,01;Y;65;49;0;10;20;17;20;Y;Y;N;0,01;2;1,7;2;8483608090
4038;G005-03;4283230901521;;Klauenkupplung D20L25: Ø20, Länge 25, Alu 7075, Ø5mm Kupplungshälfte;;4,01;Y;120;105;0;10;20;17;20;Y;Y;N;0,01;2;1,7;2;8483608090
4037;P002-04;4283230903525;;Klauenkupplung D20L25: Ø20, Länge 25, Alu 7075, Ø4mm Kupplungshälfte;;4,01;Y;15;16;0;10;20;17;20;Y;Y;N;0,01;2;1,7;2;8483608090
4033;C009-09;4283230957528;V020-TMS;Winkelgelenk Gewinkelt SQ-M16x2.0;;10,82;Y;15;10;0;330;84,5;84,5;40,5;Y;Y;N;0,35;8,45;8,45;4,05;8483902090
4032;C011-03;4283230958525;V020-TMS;Winkelgelenk Gewinkelt SQ-M12x1.75;;6,24;Y;38;27;0;170;66;65,5;38;Y;Y;N;0,17;6,6;6,55;3,8;8483902090
4030;0012-0018;4283230291721;;Edelstahlblech für Salattheke;;1,94;N;0;0;0;0;0;0;0;Y;N;N;0;0;0;0;7326909890
4027;F007-06;4283230924629;V042-TTI;Spannzange ER32 Ø20.0mm, AA (Rundlaufungenauigkeit <=0.008mm);;7,55;Y;1;0;0;90;46;38;38;Y;N;N;0,1;4,6;3,8;3,8;8466102000
4026;TTI-4283230270528;4283230270528;V042-TTI;Spannzange ER32 Ø20.0mm;;5,85;Y;0;0;0;160;47;37;37;N;N;N;0,17;4,7;3,7;3,7;8466102000
4024;J005-09;4283230920522;V042-TTI;Spannzange ER32 Ø18.0mm, AA (Rundlaufungenauigkeit <=0.008mm);;7,58;Y;8;0;0;110;45;39;39;Y;N;N;0,12;4,5;3,9;3,9;8466102000
4023;TTI-4283230270320;4283230270320;V042-TTI;Spannzange ER32 Ø18.0mm;;5,85;Y;0;0;0;160;47;37;37;N;N;N;0,17;4,7;3,7;3,7;8466102000
4020;J009-03;4283230091826;V042-TTI;"Spannzange ER32A Ø12.7mm (1/2"")";;5,79;Y;3;0;0;130;47;36,5;36,5;Y;N;N;0,14;4,7;3,65;3,65;8466102000
4018;TTI-4283230926623;4283230926623;V042-TTI;Spannzange ER32 Ø12.0mm, AA (Rundlaufungenauigkeit <=0.008mm);;7,62;Y;0;0;0;140;45,5;38;38;N;N;N;0,14;4,55;3,8;3,8;8466102000
4017;TTI-4283230270221;4283230270221;V042-TTI;Spannzange ER32 Ø12.0mm;;5,85;Y;0;0;0;160;47;37;37;N;N;N;0,17;4,7;3,7;3,7;8466102000
3995;TTI-4283230865625;4283230865625;V042-TTI;Spannzange ER32 Ø10.0mm, AA (Rundlaufungenauigkeit <=0.008mm);;7,66;Y;0;0;0;150;46;38;38;N;N;N;0,16;4,6;3,8;3,8;8466102000
3991;F015-04;4283230879325;V042-TTI;Spannzange ER32 Ø8.0mm, AA (Rundlaufungenauigkeit <=0.008mm);;7,66;Y;5;0;0;150;45;38;38;Y;N;N;0,16;4,5;3,8;3,8;8466102000
3986;TTI-4283230864727;4283230864727;V042-TTI;Spannzange ER32 Ø6.0mm, AA (Rundlaufungenauigkeit <=0.008mm);;7,66;Y;0;0;0;150;60;60;38;N;N;N;0,16;6;6;3,8;8466102000
3974;TTI-4283230015921;4283230015921;V042-TTI;Spannzange ER32 Ø10.0mm;;5,81;Y;0;0;0;150;47;39;39;N;N;N;0,15;4,7;3,9;3,9;8466102000
3972;E015-05;4283230271129;V042-TTI;Spannzange ER32 Ø9.0mm;;5,83;Y;1;0;0;150;46;37;37;Y;N;N;0,16;4,6;3,7;3,7;8466102000
3970;J008-01;4283230090522;V042-TTI;Spannzange ER32 Ø8.0mm;;5,83;Y;8;0;0;150;46;37,5;37,5;Y;N;N;0,16;4,6;3,75;3,75;8466102000
3968;TTI-4283230271020;4283230271020;V042-TTI;Spannzange ER32 Ø7.0mm;;5,85;Y;0;0;0;160;47;37;37;N;N;N;0,17;4,7;3,7;3,7;8466102000
3965;J011-04;4283230093820;V042-TTI;Spannzange ER32 Ø6.0mm;;5,85;Y;8;0;0;160;47;37;37;Y;N;N;0,17;4,7;3,7;3,7;8466102000
3963;TTI-4283230270924;4283230270924;V042-TTI;Spannzange ER32 Ø5.0mm;;5,85;Y;0;0;0;160;47;37;37;N;N;N;0,17;4,7;3,7;3,7;8466102000
3961;TTI-4283230270825;4283230270825;V042-TTI;Spannzange ER32 Ø4.0mm;;5,85;Y;0;0;0;160;47;37;37;N;N;N;0,17;4,7;3,7;3,7;8466102000
3959;TTI-4283230011527;4283230011527;V042-TTI;"Spannzange ER32 Ø3.175mm (1/8"")";;5,85;Y;0;0;0;160;47;37;37;N;N;N;0,17;4,7;3,7;3,7;8466102000
3958;TTI-4283230270627;4283230270627;V042-TTI;Spannzange ER32 Ø3.0mm;;5,85;Y;0;0;0;160;47;37;37;N;N;N;0,17;4,7;3,7;3,7;8466102000
3942;A014-08;4283230878823;V042-TTI;"Spannzange ER20 Ø12.7mm (1/2"")";;3,84;Y;5;0;0;30;34;26;26;Y;N;N;0,03;3,4;2,6;2,6;8466102000
3939;A007-06;4283230867629;V042-TTI;Spannzange ER20 Ø13mm;;4,31;Y;9;0;0;30;36;26;26;Y;N;N;0,03;3,6;2,6;2,6;8466102000
3936;A001-11;4283230858924;V042-TTI;Spannzange ER20 Ø12mm;;4,31;Y;4;0;0;30;35;26;26;Y;N;N;0,03;3,5;2,6;2,6;8466102000
3933;A014-01;4283230878120;V042-TTI;Spannzange ER20 Ø11mm;;3,86;Y;5;0;0;30;36;26;26;Y;N;N;0,04;3,6;2,6;2,6;8466102000
3917;TTI-4283230270023;4283230270023;V042-TTI;"Spannzange ER20 Ø3.175mm (1/8""), AAA (Rundlaufungenauigkeit <=0.005mm)";;8,22;Y;0;0;0;50;39;25;25;N;N;N;0,05;3,9;2,5;2,5;8466102000
3898;F020-08;4283230034120;V042-TTI;Spannzange ER20 Ø4.0mm, AA (Rundlaufungenauigkeit <=0.008mm);;6,46;Y;6;0;0;50;39;25;25;Y;N;N;0,05;3,9;2,5;2,5;8466102000
3896;B019-10;4283230926227;V042-TTI;"Spannzange ER20 Ø3.175mm (1/8""), AA (Rundlaufungenauigkeit <=0.008mm)";;6,44;Y;9;0;0;40;38,5;25;25;Y;N;N;0,04;3,85;2,5;2,5;8466102000
3890;TTI-4283230875822;4283230875822;V042-TTI;Spannzange ER20 Ø10.0mm;;3,86;Y;0;0;0;30;36;26;26;N;N;N;0,04;3,6;2,6;2,6;8466102000
3888;B014-02;4283230920423;V042-TTI;Spannzange ER20 Ø9.0mm;;3,86;Y;2;0;0;40;36;26;26;Y;N;N;0,04;3,6;2,6;2,6;8466102000
3886;E025-09;4283230874627;V042-TTI;Spannzange ER20 Ø8.0mm;;4,33;Y;21;0;0;40;36;26;26;Y;N;N;0,04;3,6;2,6;2,6;8466102000
3884;A009-09;4283230871022;V042-TTI;Spannzange ER20 Ø7.0mm;;3,86;Y;11;0;0;40;36,5;26;26;Y;N;N;0,04;3,65;2,6;2,6;8466102000
3881;A005-13;4283230865229;V042-TTI;Spannzange ER20 Ø6.0mm;;4,33;Y;6;0;0;40;36;27;27;Y;N;N;0,04;3,6;2,7;2,7;8466102000
3879;A009-07;4283230870926;V042-TTI;Spannzange ER20 Ø5.0mm;;3,86;Y;5;0;0;40;36;26;26;Y;N;N;0,04;3,6;2,6;2,6;8466102000
3877;E001-09;4283230978929;V042-TTI;Spannzange ER20 Ø4.0mm;;3,86;Y;8;0;0;40;32,5;21;21;Y;N;N;0,04;3,25;2,1;2,1;8466102000
3875;F013-10;4283230026927;V042-TTI;"Spannzange ER20 Ø3.175mm (1/8"")";;4,33;Y;12;0;0;40;36;26;26;Y;N;N;0,04;3,6;2,6;2,6;8466102000
3874;R003-05;4283230192721;V042-TTI;Spannzange ER20 Ø3.0mm;;4,33;Y;7;0;0;40;35;26;26;Y;N;N;0,04;3,5;2,6;2,6;8466102000
3868;TTI-4283230269829;4283230269829;V042-TTI;Spannzange ER11 8.0mm, AAA (Rundlaufungenauigkeit <=0.005mm);;8,14;Y;0;0;0;10;28;22;22;N;N;N;0,01;2,8;2,2;2,2;8466102000
3867;TTI-4283230269720;4283230269720;V042-TTI;Spannzange ER11 8.0mm, AA (Rundlaufungenauigkeit <=0.008mm);;6,38;Y;0;0;0;10;28;22;22;N;N;N;0,01;2,8;2,2;2,2;8466102000
3866;TTI-4283230269522;4283230269522;V042-TTI;Spannzange ER11 8.0mm;;3,48;Y;0;0;0;10;28;22;22;N;N;N;0,01;2,8;2,2;2,2;8466102000
3862;TTI-4283230933126;4283230933126;V042-TTI;Spannzange ER25 Ø16mm, AA (Rundlaufungenauigkeit <=0.008mm);;7,45;Y;0;0;0;50;40;31;31;N;N;N;0,05;4;3,1;3,1;8466102000
3861;TTI-4283230016423;4283230016423;V042-TTI;Spannzange ER25 Ø16mm;;4,57;Y;0;0;0;50;37,5;30;30;N;N;N;0,05;3,75;3;3;8466102000
3858;F020-03;4283230033628;V042-TTI;Spannzange ER25 Ø15mm;;4,59;Y;4;0;0;50;38;30;30;Y;N;N;0,06;3,8;3;3;8466102000
3855;J002-01;4283230084422;V042-TTI;Spannzange ER25 Ø14mm;;4,59;Y;4;0;0;60;38;29,5;29,5;Y;N;N;0,06;3,8;2,95;2,95;8466102000
3852;TTI-4283230018120;4283230018120;V042-TTI;Spannzange ER25 Ø13mm;;4,61;Y;0;0;0;60;38;29,5;29,5;N;N;N;0,07;3,8;2,95;2,95;8466102000
3849;A014-06;4283230878625;V042-TTI;"Spannzange ER25 Ø12.7mm (1/2"")";;4,59;Y;8;0;0;60;37;30;30;Y;N;N;0,06;3,7;3;3;8466102000
3847;TTI-4283230927323;4283230927323;V042-TTI;Spannzange ER25 Ø12mm, AA (Rundlaufungenauigkeit <=0.008mm);;7,49;Y;0;0;0;70;40,5;31;31;N;N;N;0,07;4,05;3,1;3,1;8466102000
3846;F001-09;4283230011923;V042-TTI;Spannzange ER25 Ø12mm;;4,61;Y;4;0;0;60;38;30;30;Y;N;N;0,07;3,8;3;3;8466102000
3843;F009-07;4283230021328;V042-TTI;Spannzange ER25 Ø11mm;;4,61;Y;2;0;0;70;39;30;30;Y;N;N;0,07;3,9;3;3;8466102000
3824;TTI-4283230270122;4283230270122;V042-TTI;"Spannzange ER25 Ø3.175mm (1/8""), AAA (Rundlaufungenauigkeit <=0.005mm)";;8,28;Y;0;0;0;70;40;32;32;N;N;N;0,08;4;3,2;3,2;8466102000
3814;TTI-4283230922922;4283230922922;V042-TTI;Spannzange ER25 Ø8.0mm, AA (Rundlaufungenauigkeit <=0.008mm);;6,93;Y;0;0;0;70;40;32;32;N;N;N;0,08;4;3,2;3,2;8466102000
3797;F026-01;4283230040329;V042-TTI;Spannzange ER25A Ø10.0mm;;4,61;Y;14;0;0;70;38;30;30;Y;N;N;0,07;3,8;3;3;8466102000
3795;TTI-4283230990426;4283230990426;V042-TTI;Spannzange ER25 Ø9.0mm;;4,64;Y;0;0;0;70;37;29;29;N;N;N;0,08;3,7;2,9;2,9;8466102000
3793;F023-07;4283230037527;V042-TTI;Spannzange ER25 Ø8.0mm;;4,61;Y;17;0;0;70;38;30;30;Y;N;N;0,07;3,8;3;3;8466102000
3791;F002-01;4283230012326;V042-TTI;Spannzange ER25 Ø7.0mm;;4,64;Y;4;0;0;70;39;30;30;Y;N;N;0,08;3,9;3;3;8466102000
3788;F011-03;4283230023322;V042-TTI;Spannzange ER25 Ø6.0mm;;4,64;Y;13;0;0;80;38;30,5;30,5;Y;N;N;0,08;3,8;3,05;3,05;8466102000
3786;E009-01;4283230986320;V042-TTI;Spannzange ER25 Ø5.0mm;;4,61;Y;3;0;0;70;37;29,5;29,5;Y;N;N;0,07;3,7;2,95;2,95;8466102000
3784;F018-08;4283230032225;V042-TTI;Spannzange ER25 Ø4.0mm;;4,64;Y;5;0;0;70;38;30;30;Y;N;N;0,08;3,8;3;3;8466102000
3782;TTI-4283230911124;4283230911124;V042-TTI;"Spannzange ER25 Ø3.175mm (1/8"")";;4,64;Y;0;0;0;80;38;30;30;N;N;N;0,08;3,8;3;3;8466102000
3781;TTI-4283230908926;4283230908926;V042-TTI;Spannzange ER25 Ø3.0mm;;4,61;Y;0;0;0;70;41;30,5;30;N;N;N;0,07;4,1;3,05;3;8466102000
3771;C002-03;4283230951526;V034-TES;Relais Karte Modul 1-Kanal, 30Amax, Steuerspannung 24V;;5,86;Y;32;0;0;30;47;36;22;Y;N;N;0,04;4,7;3,6;2,2;8536500700
3770;M009-04;4283230129123;V034-TES;Relais Karte Modul 1-Kanal, 30Amax, Steuerspannung 12V;;5,6;Y;18;0;0;40;50;32,5;22;Y;N;N;0,04;5;3,25;2,2;8536500700
3769;D003-03;4283230965721;V034-TES;Relais Karte Modul 1-Kanal, 30Amax, Steuerspannung 5V;;5,16;Y;75;0;0;30;50;32;25;Y;N;N;0,04;5;3,2;2,5;8536500700
3768;M008-02;4283230127624;V034-TES;Relais Karte Modul 16-Kanal, Steuerspannung 24V;;13,87;Y;5;0;0;240;179;100,5;20;Y;N;N;0,25;17,9;10,05;2;8536500700
3767;M008-05;4283230127822;V034-TES;Relais Karte Modul 16-Kanal, Steuerspannung 12V;;13,01;Y;4;0;0;230;170,5;100;17;Y;N;N;0,24;17,05;10;1,7;8536500700
3766;M001-01;4283230120625;V034-TES;Relais Karte Modul 16-Kanal, Steuerspannung 5V;;12,92;Y;2;0;0;230;180;100;24;Y;N;N;0,24;18;10;2,4;8536500700
3765;C011-07;4283230129222;V034-TES;Relais Karte Modul 8-Kanal, Steuerspannung 24V;;7,84;Y;29;0;0;110;140;50;19;Y;N;N;0,12;14;5;1,9;8536500700
3764;M008-04;4283230127723;V034-TES;Relais Karte Modul 8-Kanal, Steuerspannung 12V;;7,32;Y;19;0;0;100;129,5;72;18,5;Y;N;N;0,11;12,95;7,2;1,85;8536500700
3763;D016-01;4283230975621;V034-TES;Relais Karte Modul 8-Kanal, Steuerspannung 5V;;4,39;Y;12;0;0;110;140;53;22;Y;N;N;0,11;14;5,3;2,2;8536500700
3762;M009-06;4283230129321;V034-TES;Relais Karte Modul 4-Kanal, Steuerspannung 24V;;5,99;Y;17;0;0;60;71;53;19;Y;N;N;0,06;7,1;5,3;1,9;8536500700
3761;C014-01;4283230960429;V034-TES;Relais Karte Modul 4-Kanal, Steuerspannung 12V;;5,82;Y;27;0;0;50;72;53;19;Y;N;N;0,06;7,2;5,3;1,9;8536500700
3760;D001-02;4283230964229;V034-TES;Relais Karte Modul 4-Kanal, Steuerspannung 5V;;4,39;Y;14;0;0;60;74;58;24;Y;N;N;0,07;7,4;5,8;2,4;8536500700
3759;L002-06;4283230112620;V034-TES;Relais Karte Modul 2-Kanal, Steuerspannung 24V;;3,44;Y;13;0;0;30;50;39;25;Y;N;N;0,03;5;3,9;2,5;8536500700
3758;L011-06;4283230120021;V034-TES;Relais Karte Modul 2-Kanal, Steuerspannung 12V;;3,44;Y;18;0;0;30;100;65;25;Y;N;N;0,03;10;6,5;2,5;8536500700
3757;M009-07;4283230129420;V034-TES;Relais Karte Modul 2-Kanal, Steuerspannung 5V;;3,44;Y;15;0;0;30;51;51;17;Y;N;N;0,03;5,1;5,1;1,7;8536500700
3756;M009-08;4283230129628;V034-TES;Relais Karte Modul 1-Kanal, Steuerspannung 5V mit Pins;;2,58;Y;17;0;0;20;30;27;17;Y;N;N;0,02;3;2,7;1,7;8536500700
3755;J003-05;4283230085924;V034-TES;Relais Karte Modul 1-Kanal, Steuerspannung 24V;;3,44;Y;4;0;0;20;75;50;18;Y;N;N;0,02;7,5;5;1,8;8536500700
3754;G003-05;4283230042521;V034-TES;Relais Karte Modul 1-Kanal, Steuerspannung 12V;;3,27;Y;7;0;0;20;57,7;53;19;Y;N;N;0,02;5,77;5,3;1,9;8536500700
3753;M009-09;4283230130020;V034-TES;Relais Karte Modul 1-Kanal, Steuerspannung 5V;;3,02;Y;30;0;0;20;53;20;16;Y;N;N;0,02;5,3;2;1,6;8536500700
3748;I044-04;4283230081322;V004-TMT;Linearachse Openbuilds C-Beam, 1000mm;;123,38;Y;16;24;0;2760;1200;165;70;Y;Y;N;2,9;120;16,5;7;8487909090
3747;I025-02;4283230073426;V004-TMT;Linearachse Openbuilds C-Beam, 700mm;;101,8;Y;9;8;0;3000;750;80;50;Y;Y;N;3,15;75;8;5;8487909090
3746;I026-02;4283230073921;V004-TMT;Linearachse Openbuilds C-Beam, 600mm;;92,7;Y;0;8;0;2300;650;115;80;Y;Y;N;2,42;65;11,5;8;8487909090
3745;I033-02;4283230076625;V004-TMT;Linearachse Openbuilds C-Beam, 150mm;;70,25;Y;7;4;0;900;200;110,5;85;Y;Y;N;0,95;20;11,05;8,5;8487909090
3740;4,28323E+12;4283230069825;;Kreismesser  - 1.4116 - 140P - glatt - GT Classic - B07 - GT;ABVERKAUF - +16 bei pkc eingebucht;19;Y;0;0;0;140;0;0;0;Y;N;N;0,14;0;0;0;8208300000
3739;TLE-4283230295828;4283230295828;V047-TLE;LED Dimmer KS Schwarz + FB;;12,23;Y;0;0;0;90;97;70;60;N;N;N;0,1;9,7;7;6;8536500700
3736;M005-12;4283230125620;V095-TMT;Zahnriemenspanner für 6mm Riemen Feder;;1,85;Y;190;42;0;10;13;0,9;0,6;Y;Y;N;0,01;1,3;0,09;0,06;8487909090
3734;J019-02;4283230102126;V056-TES;Industrieller Ton- und Licht Signalgeber, Einbau Ø16mm, 220-240Vac, grün;;3,32;Y;13;0;0;10;56;19;19;Y;N;N;0,01;5,6;1,9;1,9;8536500700
3733;B004-02;4283230910929;V056-TES;Industrieller Ton- und Licht Signalgeber, Einbau Ø16mm, 24Vac/dc, grün;;3,14;Y;16;0;0;10;56;19;19;Y;N;N;0,01;5,6;1,9;1,9;8536500700
3732;TES-4283230907721;4283230907721;V056-TES;Industrieller Ton- und Licht Signalgeber, Einbau Ø16mm, 12Vac/dc, grün;;3,14;Y;0;0;0;10;56;19;19;N;N;N;0,01;5,6;1,9;1,9;8536500700
3731;B019-01;4283230925329;V056-TES;Industrieller Ton- und Licht Signalgeber, Einbau Ø16mm, 220-240Vac, gelb;;3,32;Y;15;0;0;10;56;19;19;Y;N;N;0,01;5,6;1,9;1,9;8536500700
3730;B010-06;4283230916921;V056-TES;Industrieller Ton- und Licht Signalgeber, Einbau Ø16mm, 24Vac/dc, gelb;;3,14;Y;10;0;0;10;56;19;19;Y;N;N;0,01;5,6;1,9;1,9;8536500700
3729;B017-10;4283230924025;V056-TES;Industrieller Ton- und Licht Signalgeber, Einbau Ø16mm, 12Vac/dc, gelb;;3,14;Y;9;0;0;10;56;19;19;Y;N;N;0,01;5,6;1,9;1,9;8536500700
3728;A012-03;4283230875228;V056-TES;Industrieller Ton- und Licht Signalgeber, Einbau Ø16mm, 220-240Vac, rot;;3,32;Y;7;0;0;10;56;19;19;Y;N;N;0,01;5,6;1,9;1,9;8536500700
3727;TES-4283230017321;4283230017321;V056-TES;Industrieller Ton- und Licht Signalgeber, Einbau Ø16mm, 24Vac/dc, rot;;3,14;Y;0;0;0;10;45;19;19;N;N;N;0,01;4,5;1,9;1,9;8536500700
3726;TES-4283230184320;4283230184320;V056-TES;Industrieller Ton- und Licht Signalgeber, Einbau Ø16mm, 12Vac/dc, rot;;3,14;Y;0;0;0;10;50;19;19;N;N;N;0,01;5;1,9;1,9;8536500700
3725;E010-01;4283230987129;V056-TES;Industrieller Ton- und Licht Signalgeber, Einbau Ø22mm, 220-240Vac, grün;;2,88;Y;24;0;0;20;66;28,5;28,5;Y;N;N;0,02;6,6;2,85;2,85;8536500700
3724;J017-11;4283230100726;V056-TES;Industrieller Ton- und Licht Signalgeber, Einbau Ø22mm, 24Vac/dc, grün;;2,71;Y;7;0;0;20;65,5;28,5;28,5;Y;N;N;0,02;6,55;2,85;2,85;8536500700
3723;E018-01;4283230994424;V056-TES;Industrieller Ton- und Licht Signalgeber, Einbau Ø22mm, 12Vac/dc, grün;;2,71;Y;14;0;0;20;65;28,5;28,5;Y;N;N;0,02;6,5;2,85;2,85;8536500700
3722;J010-02;4283230092625;V056-TES;Industrieller Ton- und Licht Signalgeber, Einbau Ø22mm, 220-240Vac, gelb;;2,91;Y;12;0;0;20;70;33,5;33,5;Y;N;N;0,02;7;3,35;3,35;8536500700
3721;J007-01;4283230089724;V056-TES;Industrieller Ton- und Licht Signalgeber, Einbau Ø22mm, 24Vac/dc, gelb;;2,7;Y;3;0;0;20;60,5;28,5;28,5;Y;N;N;0,02;6,05;2,85;2,85;8536500700
3720;J013-01;4283230095626;V056-TES;Industrieller Ton- und Licht Signalgeber, Einbau Ø22mm, 12Vac/dc, gelb;;2,71;Y;8;0;0;20;61;29;29;Y;N;N;0,02;6,1;2,9;2,9;8536500700
3719;Q005-01;4283230188526;V056-TES;Industrieller Ton- und Licht Signalgeber, Einbau Ø22mm, 220-240Vac, rot;;2,88;Y;33;0;0;20;66;29;29;Y;N;N;0,02;6,6;2,9;2,9;8536500700
3718;J005-01;4283230087522;V056-TES;Industrieller Ton- und Licht Signalgeber, Einbau Ø22mm, 24Vac/dc, rot;;2,71;Y;7;0;0;20;65,5;29;29;Y;N;N;0,02;6,55;2,9;2,9;8536500700
3717;L011-02;4283230119728;V056-TES;Industrieller Ton- und Licht Signalgeber, Einbau Ø22mm, 12Vac/dc, rot;;2,71;Y;7;0;0;20;66;29;29;Y;N;N;0,02;6,6;2,9;2,9;8536500700
3708;B022-09;4283230928924;V093-TMT;Rillenkugellager 626ZZ - 6x19x6mm;;0,76;Y;53;0;0;10;19;19;6;Y;N;N;0,01;1,9;1,9;0,6;8482101010
3707;B030-13;4283230938329;V093-TMT;Rillenkugellager 624ZZ - 4x13x5mm;;1,33;Y;40;0;0;10;13;13;5;Y;N;N;0,01;1,3;1,3;0,5;8482101010
3706;B029-13;4283230937124;V093-TMT;Rillenkugellager 623ZZ - 3x10x4mm;;0,76;Y;45;0;0;10;10;10;4;Y;N;N;0,01;1;1;0,4;8482101010
3705;F014-12;4283230028228;V093-TMT;Rillenkugellager 608ZZ - 8x22x7mm;;1,47;Y;5;0;0;10;22;22;7;Y;N;N;0,01;2,2;2,2;0,7;8482101010
3704;B003-13;4283230910721;V093-TMT;Rillenkugellager 688ZZ - 8x16x5mm;;0,76;Y;1;0;0;10;16;16;5;Y;N;N;0,01;1,6;1,6;0,5;8482101010
3703;N017-06;4283230144126;V093-TMT;Rillenkugellager 625ZZ - 5x16x5mm;;0,76;Y;26;0;0;10;16;16;5;Y;N;N;0,01;1,6;1,6;0,5;8482101010
3674;M001-07;4283230004826;;Klauenkupplung D25L30: Ø25, Länge 30, Alu 7075, Elastomerstern;;1,32;Y;216;215;0;10;25;25;11;Y;Y;N;0,01;2,5;2,5;1,1;8483608090
3658;P002-03;4283230137326;;Klauenkupplung D14L22s: Ø14, Länge 22, DIN913, Alu 7075, Elastomerstern;;1,12;Y;169;170;0;10;14;14;0,7;Y;Y;N;0,01;1,4;1,4;0,07;8483608090
3657;P013-03;4283230938022;;Klauenkupplung D14L22s: Ø14, Länge 22, DIN913, Alu 7075, Ø8mm Kupplungshälfte;;4,05;Y;118;104;0;10;14;15;14;Y;Y;N;0,01;1,4;1,5;1,4;8483608090
3656;P005-03;4283230897725;;Klauenkupplung D14L22s: Ø14, Länge 22, DIN913, Alu 7075, Ø6.35mm Kupplungshälfte;;4,05;Y;22;14;0;10;14;16;14;Y;Y;N;0,01;1,4;1,6;1,4;8483608090
3655;P011-03;4283230934529;;Klauenkupplung D14L22s: Ø14, Länge 22, DIN913, Alu 7075, Ø6mm Kupplungshälfte;;4,05;Y;83;57;0;10;14;15;14;Y;Y;N;0,01;1,4;1,5;1,4;8483608090
3654;P009-03;4283230898425;;Klauenkupplung D14L22s: Ø14, Länge 22, DIN913, Alu 7075, Ø5mm Kupplungshälfte;;4,05;Y;61;96;0;10;14;16;14;Y;Y;N;0,01;1,4;1,6;1,4;8483608090
3653;P003-03;4283230889829;;Klauenkupplung D14L22s: Ø14, Länge 22, DIN913, Alu 7075, Ø4mm Kupplungshälfte;;4,05;Y;51;39;0;10;14;16;14;Y;Y;N;0,01;1,4;1,6;1,4;8483608090
3652;P007-03;4283230897923;;Klauenkupplung D14L22s: Ø14, Länge 22, DIN913, Alu 7075, Ø3mm Kupplungshälfte;;4,05;Y;47;20;0;10;14;16;14;Y;Y;N;0,01;1,4;1,6;1,4;8483608090
3646;L002-05;4283230112521;V028-TMS;Winkelgelenk CS DIN 71802 Linksgewinde CS19-2 M16x2,0;;10,29;Y;12;0;0;230;63;60;30;Y;Y;N;0,24;6,3;6;3;7318156290
3645;L007-05;4283230117120;V028-TMS;Winkelgelenk CS DIN 71802 Linksgewinde CS19-1 M14x1,5;;9,34;Y;2;0;0;220;64;64;31;Y;Y;N;0,23;6,4;6,4;3,1;7318156290
3644;J015-09;4283230098825;V028-TMS;Winkelgelenk CS DIN 71802 Linksgewinde CS19 M14x2,0;;9,34;Y;0;0;0;220;60,5;60;30;Y;Y;N;0,23;6,05;6;3;7318156290
3643;H007-05;4283230059529;V028-TMS;Winkelgelenk CS DIN 71802 Linksgewinde CS16-1 M12x1,75;;5,44;Y;15;9;0;100;47,5;46;24;Y;Y;N;0,11;4,75;4,6;2,4;7318156290
3642;H001-02;4283230053428;V028-TMS;Winkelgelenk CS DIN 71802 Linksgewinde CS16 M10x1,5;;5,2;Y;34;22;0;100;46,5;46,5;24;Y;Y;N;0,1;4,65;4,65;2,4;7318156290
3641;J019-06;4283230102522;V028-TMS;Winkelgelenk CS DIN 71802 Linksgewinde CS13 M8x1,25;;4,09;Y;54;36;0;50;39,5;39;19;Y;Y;N;0,06;3,95;3,9;1,9;7318156290
3640;R003-01;4283230192226;V028-TMS;Winkelgelenk CS DIN 71802 Linksgewinde CS10 M6x1,0;;3,38;Y;95;76;0;30;34;32;16;Y;Y;N;0,03;3,4;3,2;1,6;7318156290
3639;A001-16;4283230859327;V028-TMS;Winkelgelenk CS DIN 71802 Linksgewinde CS8 M5x0,8;;3,18;Y;49;49;0;20;28;13;13;Y;Y;N;0,02;2,8;1,3;1,3;7318156290
3638;L007-01;4283230116925;V028-TMS;Winkelgelenk CS DIN 71802 Rechtsgewinde CS19-2 M16x2,0;;10,29;Y;46;29;0;230;64;64;30;Y;Y;N;0,24;6,4;6,4;3;7318156290
3637;L007-09;4283230117427;V028-TMS;Winkelgelenk CS DIN 71802 Rechtsgewinde CS19-1 M14x1,5;;9,34;Y;16;10;0;220;64;61;30;Y;Y;N;0,23;6,4;6,1;3;7318156290
3636;J003-03;4283230085627;V028-TMS;Winkelgelenk CS DIN 71802 Rechtsgewinde CS19 M14x2,0;;9,34;Y;28;13;0;220;63;60,5;30;Y;Y;N;0,23;6,3;6,05;3;7318156290
3635;J020-01;4283230103024;V028-TMS;Winkelgelenk CS DIN 71802 Rechtsgewinde CS16-1 M12x1,75;;5,44;Y;52;38;0;100;47,5;47,5;24;Y;Y;N;0,11;4,75;4,75;2,4;7318156290
3634;H005-02;4283230057228;V028-TMS;Winkelgelenk CS DIN 71802 Rechtsgewinde CS16 M10x1,5;;5,2;Y;106;68;0;100;47,5;46,5;24;Y;Y;N;0,1;4,75;4,65;2,4;7318156290
3633;C005-02;4283230094322;V028-TMS;Winkelgelenk CS DIN 71802 Rechtsgewinde CS13 M8x1,25;;4,09;Y;152;174;0;50;40;39;19;Y;Y;N;0,06;4;3,9;1,9;7318156290
3632;M010-01;4283230130822;V028-TMS;Winkelgelenk CS DIN 71802 Rechtsgewinde CS10 M6x1,0;;3,38;Y;240;163;0;30;34;30;15,5;Y;Y;N;0,03;3,4;3;1,55;7318156290
3631;A035-07;4283230905024;V028-TMS;Winkelgelenk CS DIN 71802 Rechtsgewinde CS8 M5x0,8;;3,18;Y;120;103;0;20;28,5;12;12;Y;Y;N;0,02;2,85;1,2;1,2;7318156290
3628;4,28323E+12;4283230069429;;Kreismesser  - 1.4116 - 120D - glatt - GT Classic - B05 - GT;;14;Y;0;0;0;130;0;0;0;Y;N;N;0,13;0;0;0;8208300000
3627;4,28323E+12;4283230069726;;Kreismesser  - 1.4116 - 100D - glatt - GT Classic - B05 - GT;ABVERKAUF;12;Y;0;0;0;80;0;0;0;Y;N;N;0,08;0;0;0;8208300000
3611;TTI-4283230133229;4283230133229;V042-TTI;"Spannzange ER16 Ø3.175mm (1/8""), AAA (Rundlaufungenauigkeit <=0.005mm)";;8,18;Y;0;0;0;30;34;22;22;N;N;N;0,03;3,4;2,2;2,2;8466102000
3606;R001-10;4283230190321;V042-TTI;Spannzange ER16 Ø1.0mm, AAA (Rundlaufungenauigkeit <=0.005mm);;8,18;Y;3;0;0;30;34;22,5;22,5;Y;N;N;0,03;3,4;2,25;2,25;8466102000
3604;H013-09;4283230063427;V042-TTI;Spannzange ER16 Ø10.0mm, AA (Rundlaufungenauigkeit <=0.008mm);;6,4;Y;4;0;0;20;34;22;22;Y;N;N;0,02;3,4;2,2;2,2;8466102000
3600;TTI-4283230136428;4283230136428;V042-TTI;Spannzange ER16 Ø8.0mm, AA (Rundlaufungenauigkeit <=0.008mm);;6,4;Y;0;0;0;20;34;23;23;N;N;N;0,02;3,4;2,3;2,3;8466102000
3595;H015-03;4283230064325;V042-TTI;Spannzange ER16 Ø6.0mm, AA (Rundlaufungenauigkeit <=0.008mm);;6,42;Y;15;0;0;30;34;22,5;22,5;Y;N;N;0,03;3,4;2,25;2,25;8466102000
3593;N008-05;4283230136527;V042-TTI;Spannzange ER16 Ø5.0mm, AA (Rundlaufungenauigkeit <=0.008mm);;6,4;Y;9;0;0;20;34;23;23;Y;N;N;0,02;3,4;2,3;2,3;8466102000
3589;A010-16;4283230873323;V042-TTI;"Spannzange ER16 Ø3.175mm (1/8""), AA (Rundlaufungenauigkeit <=0.008mm)";;6,42;Y;12;0;0;30;34,5;23;23;Y;N;N;0,03;3,45;2,3;2,3;8466102000
3582;A009-03;4283230870520;V042-TTI;Spannzange ER16 Ø10.0mm;;3,5;Y;2;0;0;20;31;22;22;Y;N;N;0,02;3,1;2,2;2,2;8466102000
3580;B014-06;4283230920720;V042-TTI;Spannzange ER16 Ø9.0mm;;3,5;Y;1;0;0;20;31;22;22;Y;N;N;0,02;3,1;2,2;2,2;8466102000
3578;TTI-4283230869920;4283230869920;V042-TTI;Spannzange ER16 Ø8.0mm;;3,5;Y;0;0;0;20;35;22;22;N;N;N;0,02;3,5;2,2;2,2;8466102000
3576;B008-04;4283230915221;V042-TTI;Spannzange ER16 Ø7.0mm;;3,5;Y;9;0;0;20;31;22;22;Y;N;N;0,02;3,1;2,2;2,2;8466102000
3573;TTI-4283230915122;4283230915122;V042-TTI;Spannzange ER16A Ø6.0mm;;3,5;Y;0;0;0;20;32;22;22;N;N;N;0,02;3,2;2,2;2,2;8466102000
3571;TTI-4283230858429;4283230858429;V042-TTI;Spannzange ER16 Ø5.0mm;;3,5;Y;0;0;0;20;32;22;22;N;N;N;0,02;3,2;2,2;2,2;8466102000
3569;A011-07;4283230874023;V042-TTI;Spannzange ER16 Ø4.0mm;;3,5;Y;11;0;0;20;32;22;22;Y;N;N;0,02;3,2;2,2;2,2;8466102000
3567;B011-02;4283230917423;V042-TTI;"Spannzange ER16 Ø3.175mm (1/8"")";;3,52;Y;9;0;0;30;31;22;22;Y;N;N;0,03;3,1;2,2;2,2;8466102000
3566;A004-03;4283230862624;V007-TMT;Zahnriemenscheibe 3GT-20K-B6-6: Zähne 20, Typ K, Bohrung 6mm, Riemenbreite 6mm;;3,76;Y;8;0;0;10;22;22;16;Y;Y;N;0,01;2,2;2,2;1,6;8483508090
3560;E002-07;4283230883728;V200-TMS;Seilklemme Duplex für Seil bis Ø10mm M10x31;;10,08;Y;12;0;0;180;95;39;31;Y;N;N;0,19;9,5;3,9;3,1;7318156290
3559;A017-14;4283230884022;V200-TMS;Seilklemme Duplex für Seil bis Ø8mm M8x29;;5,03;Y;12;0;0;90;75;31;29;Y;N;N;0,1;7,5;3,1;2,9;7318156290
3558;A017-09;4283230883520;V200-TMS;Seilklemme Duplex für Seil bis Ø6mm M6x22;;3,35;Y;11;0;0;50;60;25;23;Y;N;N;0,05;6;2,5;2,3;7318156290
3557;B013-02;4283230919526;V200-TMS;Seilklemme Duplex für Seil bis Ø5mm M5x17;;2,26;Y;11;0;0;30;50;20;19;Y;N;N;0,03;5;2;1,9;7318156290
3556;TMS-4283230927224;4283230927224;V200-TMS;Seilklemme Duplex für Seil bis Ø4mm M5x17;;1,92;Y;0;0;0;20;42;18;18;N;N;N;0,02;4,2;1,8;1,8;7318156290
3555;B019-03;4283230925527;V200-TMS;Seilklemme Duplex für Seil bis Ø3mm M4x13;;1,59;Y;5;0;0;10;34;15;14;Y;N;N;0,01;3,4;1,5;1,4;7318156290
3554;B010-08;4283230917027;V200-TMS;Seilklemme Duplex für Seil bis Ø2mm M4x13;;1,42;Y;48;0;0;10;31;12;14;Y;N;N;0,01;3,1;1,2;1,4;7318156290
3553;A018-01;4283230884329;V200-TMS;Seilklemme Simplex für Seil bis Ø10mm M10x31;;4,19;Y;4;0;0;90;48;39;31;Y;N;N;0,09;4,8;3,9;3,1;7318156290
3552;A017-03;4283230883025;V200-TMS;Seilklemme Simplex für Seil bis Ø8mm M8x29;;2,51;Y;6;0;0;50;38;22;31;Y;N;N;0,05;3,8;2,2;3,1;7318156290
3551;TMS-4283230876621;4283230876621;V200-TMS;Seilklemme Simplex für Seil bis Ø6mm M6x22;;1,92;Y;0;0;0;30;30;17;23;N;N;N;0,03;3;1,7;2,3;7318156290
3550;B011-04;4283230917522;V200-TMS;Seilklemme Simplex für Seil bis Ø5mm M5x17;;1,67;Y;4;0;0;10;25;19;18;Y;N;N;0,01;2,5;1,9;1,8;7318156290
3549;B014-10;4283230921123;V200-TMS;Seilklemme Simplex für Seil bis Ø4mm M5x17;;1,5;Y;4;0;0;10;18,5;20;18;Y;N;N;0,01;1,85;2;1,8;7318156290
3548;TMS-4283230280220;4283230280220;V200-TMS;Seilklemme Simplex für Seil bis Ø3mm M4x13;;1,17;Y;0;0;0;0;0;0;0;N;N;N;0;0;0;0;7318156290
3547;B011-10;4283230917928;V200-TMS;Seilklemme Simplex für Seil bis Ø2mm M4x13;;0,92;Y;11;0;0;0;15;15;12;Y;N;N;0;1,5;1,5;1,2;7318156290
3489;TTI-4283230269928;4283230269928;V042-TTI;Spannzange ER11 Ø3.175mm, AAA (Rundlaufungenauigkeit <=0.005mm);;8,14;Y;0;0;0;10;34;22,5;22,5;N;N;N;0,01;3,4;2,25;2,25;8466102000
3475;H016-01;4283230064929;V042-TTI;"Spannzange ER11 Ø3.175mm (1/8""), AA (Rundlaufungenauigkeit <=0.008mm)";;6,38;Y;12;0;0;10;34;22,5;22,5;Y;N;N;0,01;3,4;2,25;2,25;8466102000
3470;P014-03;4283230184528;V042-TTI;Spannzange ER11 Ø7.0mm, AA (Rundlaufungenauigkeit <=0.008mm);;6,38;Y;7;0;0;10;34;22,5;22,5;Y;N;N;0,01;3,4;2,25;2,25;8466102000
3469;H009-05;4283230060921;V042-TTI;Spannzange ER11 Ø6.0mm, AA (Rundlaufungenauigkeit <=0.008mm);;6,38;Y;9;0;0;10;34;22,5;22,5;Y;N;N;0,01;3,4;2,25;2,25;8466102000
3468;TTI-4283230063328;4283230063328;V042-TTI;Spannzange ER11 Ø5.0mm, AA (Rundlaufungenauigkeit <=0.008mm);;6,38;Y;0;0;0;10;35;23;23;N;N;N;0,01;3,5;2,3;2,3;8466102000
3466;TTI-4283230191922;4283230191922;V042-TTI;Spannzange ER11 Ø3.0mm, AA (Rundlaufungenauigkeit <=0.008mm);;6,38;Y;0;0;0;10;34;22;22;N;N;N;0,01;3,4;2,2;2,2;8466102000
3457;N001-05;4283230132628;V042-TTI;"Spannzange ER11 Ø3.175mm (1/8"")";;3,48;Y;15;0;0;10;28;22;22;Y;N;N;0,01;2,8;2,2;2,2;8466102000
3455;N002-06;4283230133328;V042-TTI;Spannzange ER11 Ø7.0mm;;3,48;Y;11;0;0;10;28;22;22;Y;N;N;0,01;2,8;2,2;2,2;8466102000
3454;N003-06;4283230133922;V042-TTI;Spannzange ER11 Ø6.0mm;;3,48;Y;14;0;0;10;28;22;22;Y;N;N;0,01;2,8;2,2;2,2;8466102000
3453;TTI-4283230132024;4283230132024;V042-TTI;Spannzange ER11 Ø5.0mm;;3,48;Y;0;0;0;10;27;21;21;N;N;N;0,01;2,7;2,1;2,1;8466102000
3452;B035-09;4283230943323;V042-TTI;Spannzange ER11 Ø4.0mm;;3,48;Y;7;0;0;10;28;22;22;Y;N;N;0,01;2,8;2,2;2,2;8466102000
3451;A022-11;4283230891624;V042-TTI;Spannzange ER11 Ø3.0mm;;3,48;Y;10;0;0;10;28;22;22;Y;N;N;0,01;2,8;2,2;2,2;8466102000
3427;C009-08;4283230957429;V064-TEW;Kabelführung Ø30mm weiß-transparent, VPE 1.3m;;3,01;Y;4;0;0;100;200;200;53,5;Y;N;Y;0,11;20;20;5,35;8487909090
3426;S001-08;4283230195524;V064-TEW;Kabelführung Ø25mm weiß-transparent, VPE 2m;;2,58;Y;6;0;0;100;220;180;30;Y;N;Y;0,1;22;18;3;8487909090
3425;S001-07;4283230195425;V064-TEW;Kabelführung Ø20mm weiß-transparent, VPE 2.5m;;3,01;Y;3;0;0;100;190;170;38;Y;N;Y;0,1;19;17;3,8;8487909090
3424;C007-08;4283230956125;V064-TEW;Kabelführung Ø18mm weiß-transparent, VPE 2.7m;;3,44;Y;11;0;0;100;210;210;90;Y;N;Y;0,11;21;21;9;8487909090
3423;C006-08;4283230955326;V064-TEW;Kabelführung Ø16mm weiß-transparent, VPE 4m;;4,3;Y;3;0;0;100;200;200;25;Y;N;Y;0,1;20;20;2,5;8487909090
3422;C005-08;4283230954428;V064-TEW;Kabelführung Ø14mm weiß-transparent, VPE 4.5m;;4,3;Y;5;0;0;100;200;200;25;Y;N;Y;0,11;20;20;2,5;8487909090
3421;S001-06;4283230195326;V064-TEW;Kabelführung Ø12mm weiß-transparent, VPE 5m;;4,3;Y;10;0;0;100;230;170;40;Y;N;Y;0,1;23;17;4;8487909090
3420;C017-03;4283230195227;V064-TEW;Kabelführung Ø10mm weiß-transparent, VPE 6.8m;;4,3;Y;3;0;0;100;230;170;34;Y;N;Y;0,1;23;17;3,4;8487909090
3419;S002-04;4283230196026;V064-TEW;Kabelführung Ø8mm weiß-transparent, VPE 10m;;5,16;Y;9;0;0;100;200;200;30;Y;N;Y;0,1;20;20;3;8487909090
3418;S001-04;4283230195128;V064-TEW;Kabelführung Ø6mm weiß-transparent, VPE 13m;;5,16;Y;4;0;0;100;230;170;26;Y;N;Y;0,1;23;17;2,6;8487909090
3417;TEW-4283230951021;4283230951021;V064-TEW;Kabelführung Ø30mm SCHWARZ, VPE 1.3m;;3,01;Y;0;0;0;110;200;200;23;N;N;Y;0,12;20;20;2,3;8487909090
3416;K001-05;4283230960924;V064-TEW;Kabelführung Ø25mm SCHWARZ, VPE 2m;;2,58;Y;0;0;0;100;190;180;50;Y;N;Y;0,1;19;18;5;8487909090
3415;TEW-4283230951922;4283230951922;V064-TEW;Kabelführung Ø20mm SCHWARZ, VPE 2.5m;;3,44;Y;0;0;0;100;200;200;23;N;N;Y;0,11;20;20;2,3;8487909090
3414;TEW-4283230952721;4283230952721;V064-TEW;Kabelführung Ø18mm SCHWARZ, VPE 2.7m;;3,44;Y;0;0;0;100;90;90;59;N;N;Y;0,11;9;9;5,9;8487909090
3413;TEW-4283230975027;4283230975027;V064-TEW;Kabelführung Ø16mm SCHWARZ, VPE 4m;;4,3;Y;0;0;0;100;180;180;27;N;N;Y;0,1;18;18;2,7;8487909090
3412;D018-06;4283230977625;V064-TEW;Kabelführung Ø14mm SCHWARZ, VPE 4.5m;;4,3;Y;7;0;0;100;210;210;40;Y;N;Y;0,1;21;21;4;8487909090
3411;S002-03;4283230195920;V064-TEW;Kabelführung Ø12mm SCHWARZ, VPE 5m;;4,3;Y;5;0;0;100;230;200;40;Y;N;Y;0,1;23;20;4;8487909090
3410;D007-01;4283230969026;V064-TEW;Kabelführung Ø10mm SCHWARZ, VPE 6.8m;;4,3;Y;2;0;0;100;190;170;50;Y;N;Y;0,1;19;17;5;8487909090
3409;S002-07;4283230196323;V064-TEW;Kabelführung Ø8mm SCHWARZ, VPE 10m;;5,16;Y;2;0;0;100;230;200;29;Y;N;Y;0,11;23;20;2,9;8487909090
3408;D011-10;4283230195623;V064-TEW;Kabelführung Ø6mm SCHWARZ, VPE 13m;;5,16;Y;0;0;0;100;230;170;28;Y;N;Y;0,11;23;17;2,8;8487909090
3407;C009-07;4283230957320;V064-TEW;Kabelführung Ø4mm SCHWARZ, VPE 20m;;5,16;Y;2;0;0;100;195;195;28;Y;N;Y;0,1;19,5;19,5;2,8;8487909090
3241;D017-04;4283230976727;V056-TES;Industrielle Signalleuchte, Einbau Ø22mm, 220-240Vac/dc, gelb;;1,91;Y;14;0;0;20;51;29;29;Y;N;N;0,02;5,1;2,9;2,9;8536500700
3240;D005-09;4283230968128;V056-TES;Industrielle Signalleuchte, Einbau Ø22mm, 24Vac/dc, gelb;;1,64;Y;33;0;0;20;51;29;29;Y;N;N;0,02;5,1;2,9;2,9;8536500700
3239;TES-4283230953728;4283230953728;V056-TES;Industrielle Signalleuchte, Einbau Ø22mm, 12Vac/dc, gelb;;1,64;Y;0;0;0;20;51;29;29;N;N;N;0,02;5,1;2,9;2,9;8536500700
3238;B008-13;4283230915726;V024-TSC;Flansch Kupplung 3.17mm;;2,55;Y;20;15;0;10;22;22;12;Y;Y;N;0,01;2,2;2,2;1,2;8483608090
3237;A032-06;4283230901927;V007-TMT;Zahnriemenscheibe 2GT-40BF-B12-10: Zähne 40, Typ BF, Bohrung 12mm, Riemenbreite 10mm;;4,26;Y;27;18;0;20;28;28;21;Y;Y;N;0,02;2,8;2,8;2,1;8483508090
3236;E008-08;4283230902023;V007-TMT;Zahnriemenscheibe 2GT-40BF-B10-10: Zähne 40, Typ BF, Bohrung 10mm, Riemenbreite 10mm;;4,34;Y;68;47;0;20;28;28;21;Y;Y;N;0,02;2,8;2,8;2,1;8483508090
3235;A033-07;4283230903020;V007-TMT;Zahnriemenscheibe 2GT-40BF-B6.35-10: Zähne 40, Typ BF, Bohrung 6.35mm, Riemenbreite 10mm;;4,26;Y;13;12;0;20;28;28;21;Y;Y;N;0,02;2,8;2,8;2,1;8483508090
3234;A033-06;4283230902924;V007-TMT;Zahnriemenscheibe 2GT-32BF-B10-10: Zähne 32, Typ BF, Bohrung 10mm, Riemenbreite 10mm;;3,39;Y;22;18;0;10;22,5;22,5;21;Y;Y;N;0,01;2,25;2,25;2,1;8483508090
3233;P017-02;4283230185426;V007-TMT;Zahnriemenscheibe 2GT-32BF-B6.35-10: Zähne 32, Typ BF, Bohrung 6.35mm, Riemenbreite 10mm;;3,39;Y;18;12;0;10;23;23;21;Y;Y;N;0,01;2,3;2,3;2,1;8483508090
3232;D010-03;4283230971425;V013-TES;Industrieschalter LA38 LED weiß, 220-240Vac;;3,29;Y;5;0;0;10;33,5;29;29;Y;N;N;0,01;3,35;2,9;2,9;8536500700
3230;D014-04;4283230974228;V013-TES;Industrieschalter LA38 LED weiß, 24Vac/dc;;3,31;Y;54;0;0;10;41;33,5;29;Y;N;N;0,01;4,1;3,35;2,9;8536500700
3229;D011-08;4283230972620;V013-TES;Industrieschalter LA38 LED weiß, 12Vac/dc;;3,31;Y;57;0;0;10;40,5;34;29;Y;N;N;0,01;4,05;3,4;2,9;8536500700
3223;L010-03;4283230119124;V027-TMS;Spannblock Spindelhalter Ø48mm mit Schrauben;;17,44;Y;5;0;0;260;70,5;60;41;Y;Y;N;0,28;7,05;6;4,1;8466102000
3203;C002-05;4283230951724;V116-TEW;Kabelhalter R-6, weiß, 13.2mm, VPE Menge 1000 Stk;;12,92;Y;2;0;0;530;260;280;37;Y;N;Y;0,55;26;28;3,7;8487909090
3202;M005-02;4283230124920;V116-TEW;Kabelhalter R-5, weiß, 10.4mm, VPE Menge 1000 Stk;;12,92;Y;1;0;0;430;223;180;42;Y;N;Y;0,45;22,3;18;4,2;8487909090
3201;M001-05;4283230120922;V116-TEW;Kabelhalter R-4, weiß, 8.4mm, VPE Menge 1000 Stk;;12,92;Y;2;0;0;340;220;190;42;Y;N;Y;0,36;22;19;4,2;8487909090
3200;C005-07;4283230954329;V116-TEW;Kabelhalter R-3, weiß, 6.4mm, VPE Menge 1000 Stk;;12,92;Y;1;0;0;330;250;200;55;Y;N;Y;0,35;25;20;5,5;8487909090
3199;C006-07;4283230955227;V116-TEW;Kabelhalter R-2, weiß, 5.2mm, VPE Menge 1000 Stk;;12,92;Y;3;0;0;260;200;200;55;Y;N;Y;0,27;20;20;5,5;8487909090
3198;C002-08;4283230952028;V116-TEW;Kabelhalter R-1, weiß, 3.3mm, VPE Menge 1000 Stk;;12,92;Y;3;0;0;310;200;190;23;Y;N;Y;0,32;20;19;2,3;8487909090
3189;N018-06;4283230144621;V093-TMT;Rillenkugellager 628ZZ - 8x24x8mm;;0,78;Y;0;0;0;20;24;24;8;Y;Y;N;0,02;2,4;2,4;0,8;8482101010
3188;B017-13;4283230924223;V093-TMT;Rillenkugellager 605ZZ - 5x14x5mm;;0,76;Y;12;0;0;10;14;14;5;Y;N;N;0,01;1,4;1,4;0,5;8482101010
3187;B011-13;4283230918123;V093-TMT;Rillenkugellager 604ZZ - 4x12x4mm;;0,76;Y;13;0;0;10;12;12;4;Y;N;N;0,01;1,2;1,2;0,4;8482101010
3186;J026-06;4283230110220;V093-TMT;Rillenkugellager 606ZZ - 6x17x6mm;;0,76;Y;0;0;0;10;17;17;6;Y;N;N;0,01;1,7;1,7;0,6;8482101010
3185;TMT-4283230137722;4283230137722;V007-TMT;Zahnriemenscheibe 2GT-16K-B6.35-6: Zähne 16, Typ K, Bohrung 6.35mm, Riemenbreite 6mm;;2,5;Y;0;0;0;10;14;13;13;Y;Y;N;0,01;1,4;1,3;1,3;8483508090
3184;N002-01;4283230132925;V007-TMT;Zahnriemenscheibe 2GT-16K-B6-6: Zähne 16, Typ K, Bohrung 6mm, Riemenbreite 6mm;;1,82;Y;56;26;0;10;14;13;13;Y;Y;N;0,01;1,4;1,3;1,3;8483508090
3181;P016-06;4283230185129;V016-TMS;Gelenkkopf SI3;;2,69;Y;46;40;0;10;27;12;7;Y;Y;N;0,01;2,7;1,2;0,7;8483902090
3180;P016-05;4283230185020;V016-TMS;Gelenkkopf SI4;;2,69;Y;81;69;0;10;32;14;8;Y;Y;N;0,01;3,2;1,4;0,8;8483902090
3170;H008-05;4283230060228;V002-TMT;Zahnriemen 2GT-300-9;;3,64;Y;1;6;0;10;42;29;9;Y;Y;N;0,01;4,2;2,9;0,9;4010390090
3169;H012-01;4283230062420;V002-TMT;Zahnriemen 2GT-240-9;;3,16;Y;1;8;0;10;40;29;9;Y;Y;N;0,01;4;2,9;0,9;4010390090
3168;H011-03;4283230062024;V002-TMT;Zahnriemen 2GT-218-9;;3;Y;5;0;0;10;37;29,3;9;Y;Y;N;0,01;3,7;2,93;0,9;4010390090
3167;TMT-4283230064622;4283230064622;V002-TMT;Zahnriemen 2GT-200-9;;2,88;Y;0;0;0;10;41;28;9;Y;Y;N;0,01;4,1;2,8;0,9;4010390090
3166;M008-11;4283230128621;V002-TMT;Zahnriemen 2GT-180-9;;2,78;Y;1;12;0;10;75;34;9;Y;Y;N;0,01;7,5;3,4;0,9;4010390090
3164;J016-10;4283230099921;V002-TMT;Zahnriemen 2GT-300-10;;3,64;Y;0;22;0;10;40;36;10;Y;Y;N;0,01;4;3,6;1;4010390090
3163;J010-06;4283230093028;V002-TMT;Zahnriemen 2GT-360-10;;4,72;Y;23;15;0;10;36;28;10;Y;Y;N;0,01;3,6;2,8;1;4010390090
3162;J004-05;4283230086921;V002-TMT;Zahnriemen 2GT-150-10;;2,96;Y;20;10;0;10;60;50;10;Y;Y;N;0,01;6;5;1;4010390090
3161;J007-10;4283230090423;V002-TMT;Zahnriemen 2GT-130-10;;2,83;Y;18;4;0;10;46;35;10;Y;Y;N;0,01;4,6;3,5;1;4010390090
3160;J017-01;4283230100023;V002-TMT;Zahnriemen 2GT-180-10;;3;Y;70;41;0;10;41;27;10;Y;Y;N;0,01;4,1;2,7;1;4010390090
3159;J020-10;4283230103826;V002-TMT;Zahnriemen 2GT-400-10;;4,02;Y;29;21;0;10;61;44;10;Y;Y;N;0,01;6,1;4,4;1;4010390090
3158;J016-08;4283230099723;V002-TMT;Zahnriemen 2GT-320-10;;3,85;Y;9;15;0;10;50;20,5;10;Y;Y;N;0,01;5;2,05;1;4010390090
3157;J011-01;4283230093424;V002-TMT;Zahnriemen 2GT-350-10;;4,72;Y;19;10;0;10;39;28;10;Y;Y;N;0,01;3,9;2,8;1;4010390090
3156;J006-01;4283230088529;V002-TMT;Zahnriemen 2GT-120-10;;2,94;Y;26;4;0;10;46,5;29;10;Y;Y;N;0,01;4,65;2,9;1;4010390090
3155;J010-03;4283230092724;V002-TMT;Zahnriemen 2GT-250-10;;3,74;Y;39;26;0;10;33,5;28;10;Y;Y;N;0,01;3,35;2,8;1;4010390090
3154;J017-08;4283230100528;V002-TMT;Zahnriemen 2GT-240-10;;3,28;Y;37;31;0;10;60;40,5;10;Y;Y;N;0,01;6;4,05;1;4010390090
3153;J001-08;4283230083821;V002-TMT;Zahnriemen 2GT-900-10;;7,7;Y;23;4;0;10;53;40;10;Y;Y;N;0,01;5,3;4;1;4010390090
3152;J012-04;4283230094827;V002-TMT;Zahnriemen 2GT-200-10;;3;Y;39;35;0;10;39;35;10;Y;Y;N;0,01;3,9;3,5;1;4010390090
3151;J020-05;4283230103420;V002-TMT;Zahnriemen 2GT-170-10;;3;Y;27;29;0;10;26;16;10;Y;Y;N;0,01;2,6;1,6;1;4010390090
3150;J005-03;4283230087720;V002-TMT;Zahnriemen 2GT-140-10;;2,84;Y;16;7;0;10;60;40;10;Y;Y;N;0,01;6;4;1;4010390090
3149;J019-07;4283230102720;V002-TMT;Zahnriemen 2GT-280-10;;3,48;Y;16;16;0;10;38;27;10;Y;Y;N;0,01;3,8;2,7;1;4010390090
3148;J002-05;4283230084620;V002-TMT;Zahnriemen 2GT-160-10;;3;Y;21;15;0;10;60;40;10;Y;Y;N;0,01;6;4;1;4010390090
3147;J019-03;4283230102225;V002-TMT;Zahnriemen 2GT-1000-10;;7,47;Y;8;7;0;20;44,5;44,5;10;Y;Y;N;0,02;4,45;4,45;1;4010390090
3146;J012-10;4283230095428;V002-TMT;Zahnriemen 2GT-110-10;;2,83;Y;10;0;0;10;41;41;10;Y;Y;N;0,01;4,1;4,1;1;4010390090
3145;J017-04;4283230100221;V002-TMT;Zahnriemen 2GT-100-10;;2,94;Y;17;10;0;10;25;11;10;Y;Y;N;0,01;2,5;1,1;1;4010390090
3144;J015-01;4283230098023;V002-TMT;Zahnriemen 2GT-220-10;;3,16;Y;58;22;0;10;26;14;10;Y;Y;N;0,01;2,6;1,4;1;4010390090
3143;J011-08;4283230094223;V002-TMT;Zahnriemen 2GT-260-10;;3,74;Y;21;17;0;10;40;25;10;Y;Y;N;0,01;4;2,5;1;4010390090
3140;B002-13;4283230909725;V007-TMT;Zahnriemenscheibe 2GT-12K-B4-6: Zähne 12, Typ K, Bohrung 4mm, Riemenbreite 6mm;;2,5;Y;70;41;0;10;14;10;10;Y;Y;N;0,01;1,4;1;1;8483508090
3139;H004-01;4283230056221;V016-TMS;Gelenkkopf SIL18;;7;Y;8;2;0;280;94,5;44;27;Y;Y;N;0,3;9,45;4,4;2,7;8483902090
3138;H011-07;4283230062222;V016-TMS;Gelenkkopf SI18;;7,01;Y;10;8;0;300;94;44,5;23;Y;Y;N;0,31;9,4;4,45;2,3;8483902090
3132;B001-13;4283230908629;V007-TMT;Zahnriemenscheibe 2GT-12K-B5-6: Zähne 12, Typ K, Bohrung 5mm, Riemenbreite 6mm;;2,5;Y;12;21;0;10;14;10;10;Y;Y;N;0,01;1,4;1;1;8483508090
3131;PRO-4283230291424;4283230291424;;Adana 2.5*70cm, Stärke 3mm;;0;N;0;0;0;0;0;0;0;Y;N;N;0;0;0;0;7326909890
3130;PRO-4283230291325;4283230291325;;Adana 2.5*60cm, Stärke 3mm;;0;N;0;0;0;0;0;0;0;Y;N;N;0;0;0;0;7326909890
3129;PRO-4283230291226;4283230291226;;Adana 3*70cm, Stärke 2.5mm;;0;N;0;0;0;0;0;0;0;Y;N;N;0;0;0;0;7326909890
3128;PRO-4283230291127;4283230291127;;Adana 3*62cm, Stärke 2.5mm;;0;N;0;0;0;0;0;0;0;Y;N;N;0;0;0;0;7326909890
3127;PRO-4283230291028;4283230291028;;Adana 2.5*62cm, Stärke 2.5mm;;0;N;0;0;0;0;0;0;0;Y;N;N;0;0;0;0;7326909890
3126;PRO-4283230290922;4283230290922;;Adana 2.5*55cm, Stärke 2.5mm;;0;N;0;0;0;0;0;0;0;Y;N;N;0;0;0;0;7326909890
3125;PRO-4283230290823;4283230290823;;Adana 2*60cm, Stärke 2mm;;0;N;0;0;0;0;0;0;0;Y;N;N;0;0;0;0;7326909890
3124;PRO-4283230290724;4283230290724;;Adana 1*70cm, Stärke 2mm;;0;N;0;0;0;0;0;0;0;Y;N;N;0;0;0;0;7326909890
3123;PRO-4283230290625;4283230290625;;Adana 1*60cm, Stärke 2mm;;0;N;0;0;0;0;0;0;0;Y;N;N;0;0;0;0;7326909890
3122;PRO-4283230290526;4283230290526;;Gastro Spieß klein 6*6*700 mm;;0;N;0;0;0;0;0;0;0;Y;N;N;0;0;0;0;7326909890
3121;PRO-4283230290427;4283230290427;;Gastro Spieß klein 5*5*700 mm;;0;N;0;0;0;0;0;0;0;Y;N;N;0;0;0;0;7326909890
3120;PRO-4283230290328;4283230290328;;Gastro Spieß klein 5*5*600 mm;;0;N;0;0;0;0;0;0;0;Y;N;N;0;0;0;0;7326909890
3115;G015-06;4283230051127;V118-TMT;Zahnriemenscheibe 2GT Doppel GT2-20H-B6.35-9;;4,2;Y;180;0;0;10;27,5;16;16;Y;Y;N;0,01;2,75;1,6;1,6;8483508090
3089;C015-08;4283230961624;V013-TES;Industrieschalter LA38 DRUCK, RASTEND, 1 Schließer + 1 Öffner, schwarz;;3,57;Y;11;0;0;40;72;40;35;Y;N;N;0,04;7,2;4;3,5;8536500700
3088;TES-4283230963925;4283230963925;V013-TES;Industrieschalter LA38 DRUCK, RASTEND, 1 Schließer + 1 Öffner, weiß;;3,55;Y;0;0;0;40;67;42;30;Y;N;N;0,04;6,7;4,2;3;8536500700
3087;TES-4283230961525;4283230961525;V013-TES;Industrieschalter LA38 DRUCK, RASTEND, 1 Schließer + 1 Öffner, blau;;3,57;Y;0;0;0;40;72;40;35;Y;N;N;0,05;7,2;4;3,5;8536500700
3086;C017-09;4283230963222;V013-TES;Industrieschalter LA38 DRUCK, RASTEND, 1 Schließer + 1 Öffner, gelb;;3,54;Y;35;0;0;30;69;40;30;Y;N;N;0,03;6,9;4;3;8536500700
3085;C013-08;4283230960221;V013-TES;Industrieschalter LA38 DRUCK, RASTEND, 1 Schließer + 1 Öffner, rot;;3,55;Y;20;0;0;50;67;30;30;Y;N;N;0,05;6,7;3;3;8536500700
3084;C015-06;4283230961426;V013-TES;Industrieschalter LA38 DRUCK, RASTEND, 1 Schließer + 1 Öffner, grün;;3,53;Y;2;0;0;40;69;36;30;Y;N;N;0,04;6,9;3,6;3;8536500700
3065;TES-4283230960320;4283230960320;V013-TES;Industrieschalter LA38 DRUCK, SELBSTRÜCKSTELLEND, 1 Schließer + 1 Öffner, schwarz;;2,69;Y;0;0;0;40;67;30;30;Y;N;N;0,05;6,7;3;3;8536500700
3064;C016-08;4283230962423;V013-TES;Industrieschalter LA38 DRUCK, SELBSTRÜCKSTELLEND, 1 Schließer + 1 Öffner, weiß;;2,81;Y;0;0;0;40;70;75;35;Y;N;N;0,04;7;7,5;3,5;8536500700
3063;C015-09;4283230961723;V013-TES;Industrieschalter LA38 DRUCK, SELBSTRÜCKSTELLEND, 1 Schließer + 1 Öffner, blau;;2,7;Y;17;0;0;40;72;40;35;Y;N;N;0,04;7,2;4;3,5;8536500700
3062;C018-06;4283230963727;V013-TES;Industrieschalter LA38 DRUCK, SELBSTRÜCKSTELLEND, 1 Schließer + 1 Öffner, gelb;;2,54;Y;18;0;0;40;67;41;30;Y;N;N;0,05;6,7;4,1;3;8536500700
3061;C018-07;4283230963826;V013-TES;Industrieschalter LA38 DRUCK, SELBSTRÜCKSTELLEND, 1 Schließer + 1 Öffner, rot;;2,68;Y;10;0;0;40;66,5;41;30;Y;N;N;0,04;6,65;4,1;3;8536500700
3060;TES-4283230963024;4283230963024;V013-TES;Industrieschalter LA38 DRUCK, SELBSTRÜCKSTELLEND, 1 Schließer + 1 Öffner, grün;;2,68;Y;0;0;0;40;66,5;42;30;Y;N;N;0,04;6,65;4,2;3;8536500700
3015;TEW-4283230087027;4283230087027;V166-TEW;Lüsterklemmen 30A;;4,22;Y;0;0;0;30;150;20,5;15;N;N;N;0,03;15;2,05;1,5;8536901000
3014;TEW-4283230090720;4283230090720;V166-TEW;Lüsterklemmen 20A;;3,35;Y;0;0;0;30;119;19,5;13;N;N;N;0,03;11,9;1,95;1,3;8536901000
3013;TEW-4283230087621;4283230087621;V166-TEW;Lüsterklemmen 10A;;2,49;Y;0;0;0;20;110;17;12,5;N;N;N;0,02;11;1,7;1,25;8536901000
2987;TMS-4283230302328;4283230302328;V117-TMS;Ringschraube M30;;2,18;Y;0;0;0;0;0;0;0;N;N;N;0;0;0;0;7318156290
2986;TMS-4283230302120;4283230302120;V117-TMS;Ringschraube M27;;2,09;Y;0;0;0;0;0;0;0;N;N;N;0;0;0;0;7318156290
2985;TMS-4283230302021;4283230302021;V117-TMS;Ringschraube M24;;2,01;Y;0;0;0;0;0;0;0;N;N;N;0;0;0;0;7318156290
2984;TMS-4283230301925;4283230301925;V117-TMS;Ringschraube M20;;1,92;Y;0;0;0;0;0;0;0;N;N;N;0;0;0;0;7318156290
2983;TMS-4283230301826;4283230301826;V117-TMS;Ringschraube M18;;1,84;Y;0;0;0;0;0;0;0;N;N;N;0;0;0;0;7318156290
2982;TMS-4283230301727;4283230301727;V117-TMS;Ringschraube M16;;1,76;Y;0;0;0;0;0;0;0;N;N;N;0;0;0;0;7318156290
2981;TMS-4283230301628;4283230301628;V117-TMS;Ringschraube M14;;1,59;Y;0;0;0;0;0;0;0;N;N;N;0;0;0;0;7318156290
2980;TMS-4283230013828;4283230013828;V117-TMS;Ringschraube M12;;1,5;Y;0;0;0;110;69;48;27;N;N;N;0,12;6,9;4,8;2,7;7318156290
2979;TMS-4283230014320;4283230014320;V117-TMS;Ringschraube M10;;1,42;Y;0;0;0;70;63;42;22;N;N;N;0,07;6,3;4,2;2,2;7318156290
2978;TMS-4283230988423;4283230988423;V117-TMS;Ringschraube M8;;1,34;Y;0;0;0;40;49,5;34,5;18;N;N;N;0,04;4,95;3,45;1,8;7318156290
2977;TMS-4283230022325;4283230022325;V117-TMS;Ringschraube M6;;1,25;Y;0;0;0;20;40;26;18;N;N;N;0,02;4;2,6;1,8;7318156290
2976;TMS-4283230874221;4283230874221;V117-TMS;Ringschraube M5;;1,08;Y;0;0;0;10;35;22;11;N;N;N;0,01;3,5;2,2;1,1;7318156290
2975;TMS-4283230880826;4283230880826;V117-TMS;Ringschraube M4;;1;Y;0;0;0;10;31;19;8;N;N;N;0,01;3,1;1,9;0,8;7318156290
2974;TMS-4283230302229;4283230302229;V117-TMS;Ringschraube M3;;0,92;Y;0;0;0;0;0;0;0;N;N;N;0;0;0;0;7318156290
2972;TMS-4283230301321;4283230301321;V117-TMS;Ringmutter M30;;2,18;Y;0;0;0;0;0;0;0;N;N;N;0;0;0;0;7318156290
2971;TMS-4283230301123;4283230301123;V117-TMS;Ringmutter M27;;2,09;Y;0;0;0;0;0;0;0;N;N;N;0;0;0;0;7318156290
2970;TMS-4283230301024;4283230301024;V117-TMS;Ringmutter M24;;2,01;Y;0;0;0;0;0;0;0;N;N;N;0;0;0;0;7318156290
2969;TMS-4283230300928;4283230300928;V117-TMS;Ringmutter M20;;1,92;Y;0;0;0;0;0;0;0;N;N;N;0;0;0;0;7318156290
2968;TMS-4283230300829;4283230300829;V117-TMS;Ringmutter M18;;1,84;Y;0;0;0;0;0;0;0;N;N;N;0;0;0;0;7318156290
2967;TMS-4283230300720;4283230300720;V117-TMS;Ringmutter M16;;1,76;Y;0;0;0;0;0;0;0;N;N;N;0;0;0;0;7318156290
2966;TMS-4283230300621;4283230300621;V117-TMS;Ringmutter M14;;1,59;Y;0;0;0;0;0;0;0;N;N;N;0;0;0;0;7318156290
2965;TMS-4283230101228;4283230101228;V117-TMS;Ringmutter M12;;1,5;Y;0;0;0;100;49;49;26,5;N;N;N;0,1;4,9;4,9;2,65;7318156290
2964;TMS-4283230094629;4283230094629;V117-TMS;Ringmutter M10;;1,42;Y;0;0;0;50;42;41;21;N;N;N;0,06;4,2;4,1;2,1;7318156290
2963;TMS-4283230907622;4283230907622;V117-TMS;Ringmutter M8;;1,34;Y;0;0;0;40;37;35;18;N;N;N;0,04;3,7;3,5;1,8;7318156290
2962;TMS-4283230091628;4283230091628;V117-TMS;Ringmutter M6;;1,25;Y;0;0;0;20;27;27;16;N;N;N;0,02;2,7;2,7;1,6;7318156290
2961;TMS-4283230920829;4283230920829;V117-TMS;Ringmutter M5;;1,05;Y;0;0;0;10;23;10,5;10,5;N;N;N;0,01;2,3;1,05;1,05;7318156290
2960;TMS-4283230301420;4283230301420;V117-TMS;Ringmutter M4;;1;Y;0;0;0;0;0;0;0;N;N;N;0;0;0;0;7318156290
2959;TMS-4283230301222;4283230301222;V117-TMS;Ringmutter M3;;0,92;Y;0;0;0;0;0;0;0;N;N;N;0;0;0;0;7318156290
2747;D005-01;4283230967329;V038-TSC;Flanschkupplung mit Gewindebohrung M12;;1,75;Y;73;63;0;40;40;40;25;Y;Y;N;0,04;4;4;2,5;8483608090
2746;M010-07;4283230131324;V038-TSC;Flanschkupplung mit Gewindebohrung M10;;1,29;Y;61;60;0;20;36,5;36,5;17;Y;Y;N;0,02;3,65;3,65;1,7;8483608090
2745;D004-03;4283230966629;V038-TSC;Flanschkupplung mit Gewindebohrung M8;;1,29;Y;136;95;0;20;37;37;17;Y;Y;N;0,02;3,7;3,7;1,7;8483608090
2744;D005-03;4283230967527;V038-TSC;Flanschkupplung mit Gewindebohrung M6;;1,26;Y;0;14;0;30;37;37;17;Y;Y;N;0,03;3,7;3,7;1,7;8483608090
2735;J025-06;4283230109224;V085-TMT;Flanschrillenkugellager F688ZZ - 8x16x5mm;;2,06;Y;7;0;0;20;14;10;10;Y;N;N;0,02;1,4;1;1;8482101010
2734;B002-12;4283230909626;V085-TMT;Flanschrillenkugellager F684ZZ - 4x9x4mm;;1,43;Y;4;0;0;10;18;18;5;Y;N;N;0,01;1,8;1,8;0,5;8482101010
2733;B034-11;4283230942524;V085-TMT;Flanschrillenkugellager F625ZZ - 5x16x5mm;;1,43;Y;41;0;0;10;18;18;5;Y;N;N;0,01;1,8;1,8;0,5;8482101010
2732;B004-12;4283230911827;V085-TMT;Flanschrillenkugellager F624ZZ - 4x13x5mm;;1,43;Y;15;0;0;10;15;15;5;Y;N;N;0,01;1,5;1,5;0,5;8482101010
2731;B039-13;4283230948120;V085-TMT;Flanschrillenkugellager F623ZZ - 3x10x4mm;;1,43;Y;92;0;0;10;11;11;4;Y;N;N;0,01;1,1;1,1;0,4;8482101010
2730;B003-12;4283230910622;V085-TMT;Flanschrillenkugellager F604ZZ - 4x12x4mm;;1,43;Y;41;0;0;10;13,5;13,5;4;Y;N;N;0,01;1,35;1,35;0,4;8482101010
2722;T004-04;4283230293121;V013-TES;Industrieschalter LA38 NOT-AUS STOP, 1 Schließer + 1 Öffner;;4,33;Y;26;0;0;50;75;40;40;Y;N;N;0,05;7,5;4;4;8536500700
2721;T003-04;4283230292728;V013-TES;Industrieschalter LA38 NOT-AUS weiße Pfeile, 1 Schließer + 1 Öffner;;4,32;Y;42;0;0;60;74;40;39;Y;N;N;0,06;7,4;4;3,9;8536500700
2720;D009-05;4283230190727;V013-TES;Industrieschalter LA38 YIJIA NOT-AUS weiße Pfeile, 1 Schließer + 1 Öffner;;6,64;Y;7;0;0;60;79;38;29;Y;N;N;0,06;7,9;3,8;2,9;8536500700
2719;T002-04;4283230292421;V013-TES;Industrieschalter LA38 NOT-AUS 1 Schließer + 1 Öffner;;3,4;Y;40;0;0;50;82,5;39;35;Y;N;N;0,05;8,25;3,9;3,5;8536500700
2718;R002-11;4283230191823;V015-TES;NOT-AUS Schild, Menge 1 Stk;;1,55;Y;99;0;0;0;60;60;2;Y;N;N;0;6;6;0,2;8536500700
2717;TMT-4283230124623;4283230124623;V191-TMT;Linearlager Gleitlager RJMP-12;;3,75;Y;0;10;0;10;32;22;22;N;N;N;0,01;3,2;2,2;2,2;8487909090
2716;TMT-4283230896520;4283230896520;V191-TMT;Linearlager Gleitlager RJMP-10;;2,38;Y;0;0;0;10;29;19;19;N;N;N;0,01;2,9;1,9;1,9;8487909090
2715;TMT-4283230944627;4283230944627;V191-TMT;Linearlager Gleitlager RJMP-08;;1,94;Y;0;0;0;10;29;19;19;N;N;N;0,01;2,9;1,9;1,9;8487909090
2714;TMT-4283230895325;4283230895325;V191-TMT;Linearlager Gleitlager RJMP-06;;1,94;Y;0;0;0;10;29;19;19;N;N;N;0,01;2,9;1,9;1,9;8487909090
2703;C006-10;4283230111029;V017-TEW;Kabelverschraubung, Kunststoff schwarz, PG42, VPE Menge 20 Stk;;21,77;Y;1;1;0;70;62,5;62,5;61;Y;Y;Y;0,07;6,25;6,25;6,1;8487909090
2702;C010-10;4283230111326;V017-TEW;Kabelverschraubung, Kunststoff schwarz, PG36, VPE Menge 20 Stk;;17,21;Y;6;1;0;50;58,5;58,5;57,5;Y;Y;Y;0,05;5,85;5,85;5,75;8487909090
2701;D017-08;4283230977021;V017-TEW;Kabelverschraubung, Kunststoff schwarz, PG29, VPE Menge 50 Stk;;30,18;Y;1;1;0;1700;400;270;100;Y;Y;Y;1,7;40;27;10;8487909090
2700;C010-07;4283230958020;V017-TEW;Kabelverschraubung, Kunststoff schwarz, PG25, VPE Menge 100 Stk;;38,11;Y;2;1;0;2150;360;250;120;Y;Y;Y;2,15;36;25;12;8487909090
2699;D007-06;4283230969422;V017-TEW;Kabelverschraubung, Kunststoff schwarz, PG21, VPE Menge 100 Stk;;32,06;Y;2;1;0;1750;370;300;80;Y;Y;Y;1,75;37;30;8;8487909090
2698;C007-02;4283230955524;V017-TEW;Kabelverschraubung, Kunststoff schwarz, PG19, VPE Menge 100 Stk;;23,95;Y;2;2;0;1100;320;270;70;Y;Y;Y;1,1;32;27;7;8487909090
2697;D002-02;4283230965028;V017-TEW;Kabelverschraubung, Kunststoff schwarz, PG16, VPE Menge 100 Stk;;21,37;Y;3;3;0;1000;290;210;70;Y;Y;Y;1;29;21;7;8487909090
2696;D011-05;4283230972323;V017-TEW;Kabelverschraubung, Kunststoff schwarz, PG13.5, VPE Menge 100 Stk;;19,3;Y;6;1;0;850;250;220;80;Y;Y;Y;0,85;25;22;8;8487909090
2695;D006-03;4283230968326;V017-TEW;Kabelverschraubung, Kunststoff schwarz, PG11, VPE Menge 100 Stk;;16,24;Y;3;3;0;700;330;200;45;Y;Y;Y;0,7;33;20;4,5;8487909090
2694;D014-07;4283230974525;V017-TEW;Kabelverschraubung, Kunststoff schwarz, PG9, VPE Menge 100 Stk;;13,42;Y;0;1;0;490;220;220;51;Y;Y;Y;0,49;22;22;5,1;8487909090
2693;C002-10;4283230110824;V017-TEW;Kabelverschraubung, Kunststoff weiß, PG63, VPE Menge 10 Stk;;22,81;Y;0;1;0;170;85;81;81;Y;Y;Y;0,18;8,5;8,1;8,1;8487909090
2692;D006-09;4283230968920;V017-TEW;Kabelverschraubung, Kunststoff weiß, PG48, VPE Menge 20 Stk;;30,85;Y;3;2;0;1980;380;300;90;Y;Y;Y;1,98;38;30;9;8487909090
2691;C004-10;4283230110923;V017-TEW;Kabelverschraubung, Kunststoff weiß, PG42, VPE Menge 20 Stk;;27,67;Y;2;1;0;1700;370;250;80;Y;Y;Y;1,7;37;25;8;8487909090
2690;C008-10;4283230111227;V017-TEW;Kabelverschraubung, Kunststoff weiß, PG36, VPE Menge 20 Stk;;17,21;Y;1;1;0;70;59;59;57,5;Y;Y;Y;0,07;5,9;5,9;5,75;8487909090
2689;D002-05;4283230965226;V017-TEW;Kabelverschraubung, Kunststoff weiß, PG29, VPE Menge 50 Stk;;44,58;Y;3;1;0;1950;370;240;110;Y;Y;Y;1,95;37;24;11;8487909090
2688;D014-01;4283230974020;V017-TEW;Kabelverschraubung, Kunststoff weiß, PG25, VPE Menge 100 Stk;;37,45;Y;2;1;0;2500;360;250;110;Y;Y;Y;2,5;36;25;11;8487909090
2687;D005-08;4283230968029;V017-TEW;Kabelverschraubung, Kunststoff weiß, PG21, VPE Menge 100 Stk;;32,06;Y;3;1;0;2200;370;300;80;Y;Y;Y;2,2;37;30;8;8487909090
2686;C004-04;4283230953223;V017-TEW;Kabelverschraubung, Kunststoff weiß, PG19, VPE Menge 100 Stk;;25,49;Y;1;1;0;1350;330;300;80;Y;Y;Y;1,35;33;30;8;8487909090
2685;D014-08;4283230974624;V017-TEW;Kabelverschraubung, Kunststoff weiß, PG16, VPE Menge 100 Stk;;16,49;Y;3;2;0;1400;310;230;90;Y;N;Y;1,4;31;23;9;8487909090
2684;C012-06;4283230959324;V017-TEW;Kabelverschraubung, Kunststoff weiß, PG13.5, VPE Menge 100 Stk;;19,12;Y;2;2;0;1100;260;230;70;Y;Y;Y;1,1;26;23;7;8487909090
2683;D014-05;4283230974327;V017-TEW;Kabelverschraubung, Kunststoff weiß, PG11, VPE Menge 100 Stk;;16,54;Y;2;2;0;850;240;230;60;Y;Y;Y;0,85;24;23;6;8487909090
2682;C012-03;4283230959126;V017-TEW;Kabelverschraubung, Kunststoff weiß, PG9, VPE Menge 100 Stk;;13,46;Y;2;2;0;650;240;150;70;Y;Y;Y;0,65;24;15;7;8487909090
2681;D008-01;4283230969828;V017-TEW;Kabelverschraubung, Kunststoff schwarz, PG7, VPE Menge 100 Stk;;10,89;Y;2;2;0;650;28;17;17;Y;Y;Y;0,65;2,8;1,7;1,7;8487909090
2680;D007-07;4283230969521;V017-TEW;Kabelverschraubung, Kunststoff weiß, PG7, VPE Menge 100 Stk;;11,02;Y;2;1;0;650;220;150;40;Y;Y;Y;0,65;22;15;4;8487909090
2656;M007-03;4283230126924;V050-TMT;Linearlager LangLM20L;;7,53;Y;11;4;0;160;81;32;32;Y;Y;N;0,17;8,1;3,2;3,2;8483902090
2655;J015-07;4283230098627;V050-TMT;Linearlager Lang LM16L;;7,25;Y;11;9;0;120;70;28;28;Y;Y;N;0,13;7;2,8;2,8;8483902090
2654;C014-08;4283230088925;V050-TMT;Linearlager Lang LM12L;;5,64;Y;104;84;0;50;57;21;21;Y;Y;N;0,05;5,7;2,1;2,1;8483902090
2653;E003-07;4283230980823;V050-TMT;Linearlager Lang LM10L;;5,54;Y;22;17;0;50;55;19;19;Y;Y;N;0,05;5,5;1,9;1,9;8483902090
2652;J022-06;4283230945624;V050-TMT;Linearlager Lang LM8L;;4,33;Y;21;18;0;30;45;15;15;Y;Y;N;0,03;4,5;1,5;1,5;8483902090
2651;B037-11;4283230945723;V050-TMT;Linearlager Lang LM6L;;4,48;Y;27;16;0;20;35;12;12;Y;Y;N;0,03;3,5;1,2;1,2;8483902090
2649;TBA-4283230835826;4283230835826;;Turbo Bait Classic Sortiment zweifarbig;;6,3;Y;0;0;0;0;0;0;0;Y;N;N;0;0;0;0;9507900000
2648;TBA-4283230835727;4283230835727;;Turbo Bait Classic Sortiment einfarbig;;6,3;Y;0;0;0;0;0;0;0;Y;N;N;0;0;0;0;9507900000
2647;0013-1091;4283230267528;;Kreismesser  - 1.4116 - 90Cz - gezahnt - 0013-1091  TZ90-C - B04 - K011111;;84,03;N;0;0;0;60;0;0;0;Y;N;N;0,06;0;0;0;8208300000
2646;0013-1082;4283230267221;;Kreismesser  - 1.4116 - 80Ck - Kerben - 0013-1082  TG80-CK - C01 - K011111;;84,03;N;0;0;0;50;0;0;0;Y;N;N;0,05;0;0;0;8208300000
2645;P005-02;4283230921826;;Klauenkupplung D25L30: Ø25, Länge 30, Alu 7075, Ø12mm Kupplungshälfte;;4,43;Y;62;47;0;10;25;20;25;Y;Y;N;0,01;2,5;2;2,5;8483608090
2644;G004-07;4283230093721;;Klauenkupplung D25L30: Ø25, Länge 30, Alu 7075, Ø10mm Kupplungshälfte;;4,43;Y;184;161;0;10;25;20;25;Y;Y;N;0,01;2,5;2;2,5;8483608090
2643;G003-03;4283230100320;;Klauenkupplung D25L30: Ø25, Länge 30, Alu 7075, Ø8mm Kupplungshälfte;;4,43;Y;127;138;0;10;25;20;25;Y;Y;N;0,01;2,5;2;2,5;8483608090
2642;P015-04;4283230982728;;Klauenkupplung D25L30: Ø25, Länge 30, Alu 7075, Ø6.35mm Kupplungshälfte;;4,43;Y;22;36;0;10;25;20;25;Y;Y;N;0,01;2,5;2;2,5;8483608090
2641;P007-04;4283230086822;;Klauenkupplung D25L30: Ø25, Länge 30, Alu 7075, Ø6mm Kupplungshälfte;;4,45;Y;45;40;0;20;25;20;25;Y;Y;N;0,02;2,5;2;2,5;8483608090
2636;G014-06;4283230093929;;Klauenkupplung D30L35: Ø30, Länge 35, Alu 7075, Ø14mm Kupplungshälfte;;6,2;Y;116;99;0;20;30;22,5;30;Y;Y;N;0,02;3;2,25;3;8483608090
2635;G012-06;4283230098528;;Klauenkupplung D30L35: Ø30, Länge 35, Alu 7075, Ø12mm Kupplungshälfte;;6,2;Y;120;103;0;20;30;22,5;30;Y;Y;N;0,02;3;2,25;3;8483608090
2634;H008-03;4283230089823;;Klauenkupplung D30L35: Ø30, Länge 35, Alu 7075, Ø10mm Kupplungshälfte;;6,22;Y;130;132;0;20;30;23;30;Y;Y;N;0,03;3;2,3;3;8483608090
2633;J001-03;4283230083326;;Klauenkupplung D30L35: Ø30, Länge 35, Alu 7075, Ø8mm Kupplungshälfte;;6,22;Y;74;74;0;30;30;30;23;Y;Y;N;0,03;3;3;2,3;8483608090
2632;J015-03;4283230098320;;Klauenkupplung D30L35: Ø30, Länge 35, Alu 7075, Ø6.35mm Kupplungshälfte;;6,2;Y;11;13;0;20;30;22,5;30;Y;Y;N;0,02;3;2,25;3;8483608090
2631;J005-05;4283230087928;;Klauenkupplung D30L35: Ø30, Länge 35, Alu 7075, Ø6mm Kupplungshälfte;;6,22;Y;19;14;0;30;30;23;30;Y;Y;N;0,03;3;2,3;3;8483608090
2629;A005-01;4283230864024;V079-TMT;Stellring 20x31x10mm;;2,73;Y;71;56;0;30;31;31;10;Y;Y;N;0,03;3,1;3,1;1;8487909090
2628;A012-04;4283230875327;V079-TMT;Stellring 16x26x10mm;;2,2;Y;16;15;0;20;26;26;10;Y;Y;N;0,02;2,6;2,6;1;8487909090
2627;A012-08;4283230875723;V079-TMT;Stellring 12x21x9mm;;1,65;Y;159;63;0;20;21;21;9;Y;Y;N;0,02;2,1;2,1;0,9;8487909090
2626;A013-06;4283230877024;V079-TMT;Stellring 10x20x8mm;;1,63;Y;56;55;0;10;20;20;8;Y;Y;N;0,01;2;2;0,8;8487909090
2625;A004-05;4283230862822;V079-TMT;Stellring 8x18x8mm;;1,49;Y;78;62;0;10;18;18;8;Y;Y;N;0,01;1,8;1,8;0,8;8487909090
2624;TES-4283230300126;4283230300126;;Beschriftungsschild Industrieschalter mit Glas;;0,26;Y;0;0;0;0;0;0;0;N;N;N;0;0;0;0;
2622;H007-07;4283230059727;V207-TMT;Stehlager Flanschlager Kunststoff SUCF204;;13,86;Y;4;0;0;280;85;85;34;Y;N;N;0,29;8,5;8,5;3,4;8483902090
2621;H006-07;4283230058928;V207-TMT;Stehlager Flanschlager Kunststoff SUCFL204;;12,76;Y;10;0;0;220;110;65;33;Y;N;N;0,23;11;6,5;3,3;8483902090
2620;H005-07;4283230057822;V207-TMT;Stehlager Flanschlager Kunststoff SUCP204;;13,84;Y;5;0;0;270;130;80;38;Y;N;N;0,28;13;8;3,8;8483902090
2618;C003-05;4283230952523;V035-TMT;Mutternsitz für Kugelumlaufspindel SFU1204 Mutternsitz Ø24mm DSG12H;;5,9;Y;1;4;0;100;50;30;30;Y;Y;N;0,1;5;3;3;8487909090
2617;M001-06;4283230121028;V035-TMT;Mutternsitz für Kugelumlaufspindel SFU1204 Mutternsitz Ø22mm DSG12H;;5,92;Y;26;18;0;100;51;37;30;Y;Y;N;0,11;5,1;3,7;3;8487909090
2616;D009-06;4283230970923;V072-TES;Wippschalter 2x Abdeckkappe 22x28mm KCD4;;1,02;Y;17;0;0;10;37;27;18;Y;N;N;0,01;3,7;2,7;1,8;8536500700
2615;J002-02;4283230894120;V072-TES;Wippschalter 3x Abdeckkappe 15x21mm KCD1;;0,68;Y;25;0;0;10;80;60;8;Y;N;N;0,01;8;6;0,8;8536500700
2614;E025-05;4283230001528;V072-TES;Wippschalter 22x28mm KCD4-223 SELBSTRÜCKSTELLEND;;2,17;Y;67;0;0;10;33;31;25,5;Y;N;N;0,01;3,3;3,1;2,55;8536500700
2613;H021-03;4283230097620;V072-TES;Wippschalter 22x28mm KCD4-202 Rot;;1,53;Y;66;0;0;10;33,5;33;25,5;Y;N;N;0,01;3,35;3,3;2,55;8536500700
2612;J020-07;4283230103529;V072-TES;Wippschalter 22x28mm KCD4-202 Grün;;1,53;Y;15;0;0;10;35,5;34;25;Y;N;N;0,01;3,55;3,4;2,5;8536500700
2611;M005-06;4283230125224;V072-TES;Wippschalter 22x28mm KCD4 1;;1,48;Y;1;0;0;10;33;31;25;Y;N;N;0,01;3,3;3,1;2,5;8536500700
2610;J024-08;4283230108425;V072-TES;Wippschalter 10x28mm KCD3-101N Rot;;1,24;Y;25;0;0;10;39;32;14;Y;N;N;0,01;3,9;3,2;1,4;8536500700
2609;H006-09;4283230059123;V072-TES;Wippschalter 10x28mm KCD3-101N Grün;;1,24;Y;10;0;0;10;38;33,5;14;Y;N;N;0,01;3,8;3,35;1,4;8536500700
2608;J023-04;4283230896322;V072-TES;Wippschalter 15x21mm KCD1-104N Rot;;1,19;Y;5;0;0;10;29;21;15;Y;N;N;0,01;2,9;2,1;1,5;8536500700
2607;A039-10;4283230907424;V072-TES;Wippschalter 15x21mm KCD1-104N Grün;;1,19;Y;5;0;0;10;29;21;15;Y;N;N;0,01;2,9;2,1;1,5;8536500700
2606;A027-05;4283230897220;V072-TES;Wippschalter 15x21mm KCD1-202;;1,34;Y;45;0;0;10;21;25;15;Y;N;N;0,01;2,1;2,5;1,5;8536500700
2605;E023-02;4283230998828;V072-TES;Wippschalter 15x21mm KCD1-101 Rot, Menge 2 Stk;;1,33;Y;7;0;0;10;90;60,5;15;Y;N;N;0,01;9;6,05;1,5;8536500700
2604;J018-01;4283230100924;V072-TES;Wippschalter 15x21mm KCD1-101 Schwarz, Menge 2 Stk;;1,14;Y;26;0;0;10;38;21;15;Y;N;N;0,01;3,8;2,1;1,5;8536500700
2602;B013-13;4283230920225;V149-TOP;Extruderdüse Druckkopf Filament Ø1.75mm, 1.2mm;;1,09;Y;53;0;0;0;12,5;7;7;N;N;N;0;1,25;0,7;0,7;8487909090
2601;B009-13;4283230916426;V149-TOP;Extruderdüse Druckkopf Filament Ø1.75mm, 1.0mm;;1,09;Y;48;0;0;0;12,5;7;7;N;N;N;0;1,25;0,7;0,7;8487909090
2600;B018-13;4283230925220;V149-TOP;Extruderdüse Druckkopf Filament Ø1.75mm, 0.8mm;;1,09;Y;36;0;0;0;12,5;7;7;N;N;N;0;1,25;0,7;0,7;8487909090
2599;B033-13;4283230941527;V149-TOP;Extruderdüse Druckkopf Filament Ø1.75mm, 0.6mm;;1,09;Y;37;0;0;0;12,5;7;7;N;N;N;0;1,25;0,7;0,7;8487909090
2598;A021-01;4283230889027;V149-TOP;Extruderdüse Druckkopf Filament Ø1.75mm, 0.5mm;;1,09;Y;42;0;0;0;12,5;7;7;N;N;N;0;1,25;0,7;0,7;8487909090
2597;B004-13;4283230911926;V149-TOP;Extruderdüse Druckkopf Filament Ø1.75mm, 0.4mm;;1,09;Y;1;0;0;0;12,5;7;7;N;N;N;0;1,25;0,7;0,7;8487909090
2596;B010-13;4283230917324;V149-TOP;Extruderdüse Druckkopf Filament Ø1.75mm, 0.3mm;;1,09;Y;44;0;0;0;13;7;7;N;N;N;0;1,3;0,7;0,7;8487909090
2595;B032-13;4283230940322;V149-TOP;Extruderdüse Druckkopf Filament Ø1.75mm, 0.25mm;;1,09;Y;38;0;0;0;12,5;7;7;N;N;N;0;1,25;0,7;0,7;8487909090
2594;A024-02;4283230893420;V149-TOP;Extruderdüse Druckkopf Filament Ø1.75mm, 0.2mm;;1,09;Y;11;0;0;0;12,5;7;7;N;N;N;0;1,25;0,7;0,7;8487909090
2592;TTI-4283230864628;4283230864628;V139-TTI;Sägeblatt Set Welle + Sägeblatter;;13,44;Y;0;0;0;0;0;0;0;N;N;N;0;0;0;0;8487909090
2591;TTI-4283230875525;4283230875525;V139-TTI;Sägeblatt Ø50mm;;4,45;Y;0;0;0;10;53;53;1;N;N;N;0,01;5,3;5,3;0,1;8487909090
2590;TTI-4283230877420;4283230877420;V139-TTI;Sägeblatt Ø44mm;;4,03;Y;0;0;0;0;0;0;0;N;N;N;0;0;0;0;8487909090
2589;TTI-4283230868725;4283230868725;V139-TTI;Sägeblatt Ø35mm;;3,27;Y;0;0;0;10;55;46;1;N;N;N;0,01;5,5;4,6;0,1;8487909090
2588;TTI-4283230877727;4283230877727;V139-TTI;Sägeblatt Ø32mm;;2,93;Y;0;0;0;10;53;45;1;N;N;N;0,01;5,3;4,5;0,1;8487909090
2587;TTI-4283230858825;4283230858825;V139-TTI;Sägeblatt Ø25mm;;2,43;Y;0;0;0;0;55;35;1;N;N;N;0;5,5;3,5;0,1;8487909090
2586;TTI-4283230868022;4283230868022;V139-TTI;Sägeblatt Ø22mm;;2,09;Y;0;0;0;0;55;35;1;N;N;N;0;5,5;3,5;0,1;8487909090
2585;TTI-4283230858023;4283230858023;V139-TTI;Sägeblatt Welle Ø3.175mm Welle;;1,67;Y;0;0;0;10;49;12;12;N;N;N;0,01;4,9;1,2;1,2;8487909090
2583;K001-02;4283230950727;V027-TMS;Spannblock Spindelhalter Ø80mm mit Schrauben;;24,73;Y;41;41;0;690;122;101;43;Y;Y;N;0,69;12,2;10,1;4,3;8466102000
2582;K001-06;4283230959522;V027-TMS;Spannblock Spindelhalter Ø65mm mit Schrauben;;18,86;Y;73;73;0;430;99;76;45,5;Y;Y;N;0,43;9,9;7,6;4,55;8466102000
2581;K001-04;4283230954626;V027-TMS;Spannblock Spindelhalter Ø52mm mit Schrauben;;17,2;Y;8;0;0;340;90;66;40;Y;Y;N;0,36;9;6,6;4;8466102000
2580;R002-08;4283230191526;V027-TMS;Spannblock Spindelhalter Ø50mm mit Schrauben;;16,25;Y;3;0;0;340;89;73;39;Y;Y;N;0,36;8,9;7,3;3,9;8466102000
2579;C007-01;4283230955425;V027-TMS;Spannblock Spindelhalter Ø45mm mit Schrauben;;13,49;Y;18;19;0;290;71;40;40;Y;Y;N;0,3;7,1;4;4;8466102000
2577;M005-01;4283230124821;V052-TMT;Rillenkugellager 6204 2RS;;2,88;Y;15;0;0;100;47;47;14;Y;N;N;0,11;4,7;4,7;1,4;8482101010
2576;L003-04;4283230113221;V052-TMT;Rillenkugellager 6203 2RS;;2,7;Y;50;0;0;60;40;40;12;Y;N;N;0,07;4;4;1,2;8482101010
2575;F003-08;4283230014528;V052-TMT;Rillenkugellager 6202 2RS;;2,13;Y;7;0;0;40;35;35;11;Y;N;N;0,05;3,5;3,5;1,1;8482101010
2574;J005-11;4283230088321;V052-TMT;Rillenkugellager 6201 2RS;;1,96;Y;8;0;0;40;32;32;10;Y;N;N;0,04;3,2;3,2;1;8482101010
2573;F007-08;4283230019424;V052-TMT;Rillenkugellager 6200 2RS;;2,74;Y;8;0;0;30;30;30;9;Y;N;N;0,03;3;3;0,9;8482101010
2572;H019-09;4283230984227;V052-TMT;Rillenkugellager 6004 2RZ HRB;;4,71;Y;32;0;0;70;45;45;15;Y;N;N;0,07;4,5;4,5;1,5;8482101010
2571;E012-10;4283230989420;V052-TMT;Rillenkugellager 6003 2RZ HRB;;4,25;Y;29;0;0;40;40;40;14,5;Y;N;N;0,04;4;4;1,45;8482101010
2570;J003-02;4283230085528;V052-TMT;Rillenkugellager 6002 2RZ HRB;;3,97;Y;9;0;0;30;40;40;14;Y;N;N;0,03;4;4;1,4;8482101010
2569;J020-04;4283230103321;V052-TMT;Rillenkugellager 6001 2RZ HRB;;3,97;Y;41;0;0;20;40;40;14;Y;N;N;0,03;4;4;1,4;8482101010
2568;J013-02;4283230095725;V052-TMT;Rillenkugellager 6000 2RZ HRB;;3,79;Y;36;0;0;20;40;40;14;Y;N;N;0,02;4;4;1,4;8482101010
2567;M007-01;4283230126627;V052-TMT;Rillenkugellager 6004 2RS;;2,55;Y;26;0;0;60;42;42;12;Y;N;N;0,07;4,2;4,2;1,2;8482101010
2566;TES-4283230036421;4283230036421;V152-TES;Optischer Endschalter RAMPS 1.4 52cm Kabel 3 Pin Rot;;4,55;Y;0;0;0;10;97;61,3;10;N;N;N;0,01;9,7;6,13;1;8536500700
2565;J005-08;4283230088123;V052-TMT;Rillenkugellager 6002 2RS;;1,84;Y;9;0;0;30;32;32;9;Y;N;N;0,03;3,2;3,2;0,9;8482101010
2564;F012-11;4283230025722;V052-TMT;Rillenkugellager 6001 2RS;;1,49;Y;6;0;0;20;28;28;8;Y;N;N;0,02;2,8;2,8;0,8;8482101010
2563;E007-09;4283230984821;V052-TMT;Rillenkugellager 6000 2RS;;1,4;Y;6;0;0;20;26;26;8;Y;N;N;0,02;2,6;2,6;0,8;8482101010
2562;M006-01;4283230125729;V052-TMT;Rillenkugellager 6004 ZZ;;2,55;Y;8;0;0;60;42;42;12;Y;N;N;0,07;4,2;4,2;1,2;8482101010
2561;L009-07;4283230118820;V052-TMT;Rillenkugellager 6003 ZZ;;2,2;Y;67;0;0;40;35;35;10;Y;N;N;0,04;3,5;3,5;1;8482101010
2560;F004-02;4283230015129;V052-TMT;Rillenkugellager 6002 ZZ;;1,84;Y;11;0;0;30;32;32;9;Y;N;N;0,03;3,2;3,2;0,9;8482101010
2559;J018-10;4283230101723;V052-TMT;Rillenkugellager 6001 ZZ;;1,49;Y;7;0;0;20;28;28;8;Y;N;N;0,02;2,8;2,8;0,8;8482101010
2558;M004-12;4283230124722;V052-TMT;Rillenkugellager 6000 ZZ;;1,4;Y;33;0;0;20;26;26;8;Y;N;N;0,02;2,6;2,6;0,8;8482101010
2552;D015-08;4283230975423;V012-TMT;Trapezgewindemutter T8x2x8, POM spielfrei Openbuilds;;3,13;Y;51;0;0;10;36,5;35;12;Y;Y;N;0,01;3,65;3,5;1,2;7318156290
2551;D003-09;4283230966322;V012-TMT;Trapezgewindemutter T8x2x8, POM;;2,02;Y;58;14;1;10;22;22;15;Y;Y;N;0,01;2,2;2,2;1,5;7318156290
2550;A034-07;4283230904027;V007-TMT;Zahnriemenscheibe 2GT-30BF-B8-6: Zähne 30, Typ BF, Bohrung 8mm, Riemenbreite 6mm;;3,88;Y;31;27;0;10;22;22;17;Y;Y;N;0,01;2,2;2,2;1,7;8483508090
2549;N003-01;4283230133427;V108-TSC;Sechskantkupplung Ø8mm lang;;3,85;Y;25;0;0;20;33;12;12;Y;Y;N;0,02;3,3;1,2;1,2;8483608090
2548;N017-05;4283230144027;V108-TSC;Sechskantkupplung Ø6mm lang;;3,62;Y;12;10;0;20;34;12;12;Y;Y;N;0,02;3,4;1,2;1,2;8483608090
2547;N016-05;4283230142429;V108-TSC;Sechskantkupplung Ø5mm lang;;3,62;Y;44;4;0;20;33;12;12;Y;Y;N;0,02;3,3;1,2;1,2;8483608090
2546;N003-02;4283230133526;V108-TSC;Sechskantkupplung Ø4mm lang;;3,64;Y;32;0;0;30;33;12;12;Y;Y;N;0,03;3,3;1,2;1,2;8483608090
2545;N023-01;4283230145529;V108-TSC;Sechskantkupplung Ø3mm lang;;3,64;Y;13;0;0;30;36;12;12;Y;Y;N;0,03;3,6;1,2;1,2;8483608090
2544;TEW-4283230112422;4283230112422;V181-TEW;Batteriekabel 9V offenes Kabel, Menge 2 Stk;;2,69;Y;0;0;0;0;57;49;6;N;N;N;0;5,7;4,9;0,6;8536901000
2543;TEW-4283230116727;4283230116727;V181-TEW;Batteriekabel 9V I-Form DC5.5x2.1mm Stecker, Menge 2 Stk;;2,86;Y;0;0;0;10;80;50;8;N;N;N;0,01;8;5;0,8;8536901000
2540;B024-13;4283230931023;V032-TMT;Umlenkrolle glatt Ø12.0-B5-6 schwarz;;3,93;Y;1;0;0;10;18;18;9;Y;Y;N;0,01;1,8;1,8;0,9;8483508090
2539;B023-13;4283230930224;V032-TMT;Umlenkrolle glatt Ø12.0-B3-6 schwarz;;3,93;Y;27;0;0;10;18;18;8,5;Y;Y;N;0,01;1,8;1,8;0,85;8483508090
2538;I025-03;4283230073624;V004-TMT;Linearachse Openbuilds C-Beam, 500mm;;88,72;Y;10;10;0;930;550;130;100,5;Y;Y;N;0,98;55;13;10,05;8487909090
2537;I028-02;4283230074522;V004-TMT;Linearachse Openbuilds C-Beam, 400mm;;83,79;Y;8;12;0;1850;450;120;80;Y;Y;N;1,94;45;12;8;8487909090
2536;I030-02;4283230075321;V004-TMT;Linearachse Openbuilds C-Beam, 300mm;;77,71;Y;7;4;0;1460;350;110,5;75;Y;Y;N;1,54;35;11,05;7,5;8487909090
2535;I031-02;4283230075826;V004-TMT;Linearachse Openbuilds C-Beam, 250mm;;72,26;Y;13;0;0;1190;300;110,5;70;Y;Y;N;1,25;30;11,05;7;8487909090
2533;S001-09;4283230196224;V044-TMT;Zahnriemen offen GT2-10, Meterware;;4,49;Y;78;68;0;20;110;75;10;Y;Y;Y;0,02;11;7,5;1;4010390090
2532;S001-03;4283230195029;V044-TMT;Zahnriemen offen GT2-6-PU, Meterware;;3,01;Y;160;33;0;10;100;75;6;Y;Y;N;0,01;10;7,5;0,6;4010390090
2531;S002-08;4283230196422;V044-TMT;Zahnriemen offen GT2-6, Meterware;;3,38;Y;76;80;0;10;80;60;6;Y;Y;N;0,01;8;6;0,6;4010390090
2515;F007-02;4283230018823;V002-TMT;Zahnriemen 2GT-102-6;;2,16;Y;29;0;0;10;70;46;6;Y;Y;N;0,01;7;4,6;0,6;4010390090
2510;M001-10;4283230121226;V013-TES;Industrieschalter LA38 PILZDRUCK Kopf Ø60mm, SELBSTRÜCKSTELLEND, 1 Schließer + 1 Öffner, grün;;5,79;Y;15;0;0;50;130;100;30;Y;N;N;0,05;13;10;3;8536500700
2509;T010-03;4283230295125;V013-TES;Industrieschalter LA38 PILZDRUCK Kopf Ø60mm, SELBSTRÜCKSTELLEND, 1 Schließer + 1 Öffner, rot;;5,75;Y;39;0;0;50;84;65;65;Y;N;N;0,05;8,4;6,5;6,5;8536500700
2508;0013-1090;4251840915689;;Kreismesser  - 1.4116 - 90C - glatt - 0013-1090  TG90-C - B04 - K011111;;84,03;N;0;0;0;60;0;0;0;Y;N;N;0,06;0;0;0;8208300000
2463;M001-12;4283230121424;V013-TES;Industrieschalter LA38 Contact Block 2 Öffner;;2,01;Y;33;0;0;30;37,5;33;28,5;Y;N;N;0,03;3,75;3,3;2,85;8536500700
2462;M009-10;4283230130228;V013-TES;Industrieschalter LA38 Contact Block 2 Schließer;;1,99;Y;120;0;0;20;37;30;28;Y;N;N;0,02;3,7;3;2,8;8536500700
2461;M010-11;4283230131720;V013-TES;Industrieschalter LA38 Contact Block 1 Schließer + 1 Öffner;;1,99;Y;44;0;0;20;36,6;31;25;Y;N;N;0,02;3,66;3,1;2,5;8536500700
2460;C016-06;4283230962324;V013-TES;Industrieschalter LA38 Schlüssel 3 Schaltzustände, RASTEND, 2 Schließer;;5,9;Y;9;0;0;60;81;44;35;Y;N;N;0,06;8,1;4,4;3,5;8536500700
2459;TES-4283230121325;4283230121325;V013-TES;Industrieschalter LA38 Schlüssel 2 Schaltzustände, RASTEND, 1 Schließer + 1 Öffner;;5,9;Y;0;0;0;70;98;41;30;Y;N;N;0,07;9,8;4,1;3;8536500700
2458;TES-4283230190123;4283230190123;V013-TES;Industrieschalter LA38 PILZDRUCK Kopf Ø35mm, SELBSTRÜCKSTELLEND, 1 Schließer + 1 Öffner, grün;;2,93;Y;0;0;0;50;78;45;39;Y;N;N;0,05;7,8;4,5;3,9;8536500700
2457;TES-4283230117625;4283230117625;V013-TES;Industrieschalter LA38 PILZDRUCK Kopf Ø35mm, SELBSTRÜCKSTELLEND, 1 Schließer + 1 Öffner, gelb;;2,88;Y;0;0;0;50;70,5;40;34;Y;N;N;0,05;7,05;4;3,4;8536500700
2456;D006-04;4283230968425;V013-TES;Industrieschalter LA38 PILZDRUCK Kopf Ø35mm, SELBSTRÜCKSTELLEND, 1 Schließer + 1 Öffner, rot;;2,87;Y;30;0;0;50;80;37;29;Y;N;N;0,05;8;3,7;2,9;8536500700
2444;TES-4283230124425;4283230124425;V037-TES;Induktiver Näherungssensor SN04-P PNP Schließer 5-30V;;4,71;Y;0;0;0;50;82;60;19;N;N;N;0,05;8,2;6;1,9;8536500700
2443;TES-4283230123923;4283230123923;V037-TES;Induktiver Näherungssensor SN04-N NPN Schließer 5-30V;;4,71;Y;0;0;0;50;70;70;18;N;N;N;0,05;7;7;1,8;8536500700
2435;M005-11;4283230125521;V013-TES;Industrieschalter LA38 DREH 3 Schaltzustände, RASTEND, 2 Schließer;;2,88;Y;36;0;0;50;77;40;30;Y;N;N;0,05;7,7;4;3;8536500700
2434;D018-09;4283230977922;V022-TMT;Stehlager KP005;;6,12;Y;15;12;0;180;111;62;23;Y;Y;N;0,18;11,1;6,2;2,3;8483902090
2433;H002-03;4283230054326;V022-TMT;Flanschlager KFL005;;5,41;Y;21;5;0;150;130;90;22;Y;Y;N;0,15;13;9;2,2;8483902090
2429;C016-01;4283230961822;V018-TES;Mikroschalter AZ 7141;;4,14;Y;55;49;0;50;70;68;22;Y;Y;N;0,05;7;6,8;2,2;8536500700
2428;C017-01;4283230962621;V018-TES;Mikroschalter AZ 7121;;4,17;Y;70;57;0;50;70;72;27;Y;Y;N;0,05;7;7,2;2,7;8536500700
2427;C018-01;4283230963321;V018-TES;Mikroschalter AZ 7312;;4,5;Y;26;17;0;80;71;77,5;21;Y;Y;N;0,08;7,1;7,75;2,1;8536500700
2426;I034-02;4283230962829;V018-TES;Mikroschalter AZ 7310;;4,5;Y;106;28;0;60;75;70;27;Y;Y;N;0,07;7,5;7;2,7;8536500700
2425;C016-03;4283230962027;V018-TES;Mikroschalter AZ 7110;;4,48;Y;18;14;0;70;45;19;20;Y;Y;N;0,07;4,5;1,9;2;8536500700
2424;I039-03;4283230963529;V018-TES;Mikroschalter AZ 7100;;4,46;Y;11;22;0;60;70,5;51;22;Y;Y;N;0,06;7,05;5,1;2,2;8536500700
2423;I038-02;4283230961129;V018-TES;Mikroschalter AZ 7311;;4,52;Y;92;66;0;80;71;78;22;Y;Y;N;0,09;7,1;7,8;2,2;8536500700
2422;C018-02;4283230963420;V018-TES;Mikroschalter AZ 7140;;4,12;Y;12;7;0;40;71,5;52,5;21;Y;Y;N;0,05;7,15;5,25;2,1;8536500700
2421;T010-04;4283230295224;V018-TES;Mikroschalter AZ 7120;;4,15;Y;35;30;0;50;83;47;29;Y;Y;N;0,05;8,3;4,7;2,9;8536500700
2420;C016-02;4283230961921;V018-TES;Mikroschalter AZ 7144;;4,11;Y;41;22;0;60;70;75;22;Y;Y;N;0,06;7;7,5;2,2;8536500700
2419;C015-02;4283230961228;V018-TES;Mikroschalter AZ 7124;;4,11;Y;7;14;0;50;70;78;22;Y;Y;N;0,06;7;7,8;2,2;8536500700
2380;S001-05;4283230293220;V029-TEW;Steckverbinder Gerätestecker C14 Tafelmontage Schrauben, Sicherung + 4pol Schalter;;2,24;Y;227;0;0;30;59;49;34;Y;N;N;0,03;5,9;4,9;3,4;8536901000
2379;R002-06;4283230292827;V029-TEW;Steckverbinder Gerätestecker C14 Tafelmontage Klemmen, Sicherung + 4pol Schalter;;2,14;Y;180;0;0;20;50;33;30;Y;N;N;0,03;5;3,3;3;8536901000
2378;R003-08;4283230292124;V029-TEW;Steckverbinder Gerätestecker C14 Tafelmontage Schrauben, Sicherung;;1,29;Y;102;0;0;20;45;33;30,5;Y;N;N;0,02;4,5;3,3;3,05;8536901000
2377;S002-06;4283230293626;V029-TEW;Steckverbinder Gerätestecker C14 Tafelmontage Klemmen, Sicherung;;1,29;Y;73;0;0;20;34;30,5;30;Y;N;N;0,02;3,4;3,05;3;8536901000
2376;R003-03;4283230293824;V029-TEW;Steckverbinder Gerätestecker C14 Tafelmontage Schrauben;;0,94;Y;141;0;0;10;50;29;22;Y;N;N;0,01;5;2,9;2,2;8536901000
2375;R003-06;4283230294227;V029-TEW;Steckverbinder Gerätestecker C14 Tafelmontage, Klemmen;;0,94;Y;113;0;0;10;30,5;27;24,5;Y;N;N;0,01;3,05;2,7;2,45;8536901000
2373;C018-09;4283230964021;V061-TES;Industrieschalter On-Off Taster selbstrückstellend Eckig 22mm 1 Schließer + 1 Öffnerkontakt 1NO1NC;;3,87;Y;4;0;0;60;72;56,5;31;Y;N;N;0,07;7,2;5,65;3,1;8536500700
2372;C016-09;4283230962522;V061-TES;Industrieschalter On-Off Taster selbstrückstellend Rund 22mm 1 Schließer + 1 Öffnerkontakt 1NO1NC;;3,85;Y;67;0;0;60;74;46,5;30,5;Y;N;N;0,06;7,4;4,65;3,05;8536500700
2369;H006-05;4283230058720;V016-TMS;Gelenkkopf SI20;;7,9;Y;31;26;0;390;101,5;50;30;Y;Y;N;0,41;10,15;5;3;8483902090
2368;H007-04;4283230059420;V016-TMS;Gelenkkopf SI16;;5,44;Y;44;46;0;210;85;40,5;24;Y;Y;N;0,22;8,5;4,05;2,4;8483902090
2367;H003-01;4283230055026;V016-TMS;Gelenkkopf SI12;;3,9;Y;20;11;0;110;68;33;19;Y;Y;N;0,11;6,8;3,3;1,9;8483902090
2366;H005-05;4283230057624;V016-TMS;Gelenkkopf SI10;;3,32;Y;43;35;0;80;58,5;28;14;Y;Y;N;0,08;5,85;2,8;1,4;8483902090
2365;H001-04;4283230053527;V016-TMS;Gelenkkopf SI8;;2,78;Y;63;54;0;50;48;24;14;Y;Y;N;0,05;4,8;2,4;1,4;8483902090
2364;H006-03;4283230058423;V016-TMS;Gelenkkopf SI6;;2,56;Y;115;200;0;30;45,5;25;11;Y;Y;N;0,03;4,55;2,5;1,1;8483902090
2363;H004-03;4283230056429;V016-TMS;Gelenkkopf SI5;;2,35;Y;57;47;0;20;36;18;10;Y;Y;N;0,02;3,6;1,8;1;8483902090
2362;H002-01;4283230054128;V016-TMS;Gelenkkopf SIL20;;7,88;Y;1;0;0;380;100;49;30;Y;Y;N;0,4;10;4,9;3;8483902090
2361;H003-05;4283230055422;V016-TMS;Gelenkkopf SIL16;;5,46;Y;9;0;0;220;86;40;24,5;Y;Y;N;0,23;8,6;4;2,45;8483902090
2360;H006-04;4283230058522;V016-TMS;Gelenkkopf SIL12;;4,27;Y;9;5;0;110;67,5;32;19;Y;Y;N;0,11;6,75;3,2;1,9;8483902090
2359;H004-04;4283230056528;V016-TMS;Gelenkkopf SIL10;;3,3;Y;8;7;0;70;63;34;22;Y;Y;N;0,07;6,3;3,4;2,2;8483902090
2358;H001-05;4283230053626;V016-TMS;Gelenkkopf SIL8;;2,78;Y;12;10;0;50;49;24;14;Y;Y;N;0,05;4,9;2,4;1,4;8483902090
2357;H016-07;4283230184825;V016-TMS;Gelenkkopf SIL6;;2,56;Y;201;200;0;30;40;20;11;Y;Y;N;0,03;4;2;1,1;8483902090
2356;P018-03;4283230186829;V016-TMS;Gelenkkopf SIL5;;2,35;Y;17;11;0;20;37;18;9;Y;Y;N;0,02;3,7;1,8;0,9;8483902090
2355;H005-08;4283230057921;V016-TMS;Gelenkkopf SAL20;;7,83;Y;0;0;0;360;105,5;50;25;Y;Y;N;0,37;10,55;5;2,5;8483902090
2354;C008-09;4283230956828;V016-TMS;Gelenkkopf SA20;;7,81;Y;22;20;0;340;103;50;25;Y;Y;N;0,36;10,3;5;2,5;8483902090
2353;H001-01;4283230053329;V016-TMS;Gelenkkopf SAL16;;5,38;Y;9;6;0;180;86,5;40;21;Y;Y;N;0,19;8,65;4;2,1;8483902090
2352;H003-03;4283230055224;V016-TMS;Gelenkkopf SA16;;5,38;Y;64;44;0;180;87;40;21;Y;Y;N;0,19;8,7;4;2,1;8483902090
2351;H006-01;4283230058225;V016-TMS;Gelenkkopf SAL12;;3,86;Y;14;6;0;90;70,5;32;16;Y;Y;N;0,09;7,05;3,2;1,6;8483902090
2350;H005-01;4283230057129;V016-TMS;Gelenkkopf SA12;;3,86;Y;34;20;0;90;71;32,5;16;Y;Y;N;0,09;7,1;3,25;1,6;8483902090
2349;P018-01;4283230186621;V016-TMS;Gelenkkopf SAL10;;3,72;Y;38;22;0;60;65;29;15;Y;Y;N;0,06;6,5;2,9;1,5;8483902090
2348;H005-04;4283230057525;V016-TMS;Gelenkkopf SA10;;3,28;Y;10;10;0;60;63;28;14;Y;Y;N;0,06;6,3;2,8;1,4;8483902090
2347;E027-03;4283230003225;V016-TMS;Gelenkkopf SAL8;;2,76;Y;68;9;0;40;55,5;24;12;Y;Y;N;0,04;5,55;2,4;1,2;8483902090
2346;H002-05;4283230054524;V016-TMS;Gelenkkopf SA8;;2,76;Y;28;19;0;40;55;24,5;12;Y;Y;N;0,04;5,5;2,45;1,2;8483902090
2345;H017-05;4283230184726;V016-TMS;Gelenkkopf SAL6;;2,53;Y;211;200;0;20;47;20;9;Y;Y;N;0,02;4,7;2;0,9;8483902090
2344;H004-05;4283230056627;V016-TMS;Gelenkkopf SA6;;2,53;Y;235;200;0;20;47,5;21;9;Y;Y;N;0,02;4,75;2,1;0,9;8483902090
2343;P017-05;4283230185921;V016-TMS;Gelenkkopf SAL5;;2,35;Y;35;6;0;20;46;19;8;Y;Y;N;0,02;4,6;1,9;0,8;8483902090
2342;P016-07;4283230185228;V016-TMS;Gelenkkopf SA5;;2,35;Y;45;15;0;20;42;18;8;Y;Y;N;0,02;4,2;1,8;0,8;8483902090
2198;I031-04;4283230076021;V006-TEW;Schleppkette Energiekette OFFEN, minimaler Biegeradius R56, Innen 25x57mm;;17,92;Y;36;22;0;900;255;230;76;Y;Y;N;0,94;25,5;23;7,6;8487909090
2197;I035-04;4283230077424;V006-TEW;Schleppkette Energiekette OFFEN, minimaler Biegeradius R56, Innen 25x38mm;;16,37;Y;21;14;0;780;255;240;65;Y;Y;N;0,82;25,5;24;6,5;8487909090
2193;0012-0197;4283230289926;V043-GTR;Fleischspießteller Ø 19.5cm Vierkantauschnitt;;15;Y;0;10;0;450;195;195;2;Y;N;N;0,46;19,5;19,5;0,2;8487909090
2192;0012-0196;4283230289827;V043-GTR;Fleischspießteller Ø 19.5cm Schlitz;;15;Y;0;74;0;420;195;195;2,4;Y;N;N;0,44;19,5;19,5;0,24;8487909090
2191;0012-0251;4283230949721;V043-GTR;Fleischspießteller Ø 25cm Schlitz;;17;Y;0;18;0;710;250;250;0,2;Y;N;N;0,75;25;25;0,02;8487909090
2190;I036-03;4283230077721;V006-TEW;Schleppkette Energiekette OFFEN, minimaler Biegeradius R18, Innen 8x8mm;;7,43;Y;28;26;0;90;135;115;15;Y;Y;N;0,1;13,5;11,5;1,5;8487909090
2189;D016-06;4283230976123;V051-TES;Mikroschalter TM1308 Rollentaster;;4,34;Y;36;35;0;60;64;64;20;Y;Y;N;0,06;6,4;6,4;2;8536500700
2188;D016-05;4283230976024;V051-TES;Mikroschalter TM1307 Drucktaster;;4,32;Y;59;41;0;50;64;54;20;Y;Y;N;0,05;6,4;5,4;2;8536500700
2187;D015-06;4283230975225;V051-TES;Mikroschalter TM1704 Rollenhebel kurz;;3,65;Y;30;25;0;40;65;49;21;Y;Y;N;0,04;6,5;4,9;2,1;8536500700
2186;D015-05;4283230975126;V051-TES;Mikroschalter TM1703 Rollenhebel lang;;3,65;Y;42;39;0;40;65;51;21;Y;Y;N;0,04;6,5;5,1;2,1;8536500700
2185;D017-05;4283230976826;V051-TES;Mikroschalter TM1701 Hebel lang;;3,65;Y;16;7;0;40;64;41;20;Y;Y;N;0,04;6,4;4,1;2;8536500700
2183;D006-02;4283230056924;V020-TMS;Winkelgelenk Gerade SQZ-M16x2.0;;10,85;Y;20;2;0;350;120;41;41;Y;Y;N;0,37;12;4,1;4,1;8483902090
2182;L002-01;4283230112125;V020-TMS;Winkelgelenk Gerade SQZ-M12x1.25;;6,25;Y;20;20;0;170;81;30;30;Y;Y;N;0,18;8,1;3;3;8483902090
2181;L001-08;4283230111821;V020-TMS;Winkelgelenk Gerade SQZ-M10x1.25;;5;Y;7;4;0;110;74;30;30;Y;Y;N;0,11;7,4;3;3;8483902090
2180;M006-08;4283230126122;V020-TMS;Winkelgelenk Gerade SQZ-M8x1.25;;3,82;Y;83;70;0;70;64;24,5;24,5;Y;Y;N;0,07;6,4;2,45;2,45;8483902090
2179;M008-06;4283230127921;V020-TMS;Winkelgelenk Gerade SQZ-M6x1.0;;3,26;Y;40;33;0;40;56,5;22;22;Y;Y;N;0,05;5,65;2,2;2,2;8483902090
2178;M006-11;4283230126429;V020-TMS;Winkelgelenk Gerade SQZ-M5x0.8;;3,22;Y;38;37;0;30;45;18;18;Y;Y;N;0,03;4,5;1,8;1,8;8483902090
2177;C008-01;4283230956323;V020-TMS;Winkelgelenk Gewinkelt SQ-M16x1.5;;10,79;Y;21;0;0;320;87;41;41;Y;Y;N;0,33;8,7;4,1;4,1;8483902090
2176;M007-11;4283230127327;V020-TMS;Winkelgelenk Gewinkelt SQ-M12x1.25;;6,22;Y;24;10;0;160;58;58;31;Y;Y;N;0,16;5,8;5,8;3,1;8483902090
2175;L005-09;4283230116123;V020-TMS;Winkelgelenk Gewinkelt SQ-M10x1.5;;5,02;Y;87;58;0;110;57;57;30;Y;Y;N;0,12;5,7;5,7;3;8483902090
2174;L006-02;4283230116321;V020-TMS;Winkelgelenk Gewinkelt SQ-M8x1.25;;3,82;Y;116;83;0;70;48;48;25;Y;Y;N;0,07;4,8;4,8;2,5;8483902090
2173;L011-07;4283230120120;V020-TMS;Winkelgelenk Gewinkelt SQ-M6x1.0;;3,24;Y;103;100;0;40;42;39;20;Y;Y;N;0,04;4,2;3,9;2;8483902090
2172;H015-06;4283230064523;V020-TMS;Winkelgelenk Gewinkelt SQ-M5x0.8;;3,22;Y;40;28;0;30;35;31;18,5;Y;Y;N;0,03;3,5;3,1;1,85;8483902090
2169;L003-03;4283230113122;V011-TMT;Festlager FK12 Rillenkugellager, passend für SFU1605;;16,72;Y;1;0;0;220;40,5;40,5;30;Y;Y;N;0,23;4,05;4,05;3;8483902090
2168;D003-01;4283230990624;V011-TMT;Loslager FF12, passend für SFU1605 - Ø10mm(!);;9,81;Y;31;21;0;100;43;43;16;Y;Y;N;0,1;4,3;4,3;1,6;8483902090
2166;G008-05;4283230087126;V011-TMT;Festlager FK10 mit Rillenkugellager, passend für SFU1204;;18,07;Y;3;0;0;200;90;75;29;Y;Y;N;0,21;9;7,5;2,9;8483902090
2165;J016-07;4283230099624;V011-TMT;Loslager FF10, passend für SFU1204 - Ø8mm(!);;10,5;Y;17;9;0;60;35;35;12;Y;Y;N;0,06;3,5;3,5;1,2;8483902090
2163;M009-01;4283230128829;V011-TMT;Festlager EK12 mit Rillenkugellager, passend für SFU1605;;17,04;Y;49;0;0;400;71;43,5;31;Y;Y;N;0,41;7,1;4,35;3,1;8483902090
2162;R001-09;4283230190222;V011-TMT;Loslager EF12, passend für SFU1605 - Ø10mm(!);;16,85;Y;8;0;0;280;71;44;21;Y;Y;N;0,3;7,1;4,4;2,1;8483902090
2160;H016-03;4283230065025;V011-TMT;Festlager EK10 mit Rillenkugellager, passend für SFU1204;;17,08;Y;1;0;0;410;76,6;50;35;Y;Y;N;0,43;7,66;5;3,5;8483902090
2159;L007-03;4283230117021;V011-TMT;Loslager EF10, passend für SFU1204 - Ø8mm(!);;10,97;Y;5;4;0;290;71;43;20;Y;Y;N;0,31;7,1;4,3;2;8483902090
2157;R002-10;4283230191724;V011-TMT;Festlager BK12 mit Rillenkugellager, passend für SFU1605;;17,01;Y;0;0;0;380;74;49;37;Y;Y;N;0,39;7,4;4,9;3,7;8483902090
2156;R002-09;4283230191625;V011-TMT;Loslager BF12, passend für SFU1605 - Ø10mm(!);;10,92;Y;19;15;0;270;66;50;26;Y;Y;N;0,28;6,6;5;2,6;8483902090
2154;M008-01;4283230127525;V011-TMT;Festlager BK10 mit Rillenkugellager, passend für SFU1204;;16,99;Y;17;0;0;360;61;40;30,5;Y;Y;N;0,38;6,1;4;3,05;8483902090
2153;D014-02;4283230110725;V011-TMT;Loslager BF10, passend für SFU1204 - Ø8mm(!);;10,15;Y;26;18;0;260;60,5;35;21,5;Y;Y;N;0,28;6,05;3,5;2,15;8483902090
2132;E024-02;4283231000025;V007-TMT;Zahnriemenscheibe 2GT-60BF-B8-10: Zähne 60, Typ BF, Bohrung 8mm, Riemenbreite 10mm;;6,17;Y;47;36;0;50;40;40;22;Y;Y;N;0,05;4;4;2,2;8483508090
2131;E021-03;4283230996725;V007-TMT;Zahnriemenscheibe 2GT-60BF-B6.35-10: Zähne 60, Typ BF, Bohrung 6.35mm, Riemenbreite 10mm;;5,8;Y;18;0;0;50;42;42;22;Y;Y;N;0,05;4,2;4,2;2,2;8483508090
2130;L010-08;4283230119520;V007-TMT;Zahnriemenscheibe 2GT-60BF-B6-10: Zähne 60, Typ BF, Bohrung 6mm, Riemenbreite 10mm;;5,5;Y;10;4;0;50;40,5;40,5;22;Y;Y;N;0,05;4,05;4,05;2,2;8483508090
2129;E011-05;4283230988027;V007-TMT;Zahnriemenscheibe 2GT-60BF-B5-10: Zähne 60, Typ BF, Bohrung 5mm, Riemenbreite 10mm;;6,02;Y;11;10;0;50;42;42;22;Y;Y;N;0,05;4,2;4,2;2,2;8483508090
2128;J020-08;4283230103628;V007-TMT;Zahnriemenscheibe 2GT-60BF-B12-6: Zähne 60, Typ BF, Bohrung 12mm, Riemenbreite 6mm;;5,88;Y;0;10;0;40;42;42;18;Y;Y;N;0,04;4,2;4,2;1,8;8483508090
2127;J016-03;4283230099228;V007-TMT;Zahnriemenscheibe 2GT-60BF-B10-6: Zähne 60, Typ BF, Bohrung 10mm, Riemenbreite 6mm;;5,88;Y;21;17;0;40;42;42;18;Y;Y;N;0,04;4,2;4,2;1,8;8483508090
2126;E026-08;4283230002723;V007-TMT;Zahnriemenscheibe 2GT-60BF-B8-6: Zähne 60, Typ BF, Bohrung 8mm, Riemenbreite 6mm;;5,88;Y;20;24;0;40;42;42;18;Y;Y;N;0,04;4,2;4,2;1,8;8483508090
2125;A036-11;4283230906021;V007-TMT;Zahnriemenscheibe 2GT-60BF-B6.35-6: Zähne 60, Typ BF, Bohrung 6.35mm, Riemenbreite 6mm;;5,49;Y;11;7;0;40;42;42;18;Y;Y;N;0,04;4,2;4,2;1,8;8483508090
2124;H004-07;4283230056825;V007-TMT;Zahnriemenscheibe 2GT-60BF-B6-6: Zähne 60, Typ BF, Bohrung 6mm, Riemenbreite 6mm;;5,88;Y;43;29;0;40;42;42;18;Y;Y;N;0,04;4,2;4,2;1,8;8483508090
2123;M007-02;4283230126825;V007-TMT;Zahnriemenscheibe 2GT-60BF-B5-6: Zähne 60, Typ BF, Bohrung 5mm, Riemenbreite 6mm;;5,88;Y;14;10;0;40;42;42;18;Y;Y;N;0,04;4,2;4,2;1,8;8483508090
2122;A035-11;4283230905420;V007-TMT;Zahnriemenscheibe 2GT-48BF-B12-6: Zähne 48, Typ BF, Bohrung 12mm, Riemenbreite 6mm;;4,49;Y;10;5;0;20;32,5;32,5;17;Y;Y;N;0,02;3,25;3,25;1,7;8483508090
2121;A034-11;4283230904423;V007-TMT;Zahnriemenscheibe 2GT-48BF-B10-6: Zähne 48, Typ BF, Bohrung 10mm, Riemenbreite 6mm;;4,49;Y;9;7;0;20;33;33;17;Y;Y;N;0,02;3,3;3,3;1,7;8483508090
2120;A033-11;4283230903426;V007-TMT;Zahnriemenscheibe 2GT-48BF-B8-6: Zähne 48, Typ BF, Bohrung 8mm, Riemenbreite 6mm;;4,99;Y;1;0;0;30;33;33;17;Y;Y;N;0,03;3,3;3,3;1,7;8483508090
2119;A032-11;4283230902429;V007-TMT;Zahnriemenscheibe 2GT-48BF-B6.35-6: Zähne 48, Typ BF, Bohrung 6.35mm, Riemenbreite 6mm;;4,99;Y;12;0;0;20;32,5;32,5;17;Y;Y;N;0,03;3,25;3,25;1,7;8483508090
2118;J017-06;4283230901422;V007-TMT;Zahnriemenscheibe 2GT-48BF-B6-6: Zähne 48, Typ BF, Bohrung 6mm, Riemenbreite 6mm;;4,87;Y;39;38;0;30;35;35;18;Y;Y;N;0,03;3,5;3,5;1,8;8483508090
2117;E001-06;4283230906427;V007-TMT;Zahnriemenscheibe 2GT-48BF-B5-6: Zähne 48, Typ BF, Bohrung 5mm, Riemenbreite 6mm;;4,87;Y;27;8;0;30;32,5;32,5;17;Y;Y;N;0,03;3,25;3,25;1,7;8483508090
2116;H007-09;4283230905925;V007-TMT;Zahnriemenscheibe 2GT-40BF-B8-10: Zähne 40, Typ BF, Bohrung 8mm, Riemenbreite 10mm;;4,26;Y;48;42;0;20;28;28;21;Y;Y;N;0,02;2,8;2,8;2,1;8483508090
2115;A035-10;4283230905321;V007-TMT;Zahnriemenscheibe 2GT-40BF-B6-10: Zähne 40, Typ BF, Bohrung 6mm, Riemenbreite 10mm;;3,9;Y;16;7;0;20;28;28;21;Y;Y;N;0,02;2,8;2,8;2,1;8483508090
2114;A034-10;4283230904324;V007-TMT;Zahnriemenscheibe 2GT-40BF-B5-10: Zähne 40, Typ BF, Bohrung 5mm, Riemenbreite 10mm;;4,34;Y;17;10;0;20;28;28;21;Y;Y;N;0,02;2,8;2,8;2,1;8483508090
2113;A033-10;4283230903327;V007-TMT;Zahnriemenscheibe 2GT-40BF-B10-6: Zähne 40, Typ BF, Bohrung 10mm, Riemenbreite 6mm;;4,2;Y;19;10;0;10;25,5;25,5;17;Y;Y;N;0,01;2,55;2,55;1,7;8483508090
2112;A032-10;4283230902320;V007-TMT;Zahnriemenscheibe 2GT-40BF-B8-6: Zähne 40, Typ BF, Bohrung 8mm, Riemenbreite 6mm;;4,26;Y;18;18;0;20;28;28;17;Y;Y;N;0,02;2,8;2,8;1,7;8483508090
2111;A031-10;4283230901323;V007-TMT;Zahnriemenscheibe 2GT-40BF-B6.35-6: Zähne 40, Typ BF, Bohrung 6.35mm, Riemenbreite 6mm;;4,26;Y;22;14;0;20;28;28;17;Y;Y;N;0,02;2,8;2,8;1,7;8483508090
2110;A037-09;4283230906328;V007-TMT;Zahnriemenscheibe 2GT-40BF-B6-6: Zähne 40, Typ BF, Bohrung 6mm, Riemenbreite 6mm;;3,9;Y;18;14;0;20;28;28;17;Y;Y;N;0,02;2,8;2,8;1,7;8483508090
2109;A036-09;4283230905826;V007-TMT;Zahnriemenscheibe 2GT-40BF-B5-6: Zähne 40, Typ BF, Bohrung 5mm, Riemenbreite 6mm;;4,22;Y;37;24;0;20;28;28;17;Y;Y;N;0,02;2,8;2,8;1,7;8483508090
2108;A035-09;4283230905222;V007-TMT;Zahnriemenscheibe 2GT-36BF-B8-10: Zähne 36, Typ BF, Bohrung 8mm, Riemenbreite 10mm;;4,22;Y;1;19;0;20;25;25;21;Y;Y;N;0,02;2,5;2,5;2,1;8483508090
2107;A034-09;4283230904225;V007-TMT;Zahnriemenscheibe 2GT-36BF-B10-6: Zähne 36, Typ BF, Bohrung 10mm, Riemenbreite 6mm;;4,2;Y;1;0;0;10;25,5;25,5;17;Y;Y;N;0,01;2,55;2,55;1,7;8483508090
2106;A033-09;4283230903228;V007-TMT;Zahnriemenscheibe 2GT-36BF-B8-6: Zähne 36, Typ BF, Bohrung 8mm, Riemenbreite 6mm;;4,2;Y;7;6;0;10;25,5;25,5;17;Y;Y;N;0,01;2,55;2,55;1,7;8483508090
2105;A032-09;4283230902221;V007-TMT;Zahnriemenscheibe 2GT-36BF-B6.35-6: Zähne 36, Typ BF, Bohrung 6.35mm, Riemenbreite 6mm;;4,2;Y;11;2;0;10;25,5;25,5;17;Y;Y;N;0,01;2,55;2,55;1,7;8483508090
2104;A031-09;4283230901224;V007-TMT;Zahnriemenscheibe 2GT-36BF-B6-6: Zähne 36, Typ BF, Bohrung 6mm, Riemenbreite 6mm;;4,02;Y;13;13;0;20;25,5;25,5;17;Y;Y;N;0,02;2,55;2,55;1,7;8483508090
2103;A037-08;4283230906229;V007-TMT;Zahnriemenscheibe 2GT-36BF-B5-6: Zähne 36, Typ BF, Bohrung 5mm, Riemenbreite 6mm;;4;Y;20;13;0;10;25,5;25,5;17;Y;Y;N;0,01;2,55;2,55;1,7;8483508090
2102;A036-08;4283230905727;V007-TMT;Zahnriemenscheibe 2GT-32BF-B10-6: Zähne 32, Typ BF, Bohrung 10mm, Riemenbreite 6mm;;3,76;Y;16;10;0;10;23;23;17;Y;Y;N;0,01;2,3;2,3;1,7;8483508090
2101;A035-08;4283230905123;V007-TMT;Zahnriemenscheibe 2GT-32BF-B8-6: Zähne 32, Typ BF, Bohrung 8mm, Riemenbreite 6mm;;3,88;Y;18;12;0;10;22,5;22,5;17;Y;Y;N;0,01;2,25;2,25;1,7;8483508090
2100;J025-08;4283230109422;V007-TMT;Zahnriemenscheibe 2GT-32BF-B6.35-6: Zähne 32, Typ BF, Bohrung 6.35mm, Riemenbreite 6mm;;3,39;Y;9;0;0;10;23;23;17;Y;Y;N;0,01;2,3;2,3;1,7;8483508090
2099;A034-08;4283230904126;V007-TMT;Zahnriemenscheibe 2GT-32BF-B6-6: Zähne 32, Typ BF, Bohrung 6mm, Riemenbreite 6mm;;3,88;Y;11;10;0;10;22;22;17;Y;Y;N;0,01;2,2;2,2;1,7;8483508090
2098;A033-08;4283230903129;V007-TMT;Zahnriemenscheibe 2GT-32BF-B5-6: Zähne 32, Typ BF, Bohrung 5mm, Riemenbreite 6mm;;3,88;Y;29;22;0;10;22,5;22,5;17;Y;Y;N;0,01;2,25;2,25;1,7;8483508090
2097;A032-08;4283230902122;V007-TMT;Zahnriemenscheibe 2GT-30BF-B10-6: Zähne 30, Typ BF, Bohrung 10mm, Riemenbreite 6mm;;3,39;Y;20;22;0;10;21,5;21,5;16;Y;Y;N;0,01;2,15;2,15;1,6;8483508090
2096;A037-07;4283230906120;V007-TMT;Zahnriemenscheibe 2GT-30BF-B6.35-6: Zähne 30, Typ BF, Bohrung 6.35mm, Riemenbreite 6mm;;3,76;Y;11;10;0;10;21,5;21,5;17;Y;Y;N;0,01;2,15;2,15;1,7;8483508090
2095;A031-08;4283230901125;V007-TMT;Zahnriemenscheibe 2GT-30BF-B6-6: Zähne 30, Typ BF, Bohrung 6mm, Riemenbreite 6mm;;3,76;Y;35;28;0;10;22;22;17;Y;Y;N;0,01;2,2;2,2;1,7;8483508090
2094;J004-07;4283230905628;V007-TMT;Zahnriemenscheibe 2GT-30BF-B5-6: Zähne 30, Typ BF, Bohrung 5mm, Riemenbreite 6mm;;3,88;Y;113;35;0;10;22;22;17;Y;Y;N;0,01;2,2;2,2;1,7;8483508090
2054;E013-06;4283230972224;V089-TMT;Trapezgewinde Mutternsitz T6 / T8 Alu schwarz;;5,81;Y;11;0;0;70;46;31;28;Y;Y;N;0,07;4,6;3,1;2,8;8466102000
2053;D008-09;4283230970527;V012-TMT;Trapezgewindemutter T8x2x8, Messing spielfrei;;4,92;Y;20;18;0;20;55;40;16;Y;Y;N;0,02;5,5;4;1,6;7318156290
2052;H015-08;4283230064721;V012-TMT;Trapezgewindemutter T8x2x8, Messing;;2,75;Y;50;47;0;10;21,7;21,7;15;Y;Y;N;0,01;2,17;2,17;1,5;7318156290
2043;TMT-4283230272126;4283230272126;V032-TMT;Umlenkrolle glatt Ø12.0-B5-10;;3,68;Y;0;0;0;10;18;18;13;Y;Y;N;0,01;1,8;1,8;1,3;8483508090
2042;J023-11;4283230107725;V032-TMT;Umlenkrolle glatt Ø12.0-B5-10;;3,1;Y;101;97;0;10;18;18;13;Y;Y;N;0,01;1,8;1,8;1,3;8483508090
2041;J024-09;4283230108524;V032-TMT;Umlenkrolle glatt Ø12.0-B5-6;;3,1;Y;67;48;0;10;18;18;8,5;Y;Y;N;0,01;1,8;1,8;0,85;8483508090
2040;H006-08;4283230059024;V032-TMT;Umlenkrolle glatt Ø12.0-B3-6;;3,1;Y;27;18;0;10;18;18;8,5;Y;Y;N;0,01;1,8;1,8;0,85;8483508090
2039;B016-13;4283230923226;V032-TMT;Umlenkrolle glatt Ø9.8-B3-6;;3,1;Y;6;7;0;10;13;13;8,5;Y;Y;N;0,01;1,3;1,3;0,85;8483508090
2038;J022-12;4283230106926;V032-TMT;Umlenkrolle 2GT-20-Ø12.0-B5-10;;3,1;Y;48;20;0;10;18;18;13;Y;Y;N;0,01;1,8;1,8;1,3;8483508090
2037;J022-09;4283230106629;V032-TMT;Umlenkrolle 2GT-20-Ø12.0-B5-6;;3,1;Y;104;71;0;10;18;18;9;Y;Y;N;0,01;1,8;1,8;0,9;8483508090
2036;F002-12;4283230013729;V032-TMT;Umlenkrolle 2GT-20-Ø12.0-B4-6;;3,1;Y;75;0;0;10;18;18;9;Y;Y;N;0,01;1,8;1,8;0,9;8483508090
2035;J023-10;4283230107626;V032-TMT;Umlenkrolle 2GT-20-Ø12.0-B3-6;;3,1;Y;27;9;0;10;18;18;9;Y;Y;N;0,01;1,8;1,8;0,9;8483508090
2034;B015-13;4283230922328;V032-TMT;Umlenkrolle 2GT-16-Ø9.8-B3-6;;3,1;Y;51;28;0;10;13;13;9;Y;Y;N;0,01;1,3;1,3;0,9;8483508090
2031;B007-13;4283230915023;V079-TMT;Stellring 8.05x13x5mm;;1,1;Y;90;79;0;10;13;13;5;Y;Y;N;0,01;1,3;1,3;0,5;8487909090
2030;B006-13;4283230913920;V079-TMT;Stellring 6.05x11x5mm;;1,1;Y;90;48;0;10;11;11;5;Y;Y;N;0,01;1,1;1,1;0,5;8487909090
2029;B005-13;4283230912923;V079-TMT;Stellring 5.05x10x5mm;;1,02;Y;36;37;0;10;10;10;5;Y;Y;N;0,01;1;1;0,5;8487909090
2001;L009-08;4283230118929;V075-TEW;Steckverbinder DC5.5x2.1mm Y-Adapter 1 Buchse auf 8 Stecker;;3,32;Y;17;0;0;50;140;88;18;Y;N;N;0,06;14;8,8;1,8;8536901000
2000;L006-05;4283230116628;V075-TEW;Steckverbinder DC5.5x2.1mm Y-Adapter 1 Buchse auf 6 Stecker;;2,9;Y;12;0;0;40;140;90;10;Y;N;N;0,04;14;9;1;8536901000
1999;L002-07;4283230112729;V075-TEW;Steckverbinder DC5.5x2.1mm Y-Adapter 1 Buchse auf 5 Stecker;;3,57;Y;8;0;0;30;110;100;9;Y;N;N;0,03;11;10;0,9;8536901000
1998;L009-02;4283230118325;V075-TEW;Steckverbinder DC5.5x2.1mm Y-Adapter 1 Buchse auf 4 Stecker;;3,24;Y;52;0;0;30;150;100;11;Y;N;N;0,03;15;10;1,1;8536901000
1997;L004-01;4283230115225;V075-TEW;Steckverbinder DC5.5x2.1mm Y-Adapter 1 Buchse auf 3 Stecker;;3,07;Y;39;0;0;20;140;100;10;Y;N;N;0,02;14;10;1;8536901000
1996;C001-03;4283230089021;V075-TEW;Steckverbinder DC5.5x2.1mm Y-Adapter 1 Buchse auf 2 Stecker;;2,9;Y;35;0;0;20;140;90;14;Y;N;N;0,02;14;9;1,4;8536901000
1994;F002-10;4283230013521;V056-TES;Industrielle Signalleuchte, Einbau Ø16mm, 12Vac/dc, blau;;1,65;Y;33;0;0;10;46;19;19;Y;N;N;0,01;4,6;1,9;1,9;8536500700
1993;A010-02;4283230871923;V056-TES;Industrielle Signalleuchte, Einbau Ø16mm, 12Vac/dc, weiß;;2,15;Y;1;0;0;10;45;19;19;Y;N;N;0,01;4,5;1,9;1,9;8536500700
1992;E024-03;4283230000125;V002-TMT;Zahnriemen 2GT-3600-6;;17,24;Y;5;0;0;30;80;80;6;Y;Y;N;0,03;8;8;0,6;4010390090
1991;TES-4283230097521;4283230097521;V115-TES;Voltmeter 22mm Grün;;3,64;Y;0;0;0;20;50,5;29;29;N;N;N;0,02;5,05;2,9;2,9;8536500700
1990;TES-4283230102027;4283230102027;V115-TES;Voltmeter 22mm Gelb;;3,64;Y;0;0;0;20;50,5;29;29;N;N;N;0,02;5,05;2,9;2,9;8536500700
1989;TES-4283230117724;4283230117724;V115-TES;Voltmeter 22mm Rot;;3,64;Y;0;0;0;20;51;29;29;N;N;N;0,02;5,1;2,9;2,9;8536500700
1964;E026-04;4283230002525;V024-TSC;Flansch Kupplung 14mm;;4,25;Y;79;69;0;20;32;32;13;Y;Y;N;0,02;3,2;3,2;1,3;8483608090
1963;B007-02;4283230914125;V024-TSC;Flansch Kupplung 7mm;;4,27;Y;28;26;0;30;32;32;13;Y;Y;N;0,03;3,2;3,2;1,3;8483608090
1962;N020-01;4283230145024;V024-TSC;Flansch Kupplung 6.35mm;;2,55;Y;28;22;0;10;22;22;13;Y;Y;N;0,01;2,2;2,2;1,3;8483608090
1961;E026-03;4283230002228;V024-TSC;Flansch Kupplung 12mm;;3,45;Y;107;81;0;30;32;32;13;Y;Y;N;0,03;3,2;3,2;1,3;8483608090
1960;M009-05;4283230145222;V024-TSC;Flansch Kupplung 10mm;;3,45;Y;149;118;0;20;32;32;13;Y;Y;N;0,03;3,2;3,2;1,3;8483608090
1959;M010-03;4283230130921;V024-TSC;Flansch Kupplung 8mm;;3,45;Y;177;124;0;30;32;32;13;Y;Y;N;0,03;3,2;3,2;1,3;8483608090
1958;N019-02;4283230144829;V024-TSC;Flansch Kupplung 6mm;;2,55;Y;166;130;0;10;22;22;13;Y;Y;N;0,01;2,2;2,2;1,3;8483608090
1957;N021-03;4283230145321;V024-TSC;Flansch Kupplung 5mm;;2,55;Y;109;89;0;10;22;22;12;Y;Y;N;0,01;2,2;2,2;1,2;8483608090
1956;N020-03;4283230145123;V024-TSC;Flansch Kupplung 4mm;;2,55;Y;38;38;0;10;22;22;12;Y;Y;N;0,01;2,2;2,2;1,2;8483608090
1955;B007-12;4283230914927;V024-TSC;Flansch Kupplung 3mm;;2,55;Y;78;55;0;10;22;22;12;Y;Y;N;0,01;2,2;2,2;1,2;8483608090
1951;B038-13;4283230947024;V039-TSC;Gelenkkupplung Stahl Ø10 auf Ø10mm;;6,96;Y;46;28;0;30;35;16;16;Y;Y;N;0,03;3,5;1,6;1,6;8483608090
1950;B032-10;4283230940124;V039-TSC;Gelenkkupplung Stahl Ø8 auf Ø10mm;;6,96;Y;19;10;0;30;34;16;16;Y;Y;N;0,03;3,4;1,6;1,6;8483608090
1949;A027-06;4283230897329;V039-TSC;Gelenkkupplung Stahl Ø8 auf Ø8mm;;6,05;Y;28;26;0;20;32;14;14;Y;Y;N;0,02;3,2;1,4;1,4;8483608090
1948;B036-13;4283230944726;V039-TSC;Gelenkkupplung Stahl Ø6 auf Ø8mm;;6,05;Y;14;6;0;20;33;14;14;Y;Y;N;0,02;3,3;1,4;1,4;8483608090
1947;B037-13;4283230945822;V039-TSC;Gelenkkupplung Stahl Ø5 auf Ø8mm;;6,07;Y;15;7;0;20;34,5;14;14;Y;Y;N;0,03;3,45;1,4;1,4;8483608090
1946;D015-07;4283230975324;V015-TES;NOT-AUS Vollschutz;;1,71;Y;25;17;0;20;67;67;31;Y;N;N;0,03;6,7;6,7;3,1;8536500700
1945;D018-03;4283230977328;V015-TES;NOT-AUS Klappschutz;;2,14;Y;13;0;0;20;73;55;36;Y;N;N;0,02;7,3;5,5;3,6;8536500700
1944;TES-4283230975928;4283230975928;V015-TES;NOT-AUS Teilschutz;;1,71;Y;0;0;0;10;60;60;29;N;N;N;0,01;6;6;2,9;8536500700
1942;T007-02;4283230293923;V015-TES;NOT-AUS Schalter Set 2;;4,3;Y;75;105;0;160;142;77;33;Y;N;N;0,17;14,2;7,7;3,3;8536500700
1941;T005-02;4283230293329;V015-TES;NOT-AUS Schalter Set 1;;5,86;Y;64;59;0;190;130;68;40;Y;N;N;0,2;13;6,8;4;8536500700
1939;N018-03;4283230144324;V036-TSC;Wellenkupplung Alu flex mit Klemmnabe D20L25 Ø5 auf Ø10mm;;7,12;Y;12;0;0;20;25;20;20;Y;Y;N;0,02;2,5;2;2;8483608090
1938;N016-03;4283230142122;V036-TSC;Wellenkupplung Alu flex mit Klemmnabe D20L25 Ø6.35 auf Ø10mm;;5,92;Y;12;0;0;20;25;20;20;Y;Y;N;0,02;2,5;2;2;8483608090
1937;T011-02;4283230295422;V047-TLE;LED Dimmer 30A Modell B;;10,76;Y;4;0;0;140;90,5;60;40,5;Y;N;N;0,14;9,05;6;4,05;8536500700
1936;T010-02;4283230295026;V047-TLE;LED Dimmer 30A Modell A;;11,34;Y;1;0;0;140;90;60;40,5;Y;N;N;0,14;9;6;4,05;8536500700
1933;B002-07;4283230909121;V124-TMT;Leitrolle Führungsrolle Laufrolle 5x23x7mm Schwarz;;1,88;Y;4;0;0;10;23;23;7;Y;N;N;0,01;2,3;2,3;0,7;8482101010
1932;B008-06;4283230915429;V124-TMT;Leitrolle Führungsrolle Laufrolle 5x23x7mm Weiß;;1,88;Y;38;0;0;10;23;23;7;Y;N;N;0,01;2,3;2,3;0,7;8482101010
1931;B015-10;4283230922120;V216-TMT;Openbuilds Rolle Leitrolle V-Form;;2,74;Y;12;0;0;10;24;24;11;Y;N;N;0,01;2,4;2,4;1,1;8482101010
1930;B007-10;4283230914729;V216-TMT;Openbuilds Rolle Leitrolle Groß;;2,74;Y;6;0;0;10;24;24;11;Y;N;N;0,01;2,4;2,4;1,1;8482101010
1929;B002-10;4283230909428;V216-TMT;Openbuilds Rolle Leitrolle klein;;2,9;Y;1;0;0;10;15;15;9,5;Y;N;N;0,01;1,5;1,5;0,95;8482101010
1923;Q002-01;4283230187420;V056-TES;Industrielle Signalleuchte, Einbau Ø22mm, 220-240Vac/dc, grün;;1,91;Y;29;0;0;20;51;29;29;Y;N;N;0,02;5,1;2,9;2,9;8536500700
1922;D016-08;4283230976321;V056-TES;Industrielle Signalleuchte, Einbau Ø22mm, 220-240Vac/dc, rot;;1,91;Y;21;0;0;20;51;29;29;Y;N;N;0,02;5,1;2,9;2,9;8536500700
1921;D016-09;4283230976420;V056-TES;Industrielle Signalleuchte, Einbau Ø22mm, 24Vac/dc, rot;;1,64;Y;11;0;0;20;51;29;29;Y;N;N;0,02;5,1;2,9;2,9;8536500700
1920;Q002-02;4283230187529;V056-TES;Industrielle Signalleuchte, Einbau Ø22mm, 24Vac/dc, grün;;1,64;Y;27;0;0;20;51;29;29;Y;N;N;0,02;5,1;2,9;2,9;8536500700
1919;D017-07;4283230976925;V056-TES;Industrielle Signalleuchte, Einbau Ø22mm, 12Vac/dc, rot;;1,64;Y;16;0;0;20;50,5;29;29;Y;N;N;0,02;5,05;2,9;2,9;8536500700
1918;TES-4283230187628;4283230187628;V056-TES;Industrielle Signalleuchte, Einbau Ø22mm, 12Vac/dc, grün;;1,64;Y;0;0;0;20;51;29;29;N;N;N;0,02;5,1;2,9;2,9;8536500700
1913;L009-06;4283230118721;V114-TEW;Steckverbinder DC5.5x2.1 Anschlussadapter Buchse, Anschrauben, Menge 1 Stk;;0,92;Y;29;0;0;10;37,5;14;11;Y;N;N;0,01;3,75;1,4;1,1;8536901000
1911;L004-08;4283230115522;V114-TEW;Steckverbinder DC5.5x2.1 Anschlussadapter Stecker, Anschrauben, Menge 1 Stk;;0,92;Y;37;0;0;10;38;14;12;Y;N;N;0,01;3,8;1,4;1,2;8536901000
1909;N003-04;4283230133724;V114-TEW;Steckverbinder DC5.5x2.1 Anschlussadapter Buchse, Anklemmen, Menge 1 Stk;;1,09;Y;37;0;0;10;38;16;19;Y;N;N;0,01;3,8;1,6;1,9;8536901000
1907;N003-03;4283230133625;V114-TEW;Steckverbinder DC5.5x2.1 Anschlussadapter Stecker, Anklemmen, Menge 1 Stk;;1,09;Y;24;0;0;10;41;15,5;19;Y;N;N;0,01;4,1;1,55;1,9;8536901000
1889;R001-13;4283230190529;V041-TES;Mikroschalter KW9-156-1C25 Rollenhebel kurz Metall Rolle;;1,58;Y;115;14;0;10;37;27;10;Y;Y;N;0,01;3,7;2,7;1;8536500700
1875;A017-05;4283230185525;V007-TMT;Zahnriemenscheibe 2GT-20K-B6-10: Zähne 20, Typ K, Bohrung 6mm, Riemenbreite 10mm;;2,5;Y;0;0;0;10;19;16;16;Y;Y;N;0,01;1,9;1,6;1,6;8483508090
1857;0012-0069;4283230071125;V005-GTR;Fleischspieß 69cm;;0;Y;0;99;0;750;690;12;12;Y;N;N;0,79;69;1,2;1,2;7326909890
1855;0012-0300;4283230072221;V003-GTR;Fleischspießteller Ø30cm;;19;Y;80;39;0;1110;300;300;30;Y;N;N;1,17;30;30;3;7326909890
1854;0012-0250;4283230072429;V003-GTR;Fleischspießteller Ø25cm;;17;Y;80;68;0;760;250;250;27;Y;N;N;0,8;25;25;2,7;7326909890
1853;0012-0150;4283230073228;V003-GTR;Fleischspießteller Ø15cm;;14;Y;72;199;0;290;150;150;30;Y;N;N;0,29;15;15;3;8487909090
1852;0012-0120;4283230072320;V003-GTR;Fleischspießteller Ø12cm;;13;Y;42;74;0;180;120;120;27;Y;N;N;0,19;12;12;2,7;8487909090
844;4,28323E+12;4283230069221;;Kreismesser  - 1.4116 - 100Tz - gezahnt - GT Classic - B05 - GT;;14;Y;0;55;0;70;0;0;0;Y;N;N;0,08;0;0;0;8208300000
842;C006-06;4283230955128;V104-TES;Industrieschaltergehäuse Premium 5 er Gelb;;16,64;Y;4;0;0;230;200;75;86;Y;N;N;0,24;20;7,5;8,6;8487909090
841;TES-4283230952929;4283230952929;V104-TES;Industrieschaltergehäuse Premium 5 er Grau;;15,16;Y;0;0;0;230;200;80;80;N;N;N;0,24;20;8;8;8487909090
840;TES-4283230958624;4283230958624;V104-TES;Industrieschaltergehäuse Premium 4 er Gelb;;11,33;Y;0;0;0;200;180;80;90;N;N;N;0,21;18;8;9;8487909090
839;TES-4283230959928;4283230959928;V104-TES;Industrieschaltergehäuse Premium 4 er Grau;;11,37;Y;0;0;0;200;180;75;100;N;N;N;0,21;18;7,5;10;8487909090
838;T014-02;4283230111425;V104-TES;Industrieschaltergehäuse Premium 3 er Gelb;;8,15;Y;1;0;0;170;139;87;71;Y;N;N;0,17;13,9;8,7;7,1;8487909090
837;TES-4283230955623;4283230955623;V104-TES;Industrieschaltergehäuse Premium 3 er Grau;;8,15;Y;0;0;0;170;139;87;71;N;N;N;0,17;13,9;8,7;7,1;8487909090
836;C008-04;4283230956521;V104-TES;Industrieschaltergehäuse Premium 2 er Gelb;;6,88;Y;4;0;0;190;135;77,5;75,5;Y;N;N;0,2;13,5;7,75;7,55;8487909090
835;TES-4283230958822;4283230958822;V104-TES;Industrieschaltergehäuse Premium 2 er Grau;;6,45;Y;0;0;0;120;110;70;42;N;N;N;0,12;11;7;4,2;8487909090
834;D008-02;4283230969927;V104-TES;Industrieschaltergehäuse Premium 1 er Gelb;;5,87;Y;9;0;0;130;87;87;87;Y;N;N;0,14;8,7;8,7;8,7;8487909090
833;TES-4283230952325;4283230952325;V104-TES;Industrieschaltergehäuse Premium 1 er Grau;;5,65;Y;0;0;0;100;90;70;70;N;N;N;0,11;9;7;7;8487909090
831;E014-02;4283230186928;V007-TMT;Zahnriemenscheibe 2GT-20K-B8-10: Zähne 20, Typ K, Bohrung 8mm, Riemenbreite 10mm;;2,63;Y;100;80;0;10;19;16;16;Y;Y;N;0,01;1,9;1,6;1,6;8483508090
830;F017-12;4283230031426;V007-TMT;Zahnriemenscheibe 2GT-20K-B6.35-10: Zähne 20, Typ K, Bohrung 6.35mm, Riemenbreite 10mm;;2,5;Y;64;41;0;10;19;16;16;Y;Y;N;0,01;1,9;1,6;1,6;8483508090
829;E003-10;4283230186720;V007-TMT;Zahnriemenscheibe 2GT-20K-B5-10: Zähne 20, Typ K, Bohrung 5mm, Riemenbreite 10mm;;2,63;Y;74;68;0;10;19;19;16;Y;Y;N;0,01;1,9;1,9;1,6;8483508090
828;J018-12;4283230101921;V007-TMT;Zahnriemenscheibe 2GT-16K-B5-10: Zähne 16, Typ K, Bohrung 5mm, Riemenbreite 10mm;;2,63;Y;61;62;0;10;20;13;13;Y;Y;N;0,01;2;1,3;1,3;8483508090
819;C013-05;4283230960023;V031-TMT;Motorhalterung L-Montage für 90er Motoren, Stahl Guss;;8,7;Y;1;0;0;180;130;100;60;Y;Y;N;0,19;13;10;6;8466102000
816;TBA-4283230835628;4283230835628;;Turbo-Bait Display;;5;Y;0;0;0;400;0;0;0;Y;N;N;0,4;0;0;0;9507900000
815;B012-13;4283230919328;V039-TSC;Gelenkkupplung Stahl Ø6 auf Ø6mm;;3,29;Y;27;20;0;10;23,5;11;11;Y;Y;N;0,01;2,35;1,1;1,1;8483608090
814;B015-02;4283230921420;V039-TSC;Gelenkkupplung Stahl Ø5 auf Ø6mm;;3,29;Y;19;15;0;10;24;11;11;Y;Y;N;0,01;2,4;1,1;1,1;8483608090
813;B022-13;4283230929129;V039-TSC;Gelenkkupplung Stahl Ø5 auf Ø5mm;;3,29;Y;21;20;0;10;24;11;11;Y;Y;N;0,01;2,4;1,1;1,1;8483608090
812;A028-10;4283230898524;V039-TSC;Gelenkkupplung Stahl Ø4 auf Ø6mm;;3,29;Y;9;9;0;10;24;11;11;Y;Y;N;0,01;2,4;1,1;1,1;8483608090
811;B025-13;4283230932228;V039-TSC;Gelenkkupplung Stahl Ø4 auf Ø5mm;;3,29;Y;29;12;0;10;24;11;11;Y;Y;N;0,01;2,4;1,1;1,1;8483608090
810;B027-13;4283230934628;V039-TSC;Gelenkkupplung Stahl Ø4 auf Ø4mm;;3,29;Y;23;22;0;10;24;9;9;Y;Y;N;0,01;2,4;0,9;0,9;8483608090
809;B020-13;4283230927521;V039-TSC;Gelenkkupplung Stahl Ø3.17 auf Ø4mm;check inner diameter on both sides;3,29;Y;33;14;0;10;22,5;9;9;Y;Y;N;0,01;2,25;0,9;0,9;8483608090
808;B011-05;4283230917621;V039-TSC;Gelenkkupplung Stahl Ø3.17 auf Ø3.17mm;;3,29;Y;19;7;0;10;22,5;9;9;Y;Y;N;0,01;2,25;0,9;0,9;8483608090
807;A027-01;4283230896827;V039-TSC;Gelenkkupplung Stahl Ø3 auf Ø5mm;;3,29;Y;3;0;0;10;24;11;11;Y;Y;N;0,01;2,4;1,1;1,1;8483608090
806;B019-13;4283230926425;V039-TSC;Gelenkkupplung Stahl Ø3 auf Ø4mm;check inner diameter on both sides;3,29;Y;17;10;0;10;23;9;9;Y;Y;N;0,01;2,3;0,9;0,9;8483608090
805;B021-13;4283230928429;V039-TSC;Gelenkkupplung Stahl Ø3 auf Ø3.17mm;;3,29;Y;13;8;0;10;22;10;10;Y;Y;N;0,01;2,2;1;1;8483608090
804;B028-13;4283230935823;V039-TSC;Gelenkkupplung Stahl Ø3 auf Ø3mm;;3,29;Y;19;10;0;10;22,6;9;9;Y;Y;N;0,01;2,26;0,9;0,9;8483608090
803;B018-09;4283230924926;V039-TSC;Gelenkkupplung Stahl Ø2.3 auf Ø4mm;;3,29;Y;29;9;0;10;28;14;14;Y;Y;N;0,01;2,8;1,4;1,4;8483608090
802;B034-13;4283230942623;V039-TSC;Gelenkkupplung Stahl Ø2.3 auf Ø3mm;;3,29;Y;11;11;0;10;23;9;9;Y;Y;N;0,01;2,3;0,9;0,9;8483608090
801;A026-10;4283230896728;V039-TSC;Gelenkkupplung Stahl Ø2.3 auf Ø2.3mm;;3,29;Y;0;0;0;10;17,5;8;8;Y;Y;N;0,01;1,75;0,8;0,8;8483608090
800;B035-13;4283230943521;V039-TSC;Gelenkkupplung Stahl Ø2 auf Ø2.3mm;;3,29;Y;28;7;0;10;17;8;8;Y;Y;N;0,01;1,7;0,8;0,8;8483608090
799;B026-13;4283230933423;V039-TSC;Gelenkkupplung Stahl Ø2 auf Ø2mm;;3,29;Y;20;9;0;10;23;9;9;Y;Y;N;0,01;2,3;0,9;0,9;8483608090
797;N017-01;4283230143624;V108-TSC;Sechskantkupplung Ø7mm;;2,47;Y;60;0;0;10;24;12;12;Y;Y;N;0,01;2,4;1,2;1,2;8483608090
796;B018-02;4283230924421;V108-TSC;Sechskantkupplung Ø6mm;;2,07;Y;7;7;0;10;24;12;12;Y;Y;N;0,01;2,4;1,2;1,2;8483608090
795;B012-03;4283230918420;V108-TSC;Sechskantkupplung Ø5mm;;2,47;Y;16;11;0;10;18;12;12;Y;Y;N;0,01;1,8;1,2;1,2;8483608090
794;B018-03;4283230924520;V108-TSC;Sechskantkupplung Ø4mm;;2,09;Y;40;0;0;20;24;12;12;Y;Y;N;0,02;2,4;1,2;1,2;8483608090
793;N016-01;4283230141828;V108-TSC;Sechskantkupplung Ø3mm;;2,49;Y;35;25;0;20;24;12;12;Y;Y;N;0,02;2,4;1,2;1,2;8483608090
791;N005-05;4283230134820;V076-TES;Mikroschalter KW12 Hebel kurz Grün;;1,02;Y;0;0;0;10;20;18;7;Y;Y;N;0,01;2;1,8;0,7;8536500700
790;N005-06;4283230134929;V076-TES;Mikroschalter KW12 Hebel lang;;1,29;Y;3;0;0;10;52;18;7;Y;N;N;0,01;5,2;1,8;0,7;8536500700
789;N004-01;4283230134028;V076-TES;Mikroschalter KW12 Hebel gebogen;;1,04;Y;2;0;0;10;21;21;7;Y;N;N;0,01;2,1;2,1;0,7;8536500700
788;N004-02;4283230134127;V076-TES;Mikroschalter KW12 Rollenhebel kurz Metall;;1,34;Y;2;0;0;10;24;20;7;Y;N;N;0,01;2,4;2;0,7;8536500700
787;N004-03;4283230134226;V076-TES;Mikroschalter KW12 Rollenhebel kurz Kunststoff;;1,09;Y;2;0;0;10;23;20,5;7;Y;N;N;0,01;2,3;2,05;0,7;8536500700
786;N004-04;4283230134325;V076-TES;Mikroschalter KW12 Hebel mittel;;1,04;Y;1;0;0;10;31;23;7;Y;N;N;0,01;3,1;2,3;0,7;8536500700
785;N004-05;4283230134424;V076-TES;Mikroschalter KW12 Hebel kurz;;1,02;Y;1;0;0;10;20;18;7;Y;N;N;0,01;2;1,8;0,7;8536500700
784;N004-06;4283230134523;V076-TES;Mikroschalter KW12 Drucktaster;;1,02;Y;2;0;0;10;20;16;7;Y;N;N;0,01;2;1,6;0,7;8536500700
763;D015-09;4283230975522;V031-TMT;Motorhalterung L-Montage für 42er Schrittmotor NEMA 17, Kunststoff;;0,96;Y;37;6;0;10;62;60;33;Y;Y;N;0,01;6,2;6;3,3;8466102000
762;I033-04;4283230076724;V006-TEW;Schleppkette Energiekette OFFEN, minimaler Biegeradius R28, Innen 15x50mm;;10,8;Y;27;22;0;380;185;155;60;Y;Y;N;0,4;18,5;15,5;6;8487909090
761;T015-04;4283230297228;V104-TES;Industrieschaltergehäuse Grau für 22mm Elemente 6er;;6,31;Y;1;0;0;290;280;75;70;Y;N;N;0,3;28;7,5;7;8487909090
760;TES-4283230296023;4283230296023;V104-TES;Industrieschaltergehäuse Grau für 22mm Elemente 4er;;4,82;Y;0;0;0;210;200;75;70;N;N;N;0,22;20;7,5;7;8487909090
759;TES-4283230960528;4283230960528;V104-TES;Industrieschaltergehäuse Grau für 22mm Elemente 3er;;4,1;Y;0;0;0;170;150;75;70;N;N;N;0,18;15;7,5;7;8487909090
758;TES-4283230272225;4283230272225;V104-TES;Industrieschaltergehäuse Grau für 22mm Elemente 2er;;3,28;Y;0;0;0;150;116;74;68;N;N;N;0,15;11,6;7,4;6,8;8487909090
757;TES-4283230295620;4283230295620;V104-TES;Industrieschaltergehäuse Grau für 22mm Elemente 1er;;2,81;Y;0;0;0;120;85;75;70;N;N;N;0,12;8,5;7,5;7;8487909090
755;C009-03;4283230957122;V104-TES;Industrieschaltergehäuse Gelb für 22mm Elemente 6er;;5,45;Y;7;0;0;320;280;8;7;Y;N;N;0,33;28;0,8;0,7;8487909090
754;T013-02;4283230077622;V104-TES;Industrieschaltergehäuse Gelb für 22mm Elemente 5er;;6,31;Y;6;0;0;280;285;77;67;Y;N;N;0,29;28,5;7,7;6,7;8487909090
753;TES-4283230296429;4283230296429;V104-TES;Industrieschaltergehäuse Gelb für 22mm Elemente 4er;;4,82;Y;0;0;0;200;200;75;70;N;N;N;0,21;20;7,5;7;8487909090
752;TES-4283230296825;4283230296825;V104-TES;Industrieschaltergehäuse Gelb für 22mm Elemente 3er;;4,1;Y;0;0;0;170;150;75;70;N;N;N;0,18;15;7,5;7;8487909090
751;TES-4283230956422;4283230956422;V104-TES;Industrieschaltergehäuse Gelb für 22mm Elemente 2er;;3,4;Y;0;0;0;140;120;79;73;N;N;N;0,15;12;7,9;7,3;8487909090
750;T015-02;4283230076922;V104-TES;Industrieschaltergehäuse Gelb für 22mm Elemente 1er;;2,81;Y;37;0;0;110;80;82;68;Y;N;N;0,12;8;8,2;6,8;8487909090
748;N014-06;4283230141224;V084-TSC;Wellenkupplung Kunststoff flex D19L23 Ø8 auf Ø8mm;;2,52;Y;10;7;0;10;22;19;19;Y;Y;N;0,01;2,2;1,9;1,9;8483608090
747;N013-06;4283230139429;V084-TSC;Wellenkupplung Kunststoff flex D15L22 Ø6 auf Ø6mm;;2,34;Y;58;50;0;10;21;15;15;Y;Y;N;0,01;2,1;1,5;1,5;8483608090
746;B012-08;4283230918925;V084-TSC;Wellenkupplung Kunststoff flex D13L21 Ø4 auf Ø4mm;;2,34;Y;34;27;0;10;21;13;13;Y;Y;N;0,01;2,1;1,3;1,3;8483608090
744;J018-02;4283230101020;V036-TSC;Wellenkupplung Alu flex mit Klemmnabe D25L30 Ø12 auf Ø12mm;;7,15;Y;15;7;0;30;30;25;25;Y;Y;N;0,03;3;2,5;2,5;8483608090
743;N002-03;4283230133120;V036-TSC;Wellenkupplung Alu flex mit Klemmnabe D25L30 Ø10 auf Ø12mm;;7,15;Y;14;4;0;30;30;25;25;Y;Y;N;0,03;3;2,5;2,5;8483608090
742;J005-04;4283230087829;V036-TSC;Wellenkupplung Alu flex mit Klemmnabe D25L30 Ø10 auf Ø10mm;;7,15;Y;82;25;0;30;30;25;25;Y;Y;N;0,03;3;2,5;2,5;8483608090
740;G014-09;4283230050823;V036-TSC;Wellenkupplung Alu flex mit Klemmnabe D25L30 Ø8 auf Ø12mm;;7,15;Y;17;12;0;30;30;25;25;Y;Y;N;0,03;3;2,5;2,5;8483608090
739;F018-11;4283230032522;V036-TSC;Wellenkupplung Alu flex mit Klemmnabe D25L30 Ø8 auf Ø10mm;;7,15;Y;22;26;0;30;30;25;25;Y;Y;N;0,03;3;2,5;2,5;8483608090
738;H014-08;4283230064127;V036-TSC;Wellenkupplung Alu flex mit Klemmnabe D25L30 Ø8 auf Ø8mm;;7,17;Y;14;12;0;30;30;25;25;Y;Y;N;0,04;3;2,5;2,5;8483608090
737;H014-02;4283230063724;V036-TSC;Wellenkupplung Alu flex mit Klemmnabe D25L30 Ø6.35 auf Ø12mm;;7,15;Y;5;4;0;30;30;25;25;Y;Y;N;0,03;3;2,5;2,5;8483608090
736;B008-05;4283230915320;V036-TSC;Wellenkupplung Alu flex mit Klemmnabe D25L30 Ø6.35 auf Ø10mm;;7,15;Y;11;0;0;30;30;25;25;Y;Y;N;0,03;3;2,5;2,5;8483608090
735;H010-03;4283230061423;V036-TSC;Wellenkupplung Alu flex mit Klemmnabe D25L30 Ø6.35 auf Ø8mm;;7,17;Y;14;5;0;30;30;25;25;Y;Y;N;0,04;3;2,5;2,5;8483608090
734;E025-02;4283230001122;V036-TSC;Wellenkupplung Alu flex mit Klemmnabe D25L30 Ø6.35 auf Ø6.35mm;;7,15;Y;4;0;0;30;30;25;25;Y;Y;N;0,03;3;2,5;2,5;8483608090
733;N009-03;4283230137029;V036-TSC;Wellenkupplung Alu flex mit Klemmnabe D25L30 Ø6 auf Ø10mm;;7,15;Y;14;0;0;30;30;25;25;Y;Y;N;0,03;3;2,5;2,5;8483608090
732;N001-02;4283230132123;V036-TSC;Wellenkupplung Alu flex mit Klemmnabe D25L30 Ø6 auf Ø8mm;;7,17;Y;4;0;0;40;30;25;25;Y;Y;N;0,04;3;2,5;2,5;8483608090
731;B012-02;4283230918321;V036-TSC;Wellenkupplung Alu flex mit Klemmnabe D25L30 Ø6 auf Ø6.35mm;;7,17;Y;8;0;0;40;30;25;25;Y;Y;N;0,04;3;2,5;2,5;8483608090
730;N001-03;4283230132222;V036-TSC;Wellenkupplung Alu flex mit Klemmnabe D25L30 Ø6 auf Ø6mm;;7,15;Y;0;0;0;30;30;25;25;Y;Y;N;0,03;3;2,5;2,5;8483608090
729;N001-04;4283230132529;V036-TSC;Wellenkupplung Alu flex mit Klemmnabe D25L30 Ø5 auf Ø12mm;;7,15;Y;19;11;0;30;30;25;25;Y;Y;N;0,03;3;2,5;2,5;8483608090
728;N001-06;4283230132727;V036-TSC;Wellenkupplung Alu flex mit Klemmnabe D25L30 Ø5 auf Ø10mm;;7,15;Y;13;6;0;30;30;25;25;Y;Y;N;0,03;3;2,5;2,5;8483608090
727;E021-04;4283230996824;V036-TSC;Wellenkupplung Alu flex mit Klemmnabe D25L30 Ø5 auf Ø8mm;;7,17;Y;28;7;0;30;30;25;25;Y;Y;N;0,04;3;2,5;2,5;8483608090
726;H013-05;4283230062925;V036-TSC;Wellenkupplung Alu flex mit Klemmnabe D25L30 Ø5 auf Ø6.35mm;;7,17;Y;12;2;0;30;30;25;25;Y;Y;N;0,04;3;2,5;2,5;8483608090
725;J026-02;4283230109927;V036-TSC;Wellenkupplung Alu flex mit Klemmnabe D25L30 Ø5 auf Ø6mm;;7,17;Y;14;0;0;30;30;25;25;Y;Y;N;0,04;3;2,5;2,5;8483608090
724;E022-01;4283230997722;V036-TSC;Wellenkupplung Alu flex mit Klemmnabe D25L30 Ø5 auf Ø5mm;;7,12;Y;11;0;0;20;30;30;13;Y;Y;N;0,02;3;3;1,3;8483608090
722;F019-09;4283230033321;V036-TSC;Wellenkupplung Alu flex mit Klemmnabe D20L25 Ø8 auf Ø8mm;;5,92;Y;7;7;0;20;24,7;20;20;Y;Y;N;0,02;2,47;2;2;8483608090
721;N017-02;4283230143723;V036-TSC;Wellenkupplung Alu flex mit Klemmnabe D20L25 Ø6.35 auf Ø8mm;;5,92;Y;16;8;0;20;25;20;20;Y;Y;N;0,02;2,5;2;2;8483608090
720;J013-04;4283230095923;V036-TSC;Wellenkupplung Alu flex mit Klemmnabe D20L25 Ø6.35mm auf Ø6.35mm;;5,92;Y;0;0;0;20;25;20;20;Y;Y;N;0,02;2,5;2;2;8483608090
719;N002-02;4283230133021;V036-TSC;Wellenkupplung Alu flex mit Klemmnabe D20L25 Ø6 auf Ø8mm;;5,92;Y;16;4;0;20;25;20;20;Y;Y;N;0,02;2,5;2;2;8483608090
718;H014-01;4283230063625;V036-TSC;Wellenkupplung Alu flex mit Klemmnabe D20L25 Ø6 auf Ø6.35mm;;5,92;Y;4;0;0;20;25;20;20;Y;Y;N;0,02;2,5;2;2;8483608090
717;A031-01;4283230900524;V036-TSC;Wellenkupplung Alu flex mit Klemmnabe D20L25 Ø6 auf Ø6mm;;5,92;Y;0;0;0;20;25;20;20;Y;Y;N;0,02;2,5;2;2;8483608090
716;G014-05;4283230050427;V036-TSC;Wellenkupplung Alu flex mit Klemmnabe D20L25 Ø5 auf Ø8mm;;5,92;Y;52;23;0;20;25;20;20;Y;Y;N;0,02;2,5;2;2;8483608090
715;A035-01;4283230904522;V036-TSC;Wellenkupplung Alu flex mit Klemmnabe D20L25 Ø5 auf Ø6.35mm;;5,92;Y;6;2;0;20;25;20;20;Y;Y;N;0,02;2,5;2;2;8483608090
714;N016-04;4283230142320;V036-TSC;Wellenkupplung Alu flex mit Klemmnabe D20L25 Ø5 auf Ø6mm;;5,92;Y;0;0;0;20;25;20;20;Y;Y;N;0,02;2,5;2;2;8483608090
713;N017-03;4283230143822;V036-TSC;Wellenkupplung Alu flex mit Klemmnabe D20L25 Ø5 auf Ø5mm;;5,92;Y;1;0;0;20;25;20;20;Y;Y;N;0,02;2,5;2;2;8483608090
702;0013-1081;4251840978721;;Kreismesser  - 1.4116 - 80Cz - gezahnt - 0013-1081  TZ80-C - C01 - K011111;;84,03;N;0;0;0;50;0;0;0;Y;N;N;0,05;0;0;0;8208300000
697;I008-01;4283230070128;;Kreismesser  - 1.4116 - 120Tz - gezahnt - GT Classic - B05 - GT;;16;Y;583;291;0;100;0;0;0;Y;N;N;0,1;0;0;0;8208300000
686;PRO-4283230298225;4283230298225;;Adana 2,5 x 70cm, 2.5mm stark;;2,1;N;0;0;0;0;0;0;0;Y;N;N;0;0;0;0;7326909890
685;PRO-4283230298126;4283230298126;;Adana 2,5 x 62cm, 2.5mm stark;;2;N;0;0;0;0;0;0;0;Y;N;N;0;0;0;0;7326909890
684;PRO-4283230298027;4283230298027;;Adana 2,5 x 55cm, 2.5mm stark;;1,9;N;0;0;0;0;0;0;0;Y;N;N;0;0;0;0;7326909890
683;PRO-4283230297921;4283230297921;;Adana 2 x 60cm,  2mm stark;;1,6;N;0;0;0;0;0;0;0;Y;N;N;0;0;0;0;7326909890
682;0012-6010;4283230297822;;Adana 2mm stark 10 600;;1,01;N;0;0;0;0;0;0;0;Y;N;N;0;0;0;0;7326909890
681;PRO-4283230297723;4283230297723;;Adana 1.1*55cm, Stärke 2.5mm;;0,8;N;0;0;0;0;0;0;0;Y;N;N;0;0;0;0;7326909890
680;0012-0005;4283230071729;;Fleischspießklammer Edelstahl;;0,55;Y;0;400;0;10;0;0;0;Y;N;N;0,01;0;0;0;7326909890
679;0012-0195;4283230072528;V003-GTR;Fleischspießteller Ø19.5cm;;15;Y;704;0;0;550;0;0;0;Y;N;N;0,55;0;0;0;8487909090
677;0012-0089;4283230071323;V005-GTR;Fleischspieß 89cm;;0;Y;144;0;0;990;890;0;0;Y;N;N;0,99;89;0;0;8487909090
676;B020-07;4283230927026;V025-TSC;Wellenkupplung Messing starr Ø6 auf Ø6mm;;1,95;Y;63;57;0;10;20;9;9;Y;Y;N;0,01;2;0,9;0,9;8483608090
675;N014-03;4283230139726;V025-TSC;Wellenkupplung Messing starr Ø5 auf Ø6mm;;1,95;Y;49;32;0;10;20;9;9;Y;Y;N;0,01;2;0,9;0,9;8483608090
674;N013-03;4283230139122;V025-TSC;Wellenkupplung Messing starr Ø5 auf Ø5mm;;1,95;Y;78;59;0;10;20;9;9;Y;Y;N;0,01;2;0,9;0,9;8483608090
673;N015-05;4283230141620;V025-TSC;Wellenkupplung Messing starr Ø4 auf Ø6mm;;1,95;Y;17;5;0;10;20;9;9;Y;Y;N;0,01;2;0,9;0,9;8483608090
672;N014-04;4283230140029;V025-TSC;Wellenkupplung Messing starr Ø4 auf Ø5mm;;1,95;Y;52;38;0;10;20;9;9;Y;Y;N;0,01;2;0,9;0,9;8483608090
671;N013-04;4283230139221;V025-TSC;Wellenkupplung Messing starr Ø4 auf Ø4mm;;1,95;Y;79;60;0;10;20;9;9;Y;Y;N;0,01;2;0,9;0,9;8483608090
669;N013-02;4283230139023;V025-TSC;Wellenkupplung Messing starr Ø3.17 auf Ø5mm;;1,95;Y;87;14;0;10;20;9;9;Y;Y;N;0,01;2;0,9;0,9;8483608090
668;N014-02;4283230139627;V025-TSC;Wellenkupplung Messing starr Ø3.17 auf Ø4mm;;1,95;Y;51;41;0;10;20;9;9;Y;Y;N;0,01;2;0,9;0,9;8483608090
667;N018-05;4283230144522;V025-TSC;Wellenkupplung Messing starr Ø3.17 auf Ø3.17mm;;1,95;Y;65;19;0;10;20;9;9;Y;Y;N;0,01;2;0,9;0,9;8483608090
666;A024-01;4283230893321;V025-TSC;Wellenkupplung Messing starr Ø3 auf Ø6mm;;1,95;Y;51;39;0;10;20;9;9;Y;Y;N;0,01;2;0,9;0,9;8483608090
665;N015-04;4283230141521;V025-TSC;Wellenkupplung Messing starr Ø3 auf Ø5mm;;1,95;Y;26;28;0;10;20;9;9;Y;Y;N;0,01;2;0,9;0,9;8483608090
664;N014-05;4283230140623;V025-TSC;Wellenkupplung Messing starr Ø3 auf Ø4mm;;1,95;Y;34;31;0;10;20;9;9;Y;Y;N;0,01;2;0,9;0,9;8483608090
663;F015-07;4283230029027;V025-TSC;Wellenkupplung Messing starr Ø3 auf Ø3.17mm;;1,95;Y;79;70;0;10;20;2;9;Y;Y;N;0,01;2;0,2;0,9;8483608090
662;A024-04;4283230893628;V025-TSC;Wellenkupplung Messing starr Ø3 auf Ø3mm;;1,95;Y;72;51;0;10;20;9;9;Y;Y;N;0,01;2;0,9;0,9;8483608090
660;N013-05;4283230139320;V025-TSC;Wellenkupplung Messing starr Ø2.3 auf Ø5mm;;2,44;Y;20;6;0;10;20;9;9;Y;Y;N;0,01;2;0,9;0,9;8483608090
659;A029-02;4283230898821;V025-TSC;Wellenkupplung Messing starr Ø2.3 auf Ø4mm;;1,95;Y;37;33;0;10;20;9;9;Y;Y;N;0,01;2;0,9;0,9;8483608090
658;N015-03;4283230141422;V025-TSC;Wellenkupplung Messing starr Ø2.3 auf Ø3.17mm;;1,95;Y;27;10;0;10;20;9;9;Y;Y;N;0,01;2;0,9;0,9;8483608090
657;F012-02;4283230024527;V025-TSC;Wellenkupplung Messing starr Ø2.3 auf Ø3mm;;1,95;Y;31;26;0;10;20;9;9;Y;Y;N;0,01;2;0,9;0,9;8483608090
656;N015-02;4283230141323;V025-TSC;Wellenkupplung Messing starr Ø2.3 auf Ø2.3mm;;2,27;Y;54;10;0;10;20;9;9;Y;Y;N;0,01;2;0,9;0,9;8483608090
655;N013-01;4283230138927;V025-TSC;Wellenkupplung Messing starr Ø2 auf Ø6mm;;1,95;Y;79;0;0;10;20;9;9;Y;Y;N;0,01;2;0,9;0,9;8483608090
654;N018-04;4283230144423;V025-TSC;Wellenkupplung Messing starr Ø2 auf Ø5mm;;1,95;Y;19;12;0;10;20;9;9;Y;Y;N;0,01;2;0,9;0,9;8483608090
653;A022-10;4283230891525;V025-TSC;Wellenkupplung Messing starr Ø2 auf Ø4mm;;1,95;Y;50;34;0;10;20;9;9;Y;Y;N;0,01;2;0,9;0,9;8483608090
652;B013-08;4283230919922;V025-TSC;Wellenkupplung Messing starr Ø2 auf Ø3.17mm;;1,95;Y;35;11;0;10;20;9;9;Y;Y;N;0,01;2;0,9;0,9;8483608090
651;A022-06;4283230891129;V025-TSC;Wellenkupplung Messing starr Ø2 auf Ø3mm;;1,95;Y;43;31;0;10;20;9;9;Y;Y;N;0,01;2;0,9;0,9;8483608090
650;A024-10;4283230894229;V025-TSC;Wellenkupplung Messing starr Ø2 auf Ø2.3mm;;1,95;Y;18;16;0;10;20;9;9;Y;Y;N;0,01;2;0,9;0,9;8483608090
649;N015-06;4283230141729;V025-TSC;Wellenkupplung Messing starr Ø2 auf Ø2mm;;1,95;Y;43;40;0;10;20;9;9;Y;Y;N;0,01;2;0,9;0,9;8483608090
631;C011-02;4283230958426;V013-TES;Industrieschalter LA38 DREH 2 Schaltzustände, RASTEND, 1 Schließer + 1 Öffner;;2,87;Y;32;0;0;50;69;37;30;Y;N;N;0,05;6,9;3,7;3;8536500700
629;G014-07;4283230050625;V041-TES;Mikroschalter V-15-1B5S Basismodell Schrauben + Hebel;;1,92;Y;38;0;0;10;34;30;20;Y;Y;N;0,01;3,4;3;2;8536500700
628;N005-03;4283230134622;V041-TES;Mikroschalter V-15-1B5 Basismodell Schrauben;;1,92;Y;44;4;0;10;35;26;10;Y;Y;N;0,01;3,5;2,6;1;8536500700
627;E029-06;4283230005120;V041-TES;Mikroschalter KW9-156-1C25 Rollenhebel lang Metall Rolle;;1,82;Y;37;35;0;10;48;30;10;Y;Y;N;0,01;4,8;3;1;8536500700
626;E005-02;4283230135025;V041-TES;Mikroschalter KW9-156-1C25 Rollenhebel lang Kunststoffrolle;;1,58;Y;69;47;0;10;49;29;10;Y;Y;N;0,01;4,9;2,9;1;8536500700
625;N006-03;4283230135124;V041-TES;Mikroschalter KW9-155-1C25 Rollenhebel kurz Kunststoffrolle;;1,5;Y;53;41;0;10;37;27;10;Y;Y;N;0,01;3,7;2,7;1;8536500700
624;E029-05;4283230004925;V041-TES;Mikroschalter V15-1C25 Basismodell;;1,29;Y;69;27;0;10;37;23;10;Y;Y;N;0,01;3,7;2,3;1;8536500700
623;N005-04;4283230134721;V041-TES;Mikroschalter KW9-151-1C25 Hebel kurz;;1,44;Y;47;20;0;10;37;23;10;Y;Y;N;0,01;3,7;2,3;1;8536500700
622;J026-05;4283230110121;V041-TES;Mikroschalter KW9-152-1C25 Hebel mittel;;1,44;Y;46;33;0;10;49;19;10;Y;Y;N;0,01;4,9;1,9;1;8536500700
621;E011-10;4283230135421;V041-TES;Mikroschalter KW9-153-1C25 Hebel lang;;1,44;Y;114;60;0;10;73;23;10;Y;Y;N;0,01;7,3;2,3;1;8536500700
620;E004-01;4283230135223;V041-TES;Mikroschalter KW9-154-1C25 Hebel gebogen;;1,58;Y;71;44;0;10;47;22;9,5;Y;Y;N;0,01;4,7;2,2;0,95;8536500700
618;4,28323E+12;4283230070623;;Kreismesser Classic 80U glatt passend für CEYLAN, DOST 080, POTIS, Edelstahl rostfrei;"ABVERKAUF
Verpackung ist altes blau mit Premium Beschriftung, ist aber 1.4116 Material";10;Y;0;0;0;50;0;0;0;N;N;N;0,05;0;0;0;8208300000
499;J026-09;4283230110527;V056-TES;Industrielle Signalleuchte, Einbau Ø16mm, 220-240Vac, grün;;1,61;Y;27;0;0;10;45;19;19;Y;N;N;0,01;4,5;1,9;1,9;8536500700
498;TES-4283230187123;4283230187123;V056-TES;Industrielle Signalleuchte, Einbau Ø16mm, 220-240Vac, gelb;;1,61;Y;0;0;0;10;45;19;19;N;N;N;0,01;4,5;1,9;1,9;8536500700
497;TES-4283230961327;4283230961327;V056-TES;Industrielle Signalleuchte, Einbau Ø16mm, 220-240Vac, rot;;1,61;Y;0;0;0;10;45;19;19;N;N;N;0,01;4,5;1,9;1,9;8536500700
496;TES-4283230107527;4283230107527;V056-TES;Industrielle Signalleuchte, Einbau Ø16mm, 24Vac/dc, grün;;1,65;Y;0;0;0;10;45;19;19;N;N;N;0,01;4,5;1,9;1,9;8536500700
495;TES-4283230187222;4283230187222;V056-TES;Industrielle Signalleuchte, Einbau Ø16mm, 24Vac/dc, gelb;;1,65;Y;0;0;0;10;45;19;19;N;N;N;0,01;4,5;1,9;1,9;8536500700
494;H016-05;4283230011220;V056-TES;Industrielle Signalleuchte, Einbau Ø16mm, 24Vac/dc, rot;;1,65;Y;55;0;0;10;45;19;19;Y;N;N;0,01;4,5;1,9;1,9;8536500700
493;F006-11;4283230018625;V056-TES;Industrielle Signalleuchte, Einbau Ø16mm, 12Vac/dc, grün;;1,56;Y;7;0;0;10;45;19;19;Y;N;N;0,01;4,5;1,9;1,9;8536500700
492;Q001-03;4283230187321;V056-TES;Industrielle Signalleuchte, Einbau Ø16mm, 12Vac/dc, gelb;;1,65;Y;42;0;0;10;45;19;19;Y;N;N;0,01;4,5;1,9;1,9;8536500700
491;G018-07;4283230005328;V056-TES;Industrielle Signalleuchte, Einbau Ø16mm, 12Vac/dc, rot;;1,61;Y;10;0;0;10;45;19;19;Y;N;N;0,01;4,5;1,9;1,9;8536500700
489;I021-04;4283230074027;V006-TEW;Schleppkette Energiekette geschlossen, minimaler Biegeradius R56, Innen 25x57mm;;18,92;Y;267;31;0;1040;270;230;80;Y;Y;N;1,1;27;23;8;8487909090
488;I025-04;4283230073723;V006-TEW;Schleppkette Energiekette geschlossen, minimaler Biegeradius R56, Innen 25x38mm;;17,03;Y;78;59;0;1100;250;230;60;Y;Y;N;1,4;25;23;6;8487909090
480;I008-02;4283230070029;;Kreismesser  - 1.4116 - 100T - glatt - GT Classic - B05 - GT;;12;Y;0;356;0;80;0;0;0;Y;N;N;0,08;0;0;0;8208300000
474;0012-0044;4283230266026;;Diamant-Schärfwerkzeug Handschleifer roter Griff, 10mm Feilenbreite, K011111;;2,16;N;0;0;0;0;0;0;0;Y;N;N;0;0;0;0;6804300000
473;0012-0009;4283230299529;;Schraubenzieher klein ohne Spitze mit Ceylan Logo;;0,19;N;0;0;0;0;0;0;0;Y;N;N;0;0;0;0;8205400000
470;I012-01;4283230070722;;Kreismesser  - 1.4116 - 120T - glatt - GT Classic - B05 - GT;;14;Y;1354;1504;0;120;0;0;0;Y;N;N;0,12;0;0;0;8208300000
466;TLE-4283230166029;4283230166029;;LED RGBW IR Controller Fernbedienung;;7,55;Y;0;0;0;0;0;0;0;N;N;N;0;0;0;0;8536500500
465;TLE-4283230953926;4283230953926;V177-TLE;LED Streifen RGB 5 Meter Schwarze PCB-12V;;5,51;Y;0;0;0;210;180;180;12;N;N;N;0,22;18;18;1,2;9405423170
464;TLE-4283230959027;4283230959027;V177-TLE;LED Streifen RGB 5 Meter Weiße PCB-24V;;6,09;Y;0;0;0;210;200;200;12;N;N;N;0,22;20;20;1,2;9405423170
463;TLE-4283230957825;4283230957825;V177-TLE;LED Streifen RGB 5 Meter Weiße PCB-12V;;5,1;Y;0;0;0;210;170;190;12;N;N;N;0,22;17;19;1,2;9405423170
459;TLE-4283230952622;4283230952622;V180-TLE;LED Streifen RGBW kaltweiß 6000K, Menge 5m;;6,35;Y;0;0;0;170;90;90;12;N;N;N;0,18;9;9;1,2;9405423170
458;TLE-4283230958723;4283230958723;V180-TLE;LED Streifen RGBW warmweiß 3000K, Menge 5m;;6,54;Y;0;0;0;180;200;200;12;N;N;N;0,19;20;20;1,2;9405423170
456;M008-10;4283230128423;V031-TMT;Motorhalterung L-Montage für 42er Schrittmotor NEMA 17, Alu Blau;;5,54;Y;6;0;0;20;52;52;38;Y;N;N;0,02;5,2;5,2;3,8;8466102000
455;M010-10;4283230131621;V142-TLE;LED Controller RGB DC Stecker;;2,18;Y;199;0;0;10;64,5;15;11,5;Y;N;N;0,01;6,45;1,5;1,15;8536500700
454;J018-07;4283230101426;V142-TLE;LED Controller RGB offenes Kabel;;2,09;Y;63;0;0;0;54,5;12,6;5,5;Y;N;N;0;5,45;1,26;0,55;8536500700
452;M006-09;4283230126221;V129-TLE;LED Amplifier DC / Kabel Mini Verstärker - DC;;2,73;Y;40;0;0;10;84;21;12;Y;N;N;0,01;8,4;2,1;1,2;8536500700
451;A028-04;4283230898128;V129-TLE;LED Amplifier DC / Kabel Mini Verstärker - Kabel;;2,48;Y;7;0;0;0;65;16;5,5;Y;N;N;0;6,5;1,6;0,55;8536500700
420;S001-02;4283230194923;V031-TMT;Motorhalterung L-Montage für 86er Schrittmotor NEMA 34, Stahl 6mm;;11,18;Y;13;11;0;610;140;100;70;Y;Y;N;0,64;14;10;7;8466102000
419;S001-01;4283230194824;V031-TMT;Motorhalterung L-Montage für 57er Schrittmotor NEMA 23, Stahl 3mm;;4,23;Y;82;85;0;170;100;65;48;Y;Y;N;0,18;10;6,5;4,8;8466102000
418;S002-01;4283230195722;V031-TMT;Motorhalterung L-Montage für 42er Schrittmotor NEMA 17, Stahl 3mm;;3,2;Y;110;95;0;90;70;50;35;Y;Y;N;0,1;7;5;3,5;8466102000
416;J023-03;4283230107022;V014-TSC;Wellenkupplung Alu flex D19L25 Ø6 auf Ø7mm;;3,52;Y;67;9;0;20;25;19;19;Y;Y;N;0,02;2,5;1,9;1,9;8483608090
415;N010-03;4283230137524;V014-TSC;Wellenkupplung Alu flex D19L25 Ø5 auf Ø7mm;;3,52;Y;20;6;0;20;25;19;19;Y;Y;N;0,02;2,5;1,9;1,9;8483608090
411;TLE-4283230004727;4283230004727;V268-TLE;Einfarbig LED Touch Controller Wandinstallation Schwarz;;6,71;Y;0;0;0;170;115;110;53;N;N;N;0,18;11,5;11;5,3;8538909189
410;E028-10;4283230004628;V268-TLE;Einfarbig LED Touch Controller Wandinstallation Weiß;;6,71;Y;1;0;0;170;115;110;53;N;N;N;0,18;11,5;11;5,3;8538909189
407;TSC-4283230138422;4283230138422;;Wellenkupplung Alu starr D14L25 8 auf 10mm - hellblau;;2,54;Y;0;0;0;10;25;14;14;Y;Y;N;0,01;2,5;1,4;1,4;8483608090
406;TSC-4283230136923;4283230136923;;Wellenkupplung Alu starr D14L25 6.35 auf 10mm - hellblau;;2,54;Y;0;0;0;10;25;14;14;Y;Y;N;0,01;2,5;1,4;1,4;8483608090
405;TSC-4283230137821;4283230137821;;Wellenkupplung Alu starr D14L25 6 auf 10mm - hellblau;;2,54;Y;0;0;0;10;25;14;14;Y;Y;N;0,01;2,5;1,4;1,4;8483608090
404;TSC-4283230926326;4283230926326;;Wellenkupplung Alu starr D14L25 5 auf 8mm - hellblau;;2,54;Y;0;0;0;10;25;14;14;Y;Y;N;0,01;2,5;1,4;1,4;8483608090
403;N011-05;4283230138026;V030-TSC;Wellenkupplung starr Alu D14L25 Ø3.175 auf Ø6mm - Rot;;2,82;Y;9;6;0;10;25;14;14;Y;N;N;0,01;2,5;1,4;1,4;8483608090
402;E010-06;4283230137920;V030-TSC;Wellenkupplung starr Alu D14L25 Ø8 auf Ø8mm;;2,54;Y;119;81;0;10;25;14;14;Y;N;N;0,01;2,5;1,4;1,4;8483608090
401;B016-06;4283230922823;V030-TSC;Wellenkupplung starr Alu D14L25 Ø6.35 auf Ø8mm;;2,33;Y;18;15;0;10;25;13,5;13,5;Y;N;N;0,01;2,5;1,35;1,35;8483608090
400;N012-01;4283230138323;V030-TSC;Wellenkupplung starr Alu D14L25 Ø6 auf Ø8mm;;2,54;Y;35;35;0;10;25;14;14;Y;N;N;0,01;2,5;1,4;1,4;8483608090
399;N009-04;4283230137128;V030-TSC;Wellenkupplung starr Alu D14L25 Ø6 auf Ø7mm;;2,54;Y;9;7;0;10;25;14;14;Y;N;N;0,01;2,5;1,4;1,4;8483608090
398;N010-04;4283230137623;V030-TSC;Wellenkupplung starr Alu D14L25 Ø6.35 auf Ø6.35mm;;2,54;Y;8;7;0;10;25;14;14;Y;N;N;0,01;2,5;1,4;1,4;8483608090
397;N012-04;4283230138521;V030-TSC;Wellenkupplung starr Alu D14L25 Ø6 auf Ø6mm;;2,33;Y;28;28;0;10;25;14;14;Y;N;N;0,01;2,5;1,4;1,4;8483608090
396;B016-02;4283230922526;V030-TSC;Wellenkupplung starr Alu D14L25 Ø5 auf Ø7mm;;2,54;Y;10;8;0;10;25;13;13;Y;N;N;0,01;2,5;1,3;1,3;8483608090
395;E008-04;4283230138620;V030-TSC;Wellenkupplung starr Alu D14L25 Ø5 auf Ø6.35mm;;2,54;Y;94;0;0;10;25;14;14;Y;N;N;0,01;2,5;1,4;1,4;8483608090
394;N010-02;4283230137425;V030-TSC;Wellenkupplung starr Alu D14L25 Ø5 auf Ø6mm;;2,54;Y;27;16;0;10;25;14;14;Y;N;N;0,01;2,5;1,4;1,4;8483608090
393;N008-01;4283230136220;V030-TSC;Wellenkupplung starr Alu D14L25 Ø4 auf Ø7mm;;2,54;Y;25;8;0;10;25;14;14;Y;N;N;0,01;2,5;1,4;1,4;8483608090
392;B010-03;4283230916723;V030-TSC;Wellenkupplung starr Alu D14L25 Ø4 auf Ø6mm;;2,54;Y;12;10;0;10;25;14;14;Y;N;N;0,01;2,5;1,4;1,4;8483608090
391;N011-06;4283230138125;V030-TSC;Wellenkupplung starr Alu D14L25 Ø4 auf Ø5mm;;2,54;Y;29;26;0;10;25;14;14;Y;N;N;0,01;2,5;1,4;1,4;8483608090
390;N012-06;4283230138828;V030-TSC;Wellenkupplung starr Alu D14L25 Ø3 auf Ø6mm;;2,54;Y;19;14;0;10;25;14;14;Y;N;N;0,01;2,5;1,4;1,4;8483608090
389;J016-06;4283230099426;V002-TMT;Zahnriemen 2GT-1524-6;;7,72;Y;11;0;0;20;90;60;6;Y;Y;N;0,02;9;6;0,6;4010390090
388;M006-06;4283230126023;V002-TMT;Zahnriemen 2GT-1360-6;;7,15;Y;49;5;0;10;57;44;6;Y;Y;N;0,01;5,7;4,4;0,6;4010390090
387;J007-04;4283230090027;V002-TMT;Zahnriemen 2GT-1220-6;;6,23;Y;29;0;0;10;60;50;6;Y;Y;N;0,01;6;5;0,6;4010390090
386;M005-10;4283230125422;V002-TMT;Zahnriemen 2GT-976-6;;5,68;Y;53;0;0;10;44;40;6;Y;Y;N;0,01;4,4;4;0,6;4010390090
385;M007-04;4283230127020;V002-TMT;Zahnriemen 2GT-860-6;;5,17;Y;0;0;0;10;40;33,5;6;Y;Y;N;0,01;4;3,35;0,6;4010390090
384;F016-05;4283230029621;V002-TMT;Zahnriemen 2GT-760-6;;4,42;Y;39;13;0;10;49;35;6;Y;Y;N;0,01;4,9;3,5;0,6;4010390090
383;H005-09;4283230058027;V002-TMT;Zahnriemen 2GT-550-6;;4,21;Y;0;0;0;10;50;30;6;Y;Y;N;0,01;5;3;0,6;4010390090
382;H010-06;4283230061522;V002-TMT;Zahnriemen 2GT-500-6;;3,32;Y;99;70;0;10;45;30,5;6;Y;Y;N;0,01;4,5;3,05;0,6;4010390090
381;F011-08;4283230024022;V002-TMT;Zahnriemen 2GT-450-6;;3,79;Y;38;6;0;10;34,5;39;6;Y;Y;N;0,01;3,45;3,9;0,6;4010390090
380;F004-01;4283230015020;V002-TMT;Zahnriemen 2GT-400-6;;3,22;Y;13;14;0;10;60;35;6;Y;Y;N;0,01;6;3,5;0,6;4010390090
379;F024-03;4283230038326;V002-TMT;Zahnriemen 2GT-350-6;;3;Y;34;0;0;10;42;30,5;6;Y;Y;N;0,01;4,2;3,05;0,6;4010390090
378;J025-11;4283230109729;V002-TMT;Zahnriemen 2GT-320-6;;2,83;Y;23;18;0;10;30;23;6;Y;Y;N;0,01;3;2,3;0,6;4010390090
377;M005-09;4283230125323;V054-TES;Endschalter XCK-MR202 - Zugring;;14,34;Y;11;10;0;190;150;66;32;Y;Y;N;0,2;15;6,6;3,2;8536500700
376;D009-07;4283230971029;V054-TES;Endschalter XCK-M155 - einstellbarer Hebel;;12,38;Y;3;0;0;220;150;70;35;Y;Y;N;0,24;15;7;3,5;8536500700
375;Q003-03;4283230188120;V054-TES;Endschalter XCK-M145 - einstellbarer Rollenhebel;;12,42;Y;14;10;0;240;150;70;35;Y;Y;N;0,26;15;7;3,5;8536500700
374;Q004-01;4283230188229;V054-TES;Endschalter XCK-M121 - Rollentaster;;12,38;Y;24;20;0;230;150;70;35;Y;Y;N;0,24;15;7;3,5;8536500700
373;Q004-03;4283230188427;V054-TES;Endschalter XCK-M115 - Rollenhebel;;12,38;Y;15;9;0;230;150;70;35;Y;Y;N;0,24;15;7;3,5;8536500700
372;Q003-02;4283230188021;V054-TES;Endschalter XCK-M110 - Drucktaster;;12,32;Y;12;12;0;190;150;70;35;Y;Y;N;0,19;15;7;3,5;8536500700
371;Q003-01;4283230187826;V054-TES;Endschalter XCK-M108 - Hebel;;12,31;Y;15;6;0;190;150;72;32;Y;Y;N;0,2;15;7,2;3,2;8536500700
370;H013-07;4283230063120;V054-TES;Endschalter XCK-M106 - Federhebel;;12,3;Y;13;10;0;180;149;68;32;Y;Y;N;0,19;14,9;6,8;3,2;8536500700
369;Q004-02;4283230188328;V054-TES;Endschalter XCK-M102 - Rollendrucktaster;;12,33;Y;18;10;0;200;150;70;35;Y;Y;N;0,21;15;7;3,5;8536500700
367;Q006-03;4283230189028;V019-TES;Endschalter XCK-P145 - einstellbarer Rollenhebel;;7;Y;131;104;0;90;125;50;30;Y;Y;N;0,1;12,5;5;3;8536500700
366;Q006-02;4283230188922;V019-TES;Endschalter XCK-P121 - Rollendrucktaster;;6,52;Y;132;122;0;70;125;50;30;Y;Y;N;0,07;12,5;5;3;8536500700
365;Q005-03;4283230188724;V019-TES;Endschalter XCK-P118 - Rollenhebel;;7;Y;114;138;0;80;125;50;30;Y;Y;N;0,09;12,5;5;3;8536500700
364;Q005-02;4283230188625;V019-TES;Endschalter XCK-P110 - Drucktaster;;6,52;Y;55;36;0;60;125;50;30;Y;Y;N;0,06;12,5;5;3;8536500700
363;Q006-01;4283230188823;V019-TES;Endschalter XCK-P102 - Rollendrucktaster;;6,52;Y;43;42;0;70;125;50;30;Y;Y;N;0,07;12,5;5;3;8536500700
361;I036-04;4283230077820;V006-TEW;Schleppkette Energiekette im Innenradius zu öffnen, minimaler Biegeradius R38, Innen 18x50mm;;10,1;Y;32;42;0;490;200;185;62;Y;Y;N;0,52;20;18,5;6,2;8487909090
360;I029-04;4283230075123;V006-TEW;Schleppkette Energiekette im Innenradius zu öffnen, minimaler Biegeradius R38, Innen 18x37mm;;9,83;Y;54;64;0;420;225;170;50;Y;Y;N;0,44;22,5;17;5;8487909090
359;I028-04;4283230074720;V006-TEW;Schleppkette Energiekette im Innenradius zu öffnen, minimaler Biegeradius R38, Innen 18x25mm;;9,1;Y;37;32;0;360;210,5;160;35,5;Y;Y;N;0,38;21,05;16;3,55;8487909090
357;I032-04;4283230076427;V006-TEW;Schleppkette Energiekette OFFEN, minimaler Biegeradius R28, Innen 15x40mm;;9,23;Y;34;23;0;360;180;150;49;Y;Y;N;0,38;18;15;4,9;8487909090
356;I035-03;4283230077325;V006-TEW;Schleppkette Energiekette OFFEN, minimaler Biegeradius R18, Innen 10x10mm;;9,14;Y;47;50;0;180;160;130;20;Y;Y;N;0,19;16;13;2;8487909090
354;N024-01;4283230145727;V118-TMT;Zahnriemenscheibe 2GT Doppel GT2-20H-B8-9;;4,32;Y;41;22;0;10;28;16;16;Y;Y;N;0,01;2,8;1,6;1,6;8483508090
353;N023-02;4283230145628;V118-TMT;Zahnriemenscheibe 2GT Doppel GT2-20H-B5-9;;4,2;Y;21;14;0;10;28;16;16;Y;Y;N;0,01;2,8;1,6;1,6;8483508090
351;N016-02;4283230141927;V007-TMT;Zahnriemenscheibe 2GT-20K-B6.35-6: Zähne 20, Typ K, Bohrung 6.35mm, Riemenbreite 6mm;;1,82;Y;119;25;0;10;16;16;16;Y;Y;N;0,01;1,6;1,6;1,6;8483508090
350;J003-06;4283230143921;V007-TMT;Zahnriemenscheibe 2GT-20K-B6-6: Zähne 20, Typ K, Bohrung 6mm, Riemenbreite 6mm;;1,82;Y;83;83;0;10;16;16;16;Y;Y;N;0,01;1,6;1,6;1,6;8483508090
349;N007-01;4283230135629;V014-TSC;Wellenkupplung Alu flex D19L25 Ø4 auf Ø10mm;;3,52;Y;16;8;0;20;25;19;19;Y;Y;N;0,02;2,5;1,9;1,9;8483608090
348;H016-08;4283230065322;V014-TSC;Wellenkupplung Alu flex D19L25 Ø4 auf Ø8mm;;3,52;Y;24;20;0;20;25;19;19;Y;Y;N;0,02;2,5;1,9;1,9;8483608090
347;N007-02;4283230135728;V014-TSC;Wellenkupplung Alu flex D19L25 Ø4 auf Ø6.35mm;;3,52;Y;38;0;0;20;25;19;19;Y;Y;N;0,02;2,5;1,9;1,9;8483608090
346;N007-03;4283230135926;V014-TSC;Wellenkupplung Alu flex D19L25 Ø4 auf Ø6mm;;3,52;Y;7;7;0;20;25;19;19;Y;Y;N;0,02;2,5;1,9;1,9;8483608090
345;E028-07;4283230136626;V014-TSC;Wellenkupplung Alu flex D19L25 Ø4 auf Ø5mm;;3,52;Y;62;48;0;20;25;19;19;Y;Y;N;0,02;2,5;1,9;1,9;8483608090
344;H014-05;4283230063823;V014-TSC;Wellenkupplung Alu flex D19L25 Ø3 auf Ø8mm;;3,5;Y;9;7;0;10;25;19;19;Y;Y;N;0,01;2,5;1,9;1,9;8483608090
343;N007-05;4283230136022;V014-TSC;Wellenkupplung Alu flex D19L25 Ø3 auf Ø6.35mm;;3,52;Y;0;7;0;20;25;19;19;Y;Y;N;0,02;2,5;1,9;1,9;8483608090
342;H015-04;4283230064424;V014-TSC;Wellenkupplung Alu flex D19L25 Ø3 auf Ø6mm;;3,52;Y;27;4;0;20;25;19;19;Y;Y;N;0,02;2,5;1,9;1,9;8483608090
341;N009-06;4283230137227;V014-TSC;Wellenkupplung Alu flex D19L25 Ø3 auf Ø5mm;;3,52;Y;18;13;0;20;25;19;19;Y;Y;N;0,02;2,5;1,9;1,9;8483608090
340;E002-06;4283230136121;V014-TSC;Wellenkupplung Alu flex D19L25 Ø3 auf Ø4mm;;3,52;Y;50;32;0;20;25;19;19;Y;Y;N;0,02;2,5;1,9;1,9;8483608090
339;E006-03;4283230901026;V014-TSC;Wellenkupplung Alu flex D19L25 Ø3 auf Ø3mm;;3,52;Y;32;9;0;20;25;18;18;Y;Y;N;0,02;2,5;1,8;1,8;8483608090
338;J008-05;4283230090928;V095-TMT;Zahnriemenspanner für 6mm Riemen (Groß);;1,98;Y;53;24;0;10;13;10;9;Y;Y;N;0,01;1,3;1;0,9;8487909090
270;4,28323E+12;4283230977724;;Plato 170 Mikroschere;;3,61;Y;0;0;0;60;130;85;13;N;N;N;0,06;13;8,5;1,3;8205510000
269;H007-06;4283230059628;V014-TSC;Wellenkupplung Alu flex D19L25 Ø8 auf Ø10mm;;3,5;Y;122;116;0;10;25;19;19;Y;Y;N;0,01;2,5;1,9;1,9;8483608090
268;F007-12;4283230019820;V014-TSC;Wellenkupplung Alu flex D19L25 Ø8 auf Ø8mm;;3,52;Y;104;66;0;20;25;19;19;Y;Y;N;0,02;2,5;1,9;1,9;8483608090
241;I004-03;4283230294425;V010-TES;Endschalter ME-9101;;4,32;Y;96;23;0;60;160;29;25;Y;Y;N;0,06;16;2,9;2,5;8536500700
240;T014-03;4283230296726;V047-TLE;LED Dimmer Alu;;10,28;Y;18;0;0;100;105;65;60;Y;N;N;0,1;10,5;6,5;6;8536500700
238;J012-07;4283230095121;V098-TLE;LED Dimmer mini, 12-24VDC5A, Kabel-Anschlüsse MD-BA01;;2,67;Y;8;0;0;10;75;22;4;Y;N;N;0,01;7,5;2,2;0,4;8536500700
237;M010-08;4283230131423;V098-TLE;LED Dimmer mini, 12-24VDC5A, DC-Anschlüsse MD-DC01;;4,37;Y;26;0;0;10;91,5;30,5;11;Y;N;N;0,01;9,15;3,05;1,1;8536500700
235;T009-03;4283230294722;V137-TLE;LED Dimmer Mini 12Vdc Schwarz;;4,15;Y;147;0;0;50;90,5;50,5;30,5;Y;N;N;0,05;9,05;5,05;3,05;8536500700
234;T011-03;4283230295521;V137-TLE;LED Dimmer Mini 12Vdc Weiß;;4,3;Y;95;0;0;50;120;40;40;Y;N;N;0,05;12;4;4;8536500700
231;TLE-4283230131126;4283230131126;;RGBW RGB+W LED Signal Verstärker Power Amplifier;;13,36;Y;0;0;0;110;118;70;34;N;N;N;0,11;11,8;7;3,4;8538909189
228;T013-03;4283230296320;V047-TLE;LED Dimmer Kunststoff Schwarz;;6,04;Y;7;0;0;70;97;70;60;Y;N;N;0,08;9,7;7;6;8536500700
226;T015-03;4283230297129;V047-TLE;LED Dimmer Kunststoff;;4,67;Y;83;0;0;70;105;60;60;Y;N;N;0,07;10,5;6;6;8536500700
216;F008-12;4283230020826;V030-TSC;Wellenkupplung starr Alu D14L25 Ø5 auf Ø8mm;;2,54;Y;109;78;0;10;25;14;14;Y;N;N;0,01;2,5;1,4;1,4;8483608090
215;E023-11;4283230999726;V030-TSC;Wellenkupplung starr Alu D14L25 Ø5 auf Ø5mm;;2,54;Y;38;35;0;10;25;14;14;Y;N;N;0,01;2,5;1,4;1,4;8483608090
212;H003-07;4283230055620;V007-TMT;Zahnriemenscheibe 2GT-20K-B8-6: Zähne 20, Typ K, Bohrung 8mm, Riemenbreite 6mm;;1,82;Y;224;106;0;10;16;16;16;Y;Y;N;0,01;1,6;1,6;1,6;8483508090
211;H002-08;4283230054722;V007-TMT;Zahnriemenscheibe 2GT-20K-B5-6: Zähne 20, Typ K, Bohrung 5mm, Riemenbreite 6mm;;1,82;Y;146;108;0;10;16;16;16;Y;Y;N;0,01;1,6;1,6;1,6;8483508090
210;E018-06;4283230145420;V007-TMT;Zahnriemenscheibe 2GT-16K-B5-6: Zähne 16, Typ K, Bohrung 5mm, Riemenbreite 6mm;;1,82;Y;182;112;0;10;14;13;13;Y;Y;N;0,01;1,4;1,3;1,3;8483508090
208;H004-09;4283230057020;V002-TMT;Zahnriemen 2GT-610-6;;3,95;Y;17;0;0;10;50;30;6;Y;Y;N;0,01;5;3;0,6;4010390090
207;F010-10;4283230022929;V002-TMT;Zahnriemen 2GT-280-6;;2,49;Y;12;14;0;10;50;39;6;Y;Y;N;0,01;5;3,9;0,6;4010390090
206;R001-14;4283230190628;V002-TMT;Zahnriemen 2GT-260-6;;2,32;Y;43;34;0;10;56;40;6;Y;Y;N;0,01;5,6;4;0,6;4010390090
205;F009-04;4283230020925;V002-TMT;Zahnriemen 2GT-232-6;;2,49;Y;16;9;0;10;50;37;6;Y;Y;N;0,01;5;3,7;0,6;4010390090
204;H002-04;4283230054425;V002-TMT;Zahnriemen 2GT-200-6;;2,04;Y;63;54;0;10;50;35;6;Y;Y;N;0,01;5;3,5;0,6;4010390090
203;M008-09;4283230128225;V002-TMT;Zahnriemen 2GT-180-6;;1,99;Y;0;31;0;10;58;50;6;Y;Y;N;0,01;5,8;5;0,6;4010390090
202;M006-12;4283230126528;V002-TMT;Zahnriemen 2GT-158-6;;1,99;Y;49;7;0;10;58;50;6;Y;Y;N;0,01;5,8;5;0,6;4010390090
201;H012-05;4283230040725;V002-TMT;Zahnriemen 2GT-140-6;;1,99;Y;42;43;0;10;47;40;6;Y;Y;N;0,01;4,7;4;0,6;4010390090
200;M007-10;4283230127228;V002-TMT;Zahnriemen 2GT-122-6;;2,16;Y;106;0;0;10;39;39;6;Y;Y;N;0,01;3,9;3,9;0,6;4010390090
198;I032-03;4283230076328;V006-TEW;Schleppkette Energiekette OFFEN, minimaler Biegeradius R28, Innen 15x30mm;;8,99;Y;45;38;0;300;190;150;38,5;Y;Y;N;0,32;19;15;3,85;8487909090
196;I034-03;4283230077127;V006-TEW;Schleppkette Energiekette OFFEN, minimaler Biegeradius R18, Innen 10x20mm;;7,81;Y;55;50;0;180;165;135;27;Y;Y;N;0,19;16,5;13,5;2,7;8487909090
193;TEW-4283230303127;4283230303127;V006-TEW;Schleppkette Energiekette OFFEN, minimaler Biegeradius R18, Innen 8x8mm;;7,46;Y;0;0;0;90;150;115;15;Y;Y;N;0,1;15;11,5;1,5;8487909090
187;0012-0002;4283230068828;;Schleifstein für Kreismesser schwarz;;2;Y;1000;0;0;30;125;25;6;Y;N;N;0,03;12,5;2,5;0,6;6804300000
175;E002-11;4283230905529;V014-TSC;Wellenkupplung Alu flex D19L25 Ø10 auf Ø10mm;;3,5;Y;51;42;0;10;25;19;19;Y;Y;N;0,01;2,5;1,9;1,9;8483608090
174;H009-06;4283230061027;V014-TSC;Wellenkupplung Alu flex D19L25 Ø6.35 auf Ø10mm;;3,52;Y;42;38;0;20;25;19;19;Y;Y;N;0,02;2,5;1,9;1,9;8483608090
173;H010-04;4283230108029;V014-TSC;Wellenkupplung Alu flex D19L25 Ø6.35 auf Ø8mm;;3,52;Y;49;35;0;20;25;19;19;Y;Y;N;0,02;2,5;1,9;1,9;8483608090
172;H005-03;4283230057426;V014-TSC;Wellenkupplung Alu flex D19L25 Ø6.35 auf Ø6.35mm;;3,52;Y;40;14;0;20;25;19;19;Y;Y;N;0,02;2,5;1,9;1,9;8483608090
171;H005-10;4283230058126;V014-TSC;Wellenkupplung Alu flex D19L25 Ø6 auf Ø10mm;;3,5;Y;47;39;0;10;25;19;19;Y;Y;N;0,01;2,5;1,9;1,9;8483608090
170;H009-09;4283230061324;V014-TSC;Wellenkupplung Alu flex D19L25 Ø6 auf Ø8mm;;3,52;Y;120;87;0;20;25;19;19;Y;Y;N;0,02;2,5;1,9;1,9;8483608090
169;N009-01;4283230136824;V014-TSC;Wellenkupplung Alu flex D19L25 Ø6 auf Ø6.35mm;;3,52;Y;25;21;0;20;25;19;19;Y;Y;N;0,02;2,5;1,9;1,9;8483608090
168;G014-03;4283230107121;V014-TSC;Wellenkupplung Alu flex D19L25 Ø6 auf Ø6mm;;3,52;Y;79;50;0;20;25;19;19;Y;Y;N;0,02;2,5;1,9;1,9;8483608090
167;H012-06;4283230062628;V014-TSC;Wellenkupplung Alu flex D19L25 Ø5 auf Ø10mm;;3,52;Y;74;57;0;20;25;19;19;Y;Y;N;0,02;2,5;1,9;1,9;8483608090
166;D018-08;4283230977823;V014-TSC;Wellenkupplung Alu flex D19L25 Ø5 auf Ø8mm;;3,52;Y;186;146;0;20;25;19;19;Y;Y;N;0,02;2,5;1,9;1,9;8483608090
165;H016-06;4283230065124;V014-TSC;Wellenkupplung Alu flex D19L25 Ø5 auf Ø6.35mm;;3,52;Y;34;9;0;20;25;19;19;Y;Y;N;0,02;2,5;1,9;1,9;8483608090
164;H001-07;4283230053824;V014-TSC;Wellenkupplung Alu flex D19L25 Ø5 auf Ø6mm;;3,52;Y;55;52;0;20;25;19;19;Y;Y;N;0,02;2,5;1,9;1,9;8483608090
163;H003-08;4283230055729;V014-TSC;Wellenkupplung Alu flex D19L25 Ø5 auf Ø5mm;;3,52;Y;67;56;0;20;25;19;19;Y;Y;N;0,02;2,5;1,9;1,9;8483608090
162;E007-01;4283230903921;V014-TSC;Wellenkupplung Alu flex D19L25 Ø4 auf Ø4mm;;3,52;Y;69;35;0;20;25;19;19;Y;Y;N;0,02;2,5;1,9;1,9;8483608090
160;D001-03;4283230964328;V022-TMT;Flanschlager KFL004;;4,77;Y;41;22;0;120;90;54;23;Y;Y;N;0,13;9;5,4;2,3;8483902090
159;H004-02;4283230056320;V022-TMT;Flanschlager KFL003;;4,03;Y;12;4;0;80;70,5;45,5;18;Y;Y;N;0,08;7,05;4,55;1,8;8483902090
158;H007-02;4283230059321;V022-TMT;Flanschlager KFL002;;3,61;Y;9;13;0;60;65,5;40;18,5;Y;Y;N;0,06;6,55;4;1,85;8483902090
157;H003-02;4283230055125;V022-TMT;Flanschlager KFL001;check mounting holes, production residues;3,25;Y;38;37;0;40;62,5;38;17;Y;Y;N;0,04;6,25;3,8;1,7;8483902090
156;D010-08;4283230054227;V022-TMT;Flanschlager KFL000;;3,19;Y;80;79;0;40;60;35,5;16;Y;Y;N;0,04;6;3,55;1,6;8483902090
155;H006-02;4283230058324;V022-TMT;Flanschlager KFL08;check mounting holes, production residues on bottom side;2,89;Y;134;122;0;30;47,5;26;11,5;Y;Y;N;0,03;4,75;2,6;1,15;8483902090
154;K001-03;4283230954527;V022-TMT;Stehlager KP004;;5,02;Y;45;34;0;140;100;55;23;Y;Y;N;0,15;10;5,5;2,3;8483902090
153;D001-09;4283230964922;V022-TMT;Stehlager KP003;;4,48;Y;65;10;0;90;85;47;19;Y;Y;N;0,09;8,5;4,7;1,9;8483902090
152;C010-09;4283230958228;V022-TMT;Stehlager KP002;;4,32;Y;32;23;0;140;89;70;18;Y;Y;N;0,15;8,9;7;1,8;8483902090
151;C011-09;4283230958921;V022-TMT;Stehlager KP001;;3,37;Y;29;45;0;50;71;39;17;Y;Y;N;0,05;7,1;3,9;1,7;8483902090
150;C012-09;4283230959621;V022-TMT;Stehlager KP000;;3,25;Y;91;64;0;40;67;35;17;Y;Y;N;0,04;6,7;3,5;1,7;8483902090
149;C007-09;4283230956224;V022-TMT;Stehlager KP08;;3,19;Y;157;130;0;40;55;12,5;29;Y;Y;N;0,04;5,5;1,25;2,9;8483902090
147;I010-02;4283230294029;V010-TES;Endschalter ME-8169;;4,33;Y;49;9;0;50;170,5;28,5;25;Y;Y;N;0,05;17,05;2,85;2,5;8536500700
146;I009-03;4283230293725;V010-TES;Endschalter ME-8166;;4,33;Y;18;9;0;50;170;29;25;Y;Y;N;0,05;17;2,9;2,5;8536500700
145;T003-02;4283230292520;V010-TES;Endschalter ME-8122;;4,3;Y;79;18;0;50;109,5;29;26;Y;Y;N;0,05;10,95;2,9;2,6;8536500700
144;I005-03;4283230293428;V010-TES;Endschalter ME-8112;;4,3;Y;75;47;0;50;108;29;25,5;Y;Y;N;0,05;10,8;2,9;2,55;8536500700
143;I008-03;4283230293022;V010-TES;Endschalter ME-8111;;4,3;Y;270;178;0;50;99,5;28,5;25,5;Y;Y;N;0,05;9,95;2,85;2,55;8536500700
142;T001-02;4283230291820;V010-TES;Endschalter ME-8108S;;4,78;Y;109;97;0;100;126;45;28;Y;Y;N;0,1;12,6;4,5;2,8;8536500700
141;I007-03;4283230292629;V010-TES;Endschalter ME-8108;;4,6;Y;216;134;0;80;122;50;28;Y;Y;N;0,08;12,2;5;2,8;8536500700
140;I006-03;4283230292322;V010-TES;Endschalter ME-8107;;4,57;Y;95;25;0;70;120;41;28,5;Y;Y;N;0,07;12;4,1;2,85;8536500700
139;T002-02;4283230292223;V010-TES;Endschalter ME-8104S;;4,76;Y;114;65;0;90;120,5;30,5;28;Y;Y;N;0,09;12,05;3,05;2,8;8536500700
138;I001-03;4283230291929;V010-TES;Endschalter ME-8104;;4,59;Y;127;126;0;70;126;45;29;Y;Y;N;0,07;12,6;4,5;2,9;8536500700
135;M003-05;4283230122926;V050-TMT;Linearlager Flanschlager LMH20;;7,39;Y;24;0;0;130;54;41;37,5;Y;Y;N;0,14;5,4;4,1;3,75;8483902090
134;L005-03;4283230115720;V050-TMT;Linearlager Flanschlager LMH16;;7,09;Y;9;5;0;100;37;48;34;Y;Y;N;0,1;3,7;4,8;3,4;8483902090
133;L009-01;4283230118226;V050-TMT;Linearlager Flanschlager LMH12;;5,57;Y;18;13;0;60;43;30;28;Y;Y;N;0,06;4,3;3;2,8;8483902090
132;M003-06;4283230123022;V050-TMT;Linearlager Flanschlager LMH10;;5,31;Y;36;0;0;50;40;29;26;Y;Y;N;0,05;4;2,9;2,6;8483902090
131;M003-07;4283230123121;V050-TMT;Linearlager Flanschlager LMH8;;4,43;Y;21;18;0;30;32;24;21;Y;Y;N;0,03;3,2;2,4;2,1;8483902090
130;B009-06;4283230916129;V050-TMT;Linearlager Flanschlager LMH6;;4,3;Y;11;7;0;20;28;18;20;Y;Y;N;0,02;2,8;1,8;2;8483902090
128;M004-04;4283230124029;V050-TMT;Linearlager Flanschlager Lang LMH20L;;9,99;Y;11;4;0;220;80;54;37,5;Y;Y;N;0,23;8;5,4;3,75;8483902090
127;C006-03;4283230954824;V050-TMT;Linearlager Flanschlager Lang LMH16L;;9,09;Y;13;4;0;160;76;40;39;Y;Y;N;0,17;7,6;4;3,9;8483902090
126;M004-01;4283230123725;V050-TMT;Linearlager Flanschlager Lang LMH12L;;7,54;Y;21;17;0;80;57;42;27;Y;Y;N;0,09;5,7;4,2;2,7;8483902090
125;M003-03;4283230122629;V050-TMT;Linearlager Flanschlager Lang LMH10L;;7,34;Y;80;10;0;80;55;40;26;Y;Y;N;0,08;5,5;4;2,6;8483902090
124;J016-04;4283230099327;V050-TMT;Linearlager Flanschlager Lang LMH8L;;6,44;Y;9;8;0;40;45;32;21;Y;Y;N;0,04;4,5;3,2;2,1;8483902090
123;M003-04;4283230122728;V050-TMT;Linearlager Flanschlager Lang LMH6L;;6,24;Y;24;0;0;20;30;28;18;Y;Y;N;0,03;3;2,8;1,8;8483902090
121;H006-06;4283230058829;V050-TMT;Linearlager Buchse LM20;;4,38;Y;27;11;0;80;42;32;32;Y;Y;N;0,09;4,2;3,2;3,2;8483902090
120;H005-06;4283230057723;V050-TMT;Linearlager Buchse LM16;;4,01;Y;13;7;0;70;37;28;28;Y;Y;N;0,07;3,7;2,8;2,8;8483902090
119;H004-06;4283230056726;V050-TMT;Linearlager Buchse LM12;;3,11;Y;67;34;0;30;30;21;21;Y;Y;N;0,03;3;2,1;2,1;8483902090
118;H003-06;4283230055521;V050-TMT;Linearlager Buchse LM10;;3,17;Y;43;28;0;20;29;19;19;Y;Y;N;0,03;2,9;1,9;1,9;8483902090
117;H002-06;4283230054623;V050-TMT;Linearlager Buchse LM8;;2,33;Y;45;39;0;10;24;15;15;Y;Y;N;0,01;2,4;1,5;1,5;8483902090
116;H001-06;4283230053725;V050-TMT;Linearlager Buchse LM6;;2,33;Y;19;10;0;10;19;12;12;Y;Y;N;0,01;1,9;1,2;1,2;8483902090
114;C009-02;4283230957023;V035-TMT;Mutternsitz für Kugelumlaufspindel SFU3205 3210 Mutternsitz Ø50mm DSG32H;;11,81;Y;6;0;0;310;9;6;4;Y;Y;N;0,32;0,9;0,6;0,4;8487909090
113;M001-02;4283230120724;V035-TMT;Mutternsitz für Kugelumlaufspindel SFU2505 2510 Mutternsitz Ø40mm DSG25H;;10,12;Y;25;16;0;180;70;50;40;Y;Y;N;0,19;7;5;4;8487909090
112;C004-06;4283230953421;V035-TMT;Mutternsitz für Kugelumlaufspindel SFU2005 2010 Mutternsitz Ø36mm DSG20H;;7,77;Y;47;34;0;160;63;41;44;Y;Y;N;0,17;6,3;4,1;4,4;8487909090
111;C012-07;4283230959423;V035-TMT;Mutternsitz für Kugelumlaufspindel SFU1605 1610 Mutternsitz Ø28mm DSG16H;;6,42;Y;72;65;0;140;52,5;40;40;Y;Y;N;0,14;5,25;4;4;8487909090
109;M002-03;4283230121622;V058-TMT;Wellenhalter SHF20;;3,98;Y;28;38;0;50;59;37;20;Y;Y;N;0,05;5,9;3,7;2;8466102000
108;M002-04;4283230121721;V058-TMT;Wellenhalter SHF16;;3,57;Y;16;18;0;30;49;31;16;Y;Y;N;0,03;4,9;3,1;1,6;8466102000
107;M002-05;4283230121820;V058-TMT;Wellenhalter SHF12;;3,19;Y;103;74;0;20;47;28;13;Y;Y;N;0,02;4,7;2,8;1,3;8466102000
106;M002-06;4283230121929;V058-TMT;Wellenhalter SHF10;;4,12;Y;11;14;0;20;43,5;24;10;Y;Y;N;0,02;4,35;2,4;1;8466102000
105;M001-03;4283230120823;V058-TMT;Wellenhalter SHF8;;2,72;Y;39;32;0;20;43;24;10;Y;Y;N;0,02;4,3;2,4;1;8466102000
103;M005-04;4283230125026;V045-TMT;Wellenhalter SK20;;3,65;Y;53;83;0;80;60;52;20;Y;Y;N;0,09;6;5,2;2;8466102000
102;M003-08;4283230123220;V045-TMT;Wellenhalter SK16;;2,67;Y;6;12;0;50;48;44;16;Y;Y;N;0,05;4,8;4,4;1,6;8466102000
101;M003-09;4283230123329;V045-TMT;Wellenhalter SK12;;2,35;Y;117;90;0;30;42;38;14;Y;Y;N;0,03;4,2;3,8;1,4;8466102000
100;M005-05;4283230125125;V045-TMT;Wellenhalter SK10;;2,12;Y;56;57;0;30;42;33;14;Y;Y;N;0,03;4,2;3,3;1,4;8466102000
99;M003-11;4283230123527;V045-TMT;Wellenhalter SK8;;2,08;Y;70;61;0;30;42;33;14;Y;Y;N;0,03;4,2;3,3;1,4;8466102000
97;R003-02;4283230192325;V067-TMT;Linearlager Schlitten SCS20;;9,53;Y;17;12;0;230;54;51;41;Y;Y;N;0,24;5,4;5,1;4,1;8483902090
96;M002-10;4283230122322;V067-TMT;Linearlager Schlitten SCS16;;8,56;Y;8;4;0;180;50;44;39;Y;Y;N;0,19;5;4,4;3,9;8483902090
95;L003-02;4283230113023;V067-TMT;Linearlager Schlitten SCS12;;6,19;Y;58;48;0;90;41;37;28;Y;Y;N;0,09;4,1;3,7;2,8;8483902090
94;M002-11;4283230122421;V067-TMT;Linearlager Schlitten SCS10;;5,89;Y;26;18;0;80;40;35;25;Y;Y;N;0,08;4;3,5;2,5;8483902090
93;M002-12;4283230122520;V067-TMT;Linearlager Schlitten SCS8;;5,46;Y;15;10;0;50;33;30;22;Y;Y;N;0,05;3,3;3;2,2;8483902090
91;D013-03;4283230973429;V067-TMT;Linearlager Schlitten Lang SCS20L;;15,26;Y;10;9;0;450;100;55;40;Y;Y;N;0,47;10;5,5;4;8483902090
90;C004-03;4283230953124;V067-TMT;Linearlager Schlitten Lang SCS16L;;13,64;Y;7;7;0;350;85;51;38;Y;Y;N;0,37;8,5;5,1;3,8;8483902090
89;M002-07;4283230122025;V067-TMT;Linearlager Schlitten Lang SCS12L;;11,87;Y;9;8;0;170;70;42;28;Y;Y;N;0,18;7;4,2;2,8;8483902090
88;M002-08;4283230122124;V067-TMT;Linearlager Schlitten Lang SCS10L;;9,46;Y;13;4;0;150;68;40;27;Y;Y;N;0,16;6,8;4;2,7;8483902090
87;M002-09;4283230122223;V067-TMT;Linearlager Schlitten Lang SCS8L;;7,94;Y;15;6;0;90;58;34;22;Y;Y;N;0,1;5,8;3,4;2,2;8483902090
32;0012-0001;4283230068620;;Schleifstein für Kreismesser rosa 120x10x6mm;;2;Y;6900;4800;0;20;120;10;6;Y;N;N;0,02;12;1;0,6;6804300000
23;0013-1080;4251840915658;;Kreismesser  - 1.4116 - 80C - glatt - 0013-1080  TG80-C - C01 - K011111;;84,03;N;0;0;0;50;0;0;0;Y;N;N;0,05;0;0;0;8208300000
